symbole,nom,prix
A,"Agilent Technologies, Inc. Common Stock",137.3300018310547
AA,Alcoa Corporation Common Stock ,45.5
AAAU,Perth Mint Physical Gold ETF,26.33009910583496
AACG,"ATA Creativity Global - American Depositary Shares, each representing two common shares",1.0099999904632568
AADR,AdvisorShares Dorsey Wright ADR ETF,65.55500030517578
AAL,"American Airlines Group, Inc. - Common Stock",14.045000076293945
AAME,Atlantic American Corporation - Common Stock,1.6699999570846558
AAOI,"Applied Optoelectronics, Inc. - Common Stock",16.31999969482422
AAON,"AAON, Inc. - Common Stock",119.83999633789062
AAP,Advance Auto Parts Inc Advance Auto Parts Inc W/I,39.09000015258789
AAPL,Apple Inc. - Common Stock,223.58999633789062
AAT,"American Assets Trust, Inc. Common Stock",28.049999237060547
AAXJ,iShares MSCI All Country Asia ex Japan Index Fund,76.54000091552734
AB,AllianceBernstein Holding L.P.  Units,38.154998779296875
ABBV,AbbVie Inc. Common Stock,201.44000244140625
ABCB,Ameris Bancorp - Common Stock,71.7300033569336
ABEO,Abeona Therapeutics Inc. - Common Stock,6.300000190734863
ABEQ,Absolute Core Strategy ETF,32.720001220703125
ABEV,Ambev S.A. American Depositary Shares (Each representing 1 Common Share),2.2149999141693115
ABG,Asbury Automotive Group Inc Common Stock,260.8900146484375
ABM,ABM Industries Incorporated Common Stock,57.11000061035156
ABR,Arbor Realty Trust Common Stock,15.199999809265137
ABT,Abbott Laboratories Common Stock,116.82499694824219
ABUS,Arbutus Biopharma Corporation - Common Stock,3.924999952316284
AC,"Associated Capital Group, Inc. Common Stock",36.4900016784668
ACA,"Arcosa, Inc. Common Stock ",103.6449966430664
ACAD,ACADIA Pharmaceuticals Inc. - Common Stock,15.78499984741211
ACB,Aurora Cannabis Inc. Common Shares,5.045000076293945
ACCO,Acco Brands Corporation Common Stock,6.010000228881836
ACEL,"Accel Entertainment, Inc. ",11.510199546813965
ACES,ALPS Clean Energy ETF,27.566999435424805
ACGL,Arch Capital Group Ltd. - Common Stock,101.20500183105469
ACGLO,"Arch Capital Group Ltd. - Depositary Shares Each Representing 1/1,000th Interest in a Share of5.45% Non-Cumulative Preferred Shares, Series F",23.270000457763672
ACHC,"Acadia Healthcare Company, Inc. - Common Stock",42.709999084472656
ACHV,"Achieve Life Sciences, Inc.  - Common Shares",5.099999904632568
ACIO,ETF Series Solutions Aptus Collared Income Opportunity ETF,40.631500244140625
ACIU,AC Immune SA - Common Stock,3.049999952316284
ACIW,"ACI Worldwide, Inc. - Common Stock",54.165000915527344
ACLS,"Axcelis Technologies, Inc. - Common Stock",88.55000305175781
ACM,AECOM Common Stock,114.58499908447266
ACMR,"ACM Research, Inc. - Class A Common Stock",18.909000396728516
ACN,Accenture plc Class A Ordinary Shares (Ireland),355.5899963378906
ACNB,ACNB Corporation - Common Stock,50.587100982666016
ACP,Aberdeen Income Credit Strategies Fund Common Shares,6.460000038146973
ACRE,Ares Commercial Real Estate Corporation Common Stock,6.485000133514404
ACRS,"Aclaris Therapeutics, Inc. - Common Stock",2.255000114440918
ACT,AdvisorShares Vice ETF,34.189998626708984
ACTG,Acacia Research Corporation - Common Stock,4.724999904632568
ACU,Acme United Corporation. Common Stock,42.0
ACV,AllianzGI Diversified Income & Convertible Fund Common Shares of Beneficial Interest,21.419200897216797
ACWI,iShares MSCI ACWI Index Fund,120.32499694824219
ACWV,iShares Edge MSCI Min Vol Global ETF,113.7300033569336
ACWX,iShares MSCI ACWI ex US Index Fund,54.7671012878418
ADAP,Adaptimmune Therapeutics plc - American Depositary Shares,0.8251000046730042
ADBE,Adobe Inc. - Common Stock,503.57000732421875
ADC,Agree Realty Corporation Common Stock,72.88999938964844
ADI,"Analog Devices, Inc. - Common Stock",226.89999389648438
ADIL,"Adial Pharmaceuticals, Inc - Common Stock",0.9998999834060669
ADM,Archer-Daniels-Midland Company Common Stock,53.63999938964844
ADMA,ADMA Biologics Inc - Common Stock,19.600000381469727
ADME,Aptus Drawdown Managed Equity ETF,47.279998779296875
ADNT,Adient plc Ordinary Shares ,19.780000686645508
ADP,"Automatic Data Processing, Inc. - Common Stock",306.1099853515625
ADPT,Adaptive Biotechnologies Corporation - Common Stock,5.730000019073486
ADSK,"Autodesk, Inc. - Common Stock",300.69500732421875
ADT,ADT Inc. Common Stock,7.570000171661377
ADTN,"ADTRAN, Inc. - Common Stock",6.320000171661377
ADUS,Addus HomeCare Corporation - Common Stock,131.63999938964844
ADVM,"Adverum Biotechnologies, Inc. - Common Stock",7.900000095367432
ADX,Adams Diversified Equity Fund Inc.,22.299999237060547
ADXN,Addex Therapeutics Ltd - American Depositary Shares,10.949999809265137
ADXS,"Advaxis, Inc. - Common Stock",0.027049999684095383
AE,"Adams Resources & Energy, Inc. Common Stock",28.0049991607666
AEE,Ameren Corporation Common Stock,87.91999816894531
AEF,"Aberdeen Emerging Markets Equity Income Fund, Inc. Common Stock",5.394999980926514
AEFC,Aegon Funding Company LLC 5.10% Subordinated Notes due 2049,21.799999237060547
AEG,AEGON N.V. Common Stock,6.65500020980835
AEHR,Aehr Test Systems - Common Stock,12.144499778747559
AEIS,"Advanced Energy Industries, Inc. - Common Stock",119.31500244140625
AEM,Agnico Eagle Mines Limited Common Stock,82.8499984741211
AEMD,"Aethlon Medical, Inc. - Common Stock",0.3968999981880188
AEO,"American Eagle Outfitters, Inc. Common Stock",19.190099716186523
AEP,"American Electric Power Company, Inc. Common Stock",96.7300033569336
AER,AerCap Holdings N.V. Ordinary Shares,98.19000244140625
AES,The AES Corporation Common Stock,14.140000343322754
AESR,Anfield U.S. Equity Sector Rotation ETF,17.520000457763672
AEYE,"AudioEye, Inc. - Common Stock",25.986000061035156
AFB,AllianceBernstein National Municipal Income Fund Inc,11.190099716186523
AFG,"American Financial Group, Inc. Common Stock",132.09500122070312
AFGC,"American Financial Group, Inc. 5.125% Subordinated Debentures due 2059",22.40019989013672
AFIF,Anfield Universal Fixed Income ETF,9.170000076293945
AFK,VanEck Vectors-Africa Index ETF,16.30500030517578
AFL,AFLAC Incorporated Common Stock,108.2699966430664
AFLG,First Trust Active Factor Large Cap ETF,34.97999954223633
AFMC,First Trust Active Factor Mid Cap ETF,33.84000015258789
AFMD,Affimed N.V. - Common Stock,3.640000104904175
AFSM,First Trust Active Factor Small Cap ETF,32.80009841918945
AFYA,Afya Limited - Class A Common Shares,17.959999084472656
AG,First Majestic Silver Corp. Ordinary Shares (Canada),6.500100135803223
AGCO,AGCO Corporation Common Stock,94.0250015258789
AGD,Aberdeen Global Dynamic Dividend Fund,10.274999618530273
AGEN,Agenus Inc. - Common Stock,4.260000228881836
AGG,iShares Core U.S. Aggregate Bond ETF,97.64700317382812
AGGY,WisdomTree Yield Enhanced U.S. Aggregate Bond Fund,43.31999969482422
AGI,Alamos Gold Inc. Class A Common Shares,19.395000457763672
AGIO,"Agios Pharmaceuticals, Inc. - Common Stock",50.79999923706055
AGM,Federal Agricultural Mortgage Corporation Common Stock,211.0699005126953
AGMH,AGM Group Holdings Inc. - Class A Ordinary Shares,1.8300000429153442
AGNC,AGNC Investment Corp. - Common Stock,9.39169979095459
AGNCM,AGNC Investment Corp. - Depositary Shares rep 6.875% Series D Fixed-to-Floating Cumulative Redeemable Preferred Stock,25.010000228881836
AGNCN,"AGNC Investment Corp. - Depositary Shares Each Representing a 1/1,000th Interest in a Share of 7.00% Series C Fixed-To-Floating Rate Cumulative Redeemable Preferred Stock",25.812400817871094
AGNCO,"AGNC Investment Corp. - Depositary Shares, each representing a 1/1,000th interest in a share of Series E Fixed-to-Floating Cumulative Redeemable Preferred Stock",25.350099563598633
AGNCP,"AGNC Investment Corp. - Depositary Shares Each Representing a 1/1,000th Interest in a Share of 6.125% Series F Fixed-to-Floating Rate Cumulative Redeemable Preferred Stock",24.813499450683594
AGO,Assured Guaranty Ltd. Common Stock,87.7300033569336
AGQ,ProShares Ultra Silver,39.59000015258789
AGR,"Avangrid, Inc. Common Stock",35.6150016784668
AGRO,Adecoagro S.A. Common Shares,11.515000343322754
AGS,"PlayAGS, Inc. Common Stock",11.640000343322754
AGX,"Argan, Inc. Common Stock",156.52000427246094
AGYS,"Agilysys, Inc. - Common Stock",114.68499755859375
AGZ,iShares  Agency Bond ETF,108.30000305175781
AGZD,WisdomTree Interest Rate Hedged U.S. Aggregate Bond Fund,22.440000534057617
AHCO,AdaptHealth Corp.  - Class A Common Stock,10.005000114440918
AHH,"Armada Hoffler Properties, Inc. Common Stock",11.244999885559082
AHT,Ashford Hospitality Trust Inc Common Stock,5.823999881744385
AI,Arlington Asset Investment Corp Class A (new),27.780000686645508
AIA,iShares Asia 50 ETF,71.9800033569336
AIEQ,AI Powered Equity ETF,39.861000061035156
AIG,"American International Group, Inc. New Common Stock",76.6050033569336
AIHS,Senmiao Technology Limited - Common Stock,0.95169997215271
AIM,AIM ImmunoTech Inc. Common Stock,0.24950000643730164
AIN,Albany International Corporation Common Stock,80.37000274658203
AIO,AllianzGI Artificial Intelligence & Technology Opportunities Fund Common Shares,22.8799991607666
AIQ,Global X Future Analytics Tech ETF,38.22999954223633
AIR,AAR Corp. Common Stock,65.41000366210938
AIRG,"Airgain, Inc. - Common Stock",9.640000343322754
AIRI,Air Industries Group Common Stock,6.039999961853027
AIRR,First Trust RBA American Industrial Renaissance ETF,83.98999786376953
AIRT,"Air T, Inc. - Common Stock",15.704999923706055
AIRTP,"Air T, Inc. - Trust Preferred Securities",17.883399963378906
AIT,"Applied Industrial Technologies, Inc. Common Stock",267.6199951171875
AIV,Apartment Investment and Management Company Common Stock,8.654999732971191
AIZ,"Assurant, Inc. Common Stock",206.66000366210938
AJG,Arthur J. Gallagher & Co. Common Stock,288.5799865722656
AJX,Great Ajax Corp. Common Stock,3.015000104904175
AKAM,"Akamai Technologies, Inc. - Common Stock",104.81999969482422
AKBA,"Akebia Therapeutics, Inc. - Common Stock",2.005000114440918
AKR,Acadia Realty Trust Common Stock,25.030000686645508
AKRO,"Akero Therapeutics, Inc. - Common Stock",35.58000183105469
AKTS,"Akoustis Technologies, Inc. - Common Stock",0.048900000751018524
AKTX,Akari Therapeutics Plc - American Depositary Shares,2.350600004196167
AL,Air Lease Corporation Class A Common Stock,46.90999984741211
ALB,Albemarle Corporation Common Stock,96.67500305175781
ALC,Alcon Inc. Ordinary Shares,91.5199966430664
ALCO,"Alico, Inc. - Common Stock",26.850000381469727
ALDX,"Aldeyra Therapeutics, Inc. - Common Stock",5.409999847412109
ALE,"Allete, Inc.",64.91999816894531
ALEC,"Alector, Inc. - Common Stock",5.303299903869629
ALEX,"Alexander & Baldwin, Inc. Common Stock REIT Holding Company",19.639999389648438
ALG,"Alamo Group, Inc. Common Stock",198.27999877929688
ALGN,"Align Technology, Inc. - Common Stock",224.42999267578125
ALGT,Allegiant Travel Company - Common Stock,73.66000366210938
ALK,"Alaska Air Group, Inc. Common Stock",51.86000061035156
ALKS,Alkermes plc - Ordinary Shares,29.40999984741211
ALL,Allstate Corporation (The) Common Stock,187.88499450683594
ALLE,Allegion plc Ordinary Shares,141.09500122070312
ALLK,Allakos Inc. - Common Stock,1.4199999570846558
ALLO,"Allogene Therapeutics, Inc. - Common Stock",3.244999885559082
ALLT,Allot Ltd. - Ordinary Shares,3.680000066757202
ALLY,Ally Financial Inc. Common Stock,37.654998779296875
ALNY,"Alnylam Pharmaceuticals, Inc. - Common Stock",272.5450134277344
ALOT,"AstroNova, Inc. - Common Stock",13.609999656677246
ALRM,"Alarm.com Holdings, Inc. - Common Stock",58.08000183105469
ALRN,"Aileron Therapeutics, Inc. - Common Stock",3.873800039291382
ALRS,Alerus Financial Corporation - Common Stock,22.649999618530273
ALSN,"Allison Transmission Holdings, Inc. Common Stock",117.69499969482422
ALT,"Altimmune, Inc. - Common Stock",7.270100116729736
ALTG,Alta Equipment Group Inc. Class A Common Stock,7.489999771118164
ALTM,Altus Midstream Company - Class A Common Stock,5.434999942779541
ALTR,Altair Engineering Inc. - Class A Common Stock,103.94000244140625
ALTS,ProShares Morningstar Alternatives Solution ETF,2.4600000381469727
ALTY,Global X SuperDividend Alternatives ETF,11.861000061035156
ALV,"Autoliv, Inc. Common Stock",94.27999877929688
ALX,"Alexander's, Inc. Common Stock",230.1999969482422
AM,Antero Midstream Corporation Common Stock,15.194999694824219
AMAL,Amalgamated Bank - Class A Common Stock,38.0
AMAT,"Applied Materials, Inc. - Common Stock",188.07000732421875
AMBA,"Ambarella, Inc. - Ordinary Shares",60.40999984741211
AMBC,"Ambac Financial Group, Inc. Common Stock",11.704999923706055
AMBO,"Ambow Education Holding Ltd. American Depository Shares, each representing two Class A ordinary shares",1.25
AMC,"AMC Entertainment Holdings, Inc. Class A Common Stock",4.60099983215332
AMCR,Amcor plc Ordinary Shares,10.225000381469727
AMCX,AMC Networks Inc. - Class A Common Stock,8.494999885559082
AMD,"Advanced Micro Devices, Inc. - Common Stock",145.47000122070312
AME,"AMETEK, Inc.",191.07000732421875
AMED,Amedisys Inc - Common Stock,97.77999877929688
AMG,"Affiliated Managers Group, Inc. Common Stock",185.44000244140625
AMGN,Amgen Inc. - Common Stock,321.7825012207031
AMH,American Homes 4 Rent Common Shares of Beneficial Interest,36.35499954223633
AMKR,"Amkor Technology, Inc. - Common Stock",27.540000915527344
AMLP,Alerian MLP ETF,48.44499969482422
AMN,AMN Healthcare Services Inc AMN Healthcare Services Inc,41.369998931884766
AMOM,QRAFT AI-Enhanced U.S. Large Cap Momentum ETF,44.54990005493164
AMP,"Ameriprise Financial, Inc. Common Stock",565.1024780273438
AMPE,"Ampio Pharmaceuticals, Inc.",0.00039999998989515007
AMPH,"Amphastar Pharmaceuticals, Inc. - Common Stock",53.76499938964844
AMPY,Amplify Energy Corp. Common Stock,7.21999979019165
AMRC,"Ameresco, Inc. Class A Common Stock",31.3700008392334
AMRK,"A-Mark Precious Metals, Inc. - Common Stock",37.54999923706055
AMRN,"Amarin Corporation plc - American Depositary Shares, each representing one Ordinary Share",0.592199981212616
AMRX,"Amneal Pharmaceuticals, Inc. Class A Common Stock",8.484999656677246
AMS,American Shared Hospital Services Common Stock,3.1882998943328857
AMSC,American Superconductor Corporation - Common Stock,28.639999389648438
AMSF,"AMERISAFE, Inc. - Common Stock",59.13999938964844
AMT,American Tower Corporation (REIT) Common Stock,198.42050170898438
AMTB,Amerant Bancorp Inc. - Class A Common Stock,24.190000534057617
AMTD,TD Ameritrade Holding Corporation - Common Stock,1.2599999904632568
AMTX,"Aemetis, Inc - Common Stock",2.875
AMUB,"ETRACS Alerian MLP Index ETN Series B due July 18, 2042",18.450000762939453
AMWD,American Woodmark Corporation - Common Stock,100.63999938964844
AMX,"America Movil, S.A.B. de C.V. American Depository Receipt Series L",16.125
AMZA,InfraCap MLP ETF,41.880001068115234
AMZN,"Amazon.com, Inc. - Common Stock",205.54200744628906
AN,"AutoNation, Inc. Common Stock",170.14999389648438
ANAB,"AnaptysBio, Inc. - Common Stock",22.44499969482422
ANDE,"The Andersons, Inc. - Common Stock",49.16999816894531
ANET,"Arista Networks, Inc. Common Stock",423.29998779296875
ANF,Abercrombie & Fitch Company Common Stock,135.5800018310547
ANGI,ANGI Homeservices Inc. - Class A Common Stock,2.5350000858306885
ANGL,VanEck Vectors Fallen Angel High Yield Bond ETF,28.899999618530273
ANGO,"AngioDynamics, Inc. - Common Stock",7.409999847412109
ANIK,Anika Therapeutics Inc. - Common Stock,17.459999084472656
ANIP,"ANI Pharmaceuticals, Inc. - Common Stock",58.43000030517578
ANIX,"Anixa Biosciences, Inc. - Common Stock",3.5
ANSS,"ANSYS, Inc. - Common Stock",334.7699890136719
ANTE,"AirNet Technology Inc. - American Depositary Shares, each representing ten ordinary shares",0.5299000144004822
ANVS,"Annovis Bio, Inc. Common Stock",8.5649995803833
ANY,Sphere 3D Corp. - Common Shares,1.184999942779541
AOA,iShares Core Aggressive Allocation ETF,78.44000244140625
AOD,Aberdeen Total Dynamic Dividend Fund Common Stock,8.831299781799316
AOK,iShares Core Conservative Allocation ETF,37.84519958496094
AOM,iShares Core Moderate Allocation ETF,44.189998626708984
AON,Aon plc Class A Ordinary Shares (Ireland),379.239990234375
AOR,iShares Core Growth Allocation ETF,58.540000915527344
AOS,A.O. Smith Corporation Common Stock,76.52999877929688
AOSL,Alpha and Omega Semiconductor Limited - Common Shares,27.56999969482422
AP,Ampco-Pittsburgh Corporation Common Stock,1.9049999713897705
APA,Apache Corporation Common Stock,24.864999771118164
APAM,Artisan Partners Asset Management Inc. Class A Common Stock,49.130001068115234
APD,"Air Products and Chemicals, Inc. Common Stock",307.55499267578125
APDN,"Applied DNA Sciences, Inc. - Common Stock",0.18050000071525574
APEI,"American Public Education, Inc. - Common Stock",16.90999984741211
APH,Amphenol Corporation Common Stock,71.83499908447266
APLE,"Apple Hospitality REIT, Inc. Common Shares",15.755000114440918
APLS,"Apellis Pharmaceuticals, Inc. - Common Stock",28.350000381469727
APLT,"Applied Therapeutics, Inc. - Common Stock",9.739999771118164
APM,Aptorum Group Limited - Class A Ordinary Shares,1.350000023841858
APO,"Apollo Global Management, Inc. Class A Common Stock",164.61000061035156
APOG,"Apogee Enterprises, Inc. - Common Stock",84.54499816894531
APPF,"AppFolio, Inc. - Class A Common Stock",229.10000610351562
APPN,Appian Corporation - Class A Common Stock,40.83000183105469
APPS,"Digital Turbine, Inc. - Common Stock",3.311000108718872
APRE,"Aprea Therapeutics, Inc. - Common Stock",4.08459997177124
APT,"Alpha Pro Tech, Ltd. Common Stock",5.666800022125244
APTO,"Aptose Biosciences, Inc. - Common Shares",0.39959999918937683
APTV,Aptiv PLC Ordinary Shares,54.13100051879883
APVO,Aptevo Therapeutics Inc. - Common Stock,0.2565000057220459
APWC,"Asia Pacific Wire & Cable Corporation Limited - Common shares, Par value .01 per share",1.7700999975204468
APYX,Apyx Medical Corporation - Common Stock,1.2200000286102295
AQB,"AquaBounty Technologies, Inc. - Common Stock",1.1200000047683716
AQMS,"Aqua Metals, Inc. - Common Stock",2.3350000381469727
AQN,Algonquin Power & Utilities Corp. Common Shares,4.789899826049805
AQNB,"Algonquin Power & Utilities Corp. 6.20% Fixed-to-Floating Subordinated Notes Series 2019-A due July 1, 2079",25.701000213623047
AQST,"Aquestive Therapeutics, Inc. - Common Stock",5.184999942779541
AR,Antero Resources Corporation Common Stock,28.774999618530273
ARAY,Accuray Incorporated - Common Stock,1.9850000143051147
ARC,"ARC Document Solutions, Inc. Common Stock",3.375
ARCB,ArcBest Corporation - Common Stock,120.6500015258789
ARCC,Ares Capital Corporation - Closed End Fund,21.434999465942383
ARCH,"Arch Coal, Inc. Class A Common Stock",168.6746063232422
ARCO,Arcos Dorados Holdings Inc. Class A Shares,8.664999961853027
ARCT,Arcturus Therapeutics Holdings Inc. - Common Stock,18.260000228881836
ARDC,"Ares Dynamic Credit Allocation Fund, Inc. Common Shares",14.904999732971191
ARDS,Aridis Pharmaceuticals Inc. - Common Stock,0.00019999999494757503
ARDX,"Ardelyx, Inc. - Common Stock",6.393400192260742
ARE,"Alexandria Real Estate Equities, Inc. Common Stock",112.80999755859375
AREC,American Resources Corporation - Class A Common Stock,1.0099999904632568
ARES,Ares Management Corporation Class A Common Stock,172.55999755859375
ARGD,"Argo Group International Holdings, Ltd. 6.5% Senior Notes Due 2042",22.148300170898438
ARGT,Global X MSCI Argentina ETF,76.54000091552734
ARGX,argenx SE - American Depositary Shares,589.3499755859375
ARI,"Apollo Commercial Real Estate Finance, Inc",9.085000038146973
ARKF,ARK Fintech Innovation ETF,33.875
ARKG,ARK Genomic Revolution ETF,25.5
ARKK,ARK Innovation ETF,52.084999084472656
ARKQ,ARK Autonomous Technology & Robotics ETF,65.8125991821289
ARKR,Ark Restaurants Corp. - Common Stock,10.630000114440918
ARKW,ARK Next Generation Internet ETF,96.0250015258789
ARL,"American Realty Investors, Inc. Common Stock",15.0
ARLO,"Arlo Technologies, Inc. Common Stock",11.71500015258789
ARLP,"Alliance Resource Partners, L.P. - Common Units Representing Limited Partnership Interests",27.639999389648438
ARMK,Aramark Common Stock,39.005001068115234
ARMP,"Armata Pharmaceuticals, Inc. Common Stock",2.25
AROC,"Archrock, Inc. Common Stock",22.985000610351562
AROW,Arrow Financial Corporation - Common Stock,33.04999923706055
ARQT,"Arcutis Biotherapeutics, Inc. - Common stock",9.725000381469727
ARR,"ARMOUR Residential REIT, Inc.",18.725000381469727
ARTL,"Artelo Biosciences, Inc. - Common Stock",1.232800006866455
ARTNA,Artesian Resources Corporation - Class A Non-Voting Common Stock,36.54999923706055
ARTW,"Art's-Way Manufacturing Co., Inc. - Common Stock",1.690000057220459
ARVN,"Arvinas, Inc. - Common Stock",28.299999237060547
ARW,"Arrow Electronics, Inc. Common Stock",122.58999633789062
ARWR,"Arrowhead Pharmaceuticals, Inc. - Common Stock",21.420000076293945
ASA,ASA  Gold and Precious Metals Limited,21.229999542236328
ASB,Associated Banc-Corp Common Stock,28.024999618530273
ASC,Ardmore Shipping Corporation Common Stock,13.295000076293945
ASEA,Global X FTSE Southeast Asia ETF,16.583999633789062
ASET,FlexShares Real Assets Allocation Index Fund,31.639999389648438
ASG,"Liberty All-Star Growth Fund, Inc.",5.82889986038208
ASGN,ASGN Incorporated Common Stock,101.0199966430664
ASH,Ashland Global Holdings Inc. Common Stock,87.66310119628906
ASHR,Xtrackers Harvest CSI 300 China A-Shares ETF,28.100000381469727
ASHS,Xtrackers Harvest CSI 500 China A-Shares Small Cap ETF,30.450000762939453
ASIX,AdvanSix Inc. Common Stock ,31.729999542236328
ASM,Avino Silver & Gold Mines Ltd. Common Shares (Canada),1.1749999523162842
ASMB,"Assembly Biosciences, Inc. - Common Stock",16.700000762939453
ASML,ASML Holding N.V. - New York Registry Shares,663.2000122070312
ASND,Ascendis Pharma A/S - American Depositary Shares,127.23999786376953
ASPN,"Aspen Aerogels, Inc. Common Stock",16.885000228881836
ASPS,Altisource Portfolio Solutions S.A. - Common Stock,1.0
ASPU,Aspen Group Inc. - Common Stock,0.007000000216066837
ASR,"Grupo Aeroportuario del Sureste, S.A. de C.V. Common Stock",265.5199890136719
ASRT,"Assertio Therapeutics, Inc. - Common Stock",1.024999976158142
ASRV,AmeriServ Financial Inc. - Common Stock,2.890000104904175
ASTC,Astrotech Corporation - Common Stock,6.900000095367432
ASTE,"Astec Industries, Inc. - Common Stock",37.68000030517578
ASUR,Asure Software Inc - Common Stock,9.609999656677246
ASX,"ASE Technology Holding Co., Ltd. American Depositary Shares (each representing Two Common Shares) ",9.704999923706055
ASYS,"Amtech Systems, Inc. - Common Stock",5.510000228881836
ATEC,"Alphatec Holdings, Inc. - Common Stock",8.930000305175781
ATEN,"A10 Networks, Inc. Common Stock",15.21500015258789
ATEX,Anterix Inc. - Common Stock,35.0
ATGE,Adtalem Global Education Inc. Common Stock,88.5999984741211
ATHE,Alterity Therapeutics Limited - American Depositary Shares,1.219599962234497
ATHM,"Autohome Inc. American Depositary Shares, each representing one class A ordinary share.",28.170000076293945
ATI,Allegheny Technologies Incorporated Common Stock,57.51499938964844
ATIF,ATIF Holdings Limited - Ordinary Shares,0.800000011920929
ATKR,Atkore International Group Inc. Common Stock,104.43000030517578
ATLC,Atlanticus Holdings Corporation - Common Stock,41.6349983215332
ATLO,Ames National Corporation - Common Stock,18.079999923706055
ATMP,iPath Select MLP ETN,28.0
ATNI,"ATN International, Inc. - Common Stock",22.71299934387207
ATNM,"Actinium Pharmaceuticals, Inc. (Delaware) Common Stock",1.8899999856948853
ATO,Atmos Energy Corporation Common Stock,138.86000061035156
ATOM,Atomera Incorporated - Common Stock,4.570000171661377
ATOS,"Atossa Therapeutics, Inc. - Common Stock",1.465000033378601
ATR,"AptarGroup, Inc. Common Stock",173.5500030517578
ATRA,"Atara Biotherapeutics, Inc. - Common Stock",10.079999923706055
ATRC,"AtriCure, Inc. - Common Stock",37.400001525878906
ATRO,Astronics Corporation - Common Stock,20.61520004272461
ATSG,"Air Transport Services Group, Inc - Common Stock",22.0
ATUS,"Altice USA, Inc. Class A Common Stock",2.634999990463257
ATXI,"Avenue Therapeutics, Inc. - Common Stock",2.299999952316284
AU,AngloGold Ashanti Limited Common Stock,26.200000762939453
AUB,Atlantic Union Bankshares Corporation - Common Stock,42.959999084472656
AUBN,"Auburn National Bancorporation, Inc. - Common Stock",22.18320083618164
AUDC,AudioCodes Ltd. - Ordinary Shares,7.900000095367432
AUMN,Golden Minerals Company Common Stock,0.31040000915527344
AUPH,Aurinia Pharmaceuticals Inc - Common Shares,7.505000114440918
AUSF,Global X Funds Global X Adaptive U.S. Factor ETF,44.380001068115234
AUTL,Autolus Therapeutics plc - American Depositary Shares,3.5701000690460205
AVA,Avista Corporation Common Stock,37.39400100708008
AVAL,Grupo Aval Acciones y Valores S.A. ADR (Each representing 20 preferred shares),2.002500057220459
AVAV,"AeroVironment, Inc. - Common Stock",214.0
AVB,"AvalonBay Communities, Inc. Common Stock",225.0399932861328
AVD,American Vanguard Corporation Common Stock ($0.10 Par Value),5.59499979019165
AVDE,Avantis International Equity ETF,63.9900016784668
AVDL,Avadel Pharmaceuticals plc - American Depositary Shares each representing one Ordinary Share,15.260000228881836
AVDV,Avantis International Small Cap Value ETF,67.09500122070312
AVEM,Avantis Emerging Markets Equity ETF,62.90510177612305
AVGO,Broadcom Inc. - Common Stock,179.7100067138672
AVGR,"Avinger, Inc. - Common Stock",0.8399999737739563
AVK,Advent Convertible and Income Fund,11.484999656677246
AVNS,"Avanos Medical, Inc. Common Stock",20.862499237060547
AVNW,"Aviat Networks, Inc. - Common Stock",14.069999694824219
AVT,"Avnet, Inc. - Common Stock",57.26499938964844
AVTR,"Avantor, Inc. Common Stock",23.065000534057617
AVUS,Avantis U.S. Equity ETF,99.45999908447266
AVUV,Avantis U.S. Small Cap Value ETF,104.31819915771484
AVXL,Anavex Life Sciences Corp. - Common Stock,7.789999961853027
AVY,Avery Dennison Corporation Common Stock,204.5
AWAY,ETFMG Travel Tech ETF,21.079999923706055
AWF,Alliancebernstein Global High Income Fund,10.989999771118164
AWI,Armstrong World Industries Inc Common Stock,153.8000030517578
AWK,"American Water Works Company, Inc. Common Stock",133.76499938964844
AWP,Aberdeen Global Premier Properties Fund Common Shares of Beneficial Interest,4.215000152587891
AWR,American States Water Company Common Stock,85.94000244140625
AWRE,"Aware, Inc. - Common Stock",1.6324000358581543
AWX,Avalon Holdings Corporation Common Stock,2.7100000381469727
AX,"Axos Financial, Inc. Common Stock",82.12000274658203
AXDX,"Accelerate Diagnostics, Inc. - Common Stock",2.0
AXGN,"Axogen, Inc. - Common Stock",15.194999694824219
AXL,"American Axle & Manufacturing Holdings, Inc. Common Stock",6.215000152587891
AXNX,"Axonics Modulation Technologies, Inc. - Common Stock",70.4800033569336
AXP,American Express Company Common Stock,295.4150085449219
AXR,AMREP Corporation Common Stock,31.520000457763672
AXS,Axis Capital Holdings Limited Common Stock,83.15499877929688
AXSM,"Axsome Therapeutics, Inc. - Common Stock",90.61000061035156
AXTA,Axalta Coating Systems Ltd. Common Shares,39.540000915527344
AXTI,AXT Inc - Common Stock,2.125
AY,Atlantica Yield plc - Ordinary Shares,22.084999084472656
AYI,"Acuity Brands, Inc. ",321.9200134277344
AYTU,"Aytu BioScience, Inc. - Common Stock",1.8308000564575195
AZN,Astrazeneca PLC Common Stock,63.91899871826172
AZO,"AutoZone, Inc. Common Stock",3218.320068359375
AZPN,"Aspen Technology, Inc. - Common Stock",244.5
AZUL,Azul S.A. American Depositary Shares (each representing three preferred shares),2.8450000286102295
AZZ,AZZ Inc.,84.73999786376953
B,"Barnes Group, Inc. Common Stock",46.6150016784668
BA,Boeing Company (The) Common Stock,148.4423065185547
BAB,Invesco Taxable Municipal Bond ETF,26.539899826049805
BABA,Alibaba Group Holding Limited American Depositary Shares each representing eight Ordinary share,96.36000061035156
BAC,Bank of America Corporation Common Stock,45.244998931884766
BAH,Booz Allen Hamilton Holding Corporation Common Stock,181.67999267578125
BAK,Braskem SA ADR,6.125
BAM,Brookfield Asset Management Inc. Common Stock,56.65999984741211
BANC,"Banc of California, Inc. Common Stock",16.65999984741211
BAND,Bandwidth Inc. - Class A Common Stock,20.219999313354492
BANF,BancFirst Corporation - Common Stock,126.94999694824219
BANFP,BancFirst Corporation - 7.2% Cumulative Trust Preferred Securities,25.579999923706055
BANR,Banner Corporation - Common Stock,75.23999786376953
BANX,StoneCastle Financial Corp - Common Stock,20.719999313354492
BAP,Credicorp Ltd. Common Stock,183.4149932861328
BAPR,Innovator S&P 500 Buffer ETF - April ,44.22999954223633
BAR,GraniteShares Gold Trust Shares of Beneficial Interest,26.27989959716797
BATL,Battalion Oil Corporation Common Stock,6.75
BATRA,Liberty Media Corporation - Series A Liberty Braves Common Stock,44.39500045776367
BATRK,Liberty Media Corporation - Series C Liberty Braves Common Stock,41.810001373291016
BATT,Amplify Advanced Battery Metals and Materials ETF,9.229999542236328
BAUG,Innovator S&P 500 Buffer ETF - August,43.54999923706055
BAX,Baxter International Inc. Common Stock,36.0
BB,BlackBerry Limited Common Stock,2.2850000858306885
BBAR,Banco BBVA Argentina S.A. ADS,15.164999961853027
BBAX,JPMorgan BetaBuilders Developed Asia-ex Japan ETF ,51.310001373291016
BBC,Virtus LifeSci Biotech Clinical Trials ETF,29.94499969482422
BBCA,JPMorgan BetaBuilders Canada ETF ,72.41000366210938
BBCP,"Concrete Pumping Holdings, Inc.  - Common Stock",5.840000152587891
BBD,Banco Bradesco Sa American Depositary Shares,2.411600112915039
BBDC,"Barings BDC, Inc. Common Stock",9.756699562072754
BBDO,Banco Bradesco Sa American Depositary Shares (each representing one Common Share),2.148699998855591
BBEU,JPMorgan BetaBuilders Europe ETF ,58.36000061035156
BBGI,"Beasley Broadcast Group, Inc. - Class A Common Stock",10.109999656677246
BBH,VanEck Vectors Biotech ETF,172.4409942626953
BBIN,JPMorgan BetaBuilders International Equity ETF,59.4900016784668
BBIO,"BridgeBio Pharma, Inc. - Common Stock",25.81999969482422
BBJP,JPMorgan BetaBuilders Japan ETF ,57.459999084472656
BBN,BlackRock Taxable Municipal Bond Trust Common Shares of Beneficial Interest,16.520000457763672
BBP,Virtus LifeSci Biotech Products ETF,66.30999755859375
BBRE,JPMorgan BetaBuilders MSCI U.S. REIT ETF ,97.37010192871094
BBSI,"Barrett Business Services, Inc. - Common Stock",40.60499954223633
BBU,Brookfield Business Partners L.P. Limited Partnership Units ,24.399999618530273
BBUS,JPMorgan BetaBuilders U.S. Equity ETF,106.95999908447266
BBVA,Banco Bilbao Vizcaya Argentaria S.A. Common Stock,9.635000228881836
BBW,"Build-A-Bear Workshop, Inc. Common Stock",38.599998474121094
BBY,"Best Buy Co., Inc. Common Stock",89.19000244140625
BC,Brunswick Corporation Common Stock,86.1449966430664
BCBP,"BCB Bancorp, Inc. (NJ) - Common Stock",13.020000457763672
BCC,"Boise Cascade, L.L.C. Common Stock",141.031005859375
BCD,Aberdeen Standard Bloomberg All Commodity Longer Dated Strategy K-1 Free ETF,32.220001220703125
BCDA,"BioCardia, Inc. - Common Stock",2.414599895477295
BCE,"BCE, Inc. Common Stock",28.485000610351562
BCH,Banco De Chile Banco De Chile ADS,23.549999237060547
BCI,Aberdeen Standard Bloomberg All Commodity Strategy K-1 Free ETF,20.11989974975586
BCLI,Brainstorm Cell Therapeutics Inc. - Common Stock,1.6100000143051147
BCML,BayCom Corp - Common Stock,27.84000015258789
BCO,Brinks Company (The) Common Stock,101.79499816894531
BCOV,Brightcove Inc. - Common Stock,2.6500000953674316
BCOW,"1895 Bancorp of Wisconsin, Inc. - Common Stock",10.18280029296875
BCPC,Balchem Corporation - Common Stock,184.0399932861328
BCRX,"BioCryst Pharmaceuticals, Inc. - Common Stock",7.650000095367432
BCS,Barclays PLC Common Stock,13.454999923706055
BCSF,"Bain Capital Specialty Finance, Inc. Common Stock",16.864999771118164
BCTF,"Bancorp 34, Inc. - Common Stock",11.5
BCV,"Bancroft Fund, Ltd.",17.32430076599121
BCX,BlackRock Resources Common Shares of Beneficial Interest,9.604999542236328
BCYC,Bicycle Therapeutics plc - American Depositary Shares,23.760000228881836
BDC,Belden Inc Common Stock,131.30999755859375
BDCZ,"ETRACS Wells Fargo Business Development Company Index ETN Series B due April 26, 2041",18.67009925842285
BDEC,Innovator S&P 500 Buffer ETF - December,43.584999084472656
BDJ,Blackrock Enhanced Equity Dividend Trust,8.850799560546875
BDL,"Flanigan's Enterprises, Inc. Common Stock",25.372499465942383
BDN,Brandywine Realty Trust Common Stock,5.454999923706055
BDRY,Breakwave Dry Bulk Shipping ETF,7.749300003051758
BDTX,"Black Diamond Therapeutics, Inc. - Common Stock",3.2850000858306885
BDX,"Becton, Dickinson and Company Common Stock",239.27499389648438
BE,Bloom Energy Corporation Class A Common Stock,10.885000228881836
BEAM,Beam Therapeutics Inc. - Common Stock,26.790000915527344
BEAT,"BioTelemetry, Inc. - Common Stock",2.4900999069213867
BECN,"Beacon Roofing Supply, Inc. - Common Stock",101.15499877929688
BEDU,"Bright Scholar Education Holdings Limited American Depositary Shares, each  representing one Class A Ordinary Share",1.899999976158142
BELFA,Bel Fuse Inc. - Class A Common Stock,103.46499633789062
BELFB,Bel Fuse Inc. - Class B Common Stock,81.58000183105469
BEN,"Franklin Resources, Inc. Common Stock",21.524999618530273
BEP,Brookfield Renewable Partners L.P. ,25.264999389648438
BERY,"Berry Global Group, Inc. Common Stock",67.18000030517578
BEST,"BEST Inc. American Depositary Shares, each representing one Class A Ordinary Share",2.7000999450683594
BFAM,Bright Horizons Family Solutions Inc. Common Stock,115.91000366210938
BFC,Bank First Corporation - Common Stock,108.0
BFEB,Innovator S&P 500 Buffer ETF - February,42.59000015258789
BFIN,BankFinancial Corporation - Common Stock,12.25
BFK,BlackRock Municipal Income Trust,10.104999542236328
BFOR,Barron's 400,76.51899719238281
BFS,"Saul Centers, Inc. Common Stock",41.07500076293945
BFST,"Business First Bancshares, Inc. - Common Stock",29.575000762939453
BFZ,BlackRock California Municipal Income Trust,11.600000381469727
BG,Bunge Limited Bunge Limited,86.30999755859375
BGB,Blackstone / GSO Strategic Credit Fund Common Shares,12.232099533081055
BGFV,Big 5 Sporting Goods Corporation - Common Stock,1.8550000190734863
BGH,Barings Global Short Duration High Yield Fund Common Shares of Beneficial Interests,15.369999885559082
BGI,Birks Group Inc. Common Stock,2.1500000953674316
BGNE,"BeiGene, Ltd. - American Depositary Shares",203.1699981689453
BGR,BlackRock Energy and Resources Trust,13.609999656677246
BGRN,iShares Global Green Bond ETF,47.02000045776367
BGS,"B&G Foods, Inc. B&G Foods, Inc. Common Stock",7.15880012512207
BGSF,BG Staffing Inc Common Stock,7.724999904632568
BGT,BlackRock Floating Rate Income Trust,12.984000205993652
BGX,Blackstone GSO Long Short Credit Income Fund Common Shares,12.675200462341309
BGY,Blackrock Enhanced International Dividend Trust,5.474999904632568
BH,Biglari Holdings Inc. Class B Common Stock,179.97189331054688
BHAT,Blue Hat Interactive Entertainment Technology - Ordinary Shares,0.25450000166893005
BHB,"Bar Harbor Bankshares, Inc. Common Stock",38.29999923706055
BHC,Bausch Health Companies Inc. Common Stock,9.524999618530273
BHE,"Benchmark Electronics, Inc. Common Stock",51.54499816894531
BHF,"Brighthouse Financial, Inc. - Common Stock",52.654998779296875
BHFAL,"Brighthouse Financial, Inc. - 6.25% Junior Subordinated Debentures due 2058",25.059999465942383
BHFAP,"Brighthouse Financial, Inc. - Depositary Shares 6.6% Non-Cumulative Preferred Stock, Series A",25.110000610351562
BHK,Blackrock Core Bond Trust Blackrock Core Bond Trust,11.4399995803833
BHLB,"Berkshire Hills Bancorp, Inc. Common Stock",31.420000076293945
BHP,BHP Group Limited American Depositary Shares (Each representing two Ordinary Shares),55.86000061035156
BHR,Braemar Hotels & Resorts Inc. Common Stock,2.944999933242798
BHV,BlackRock Virginia Municipal Bond Trust,10.986800193786621
BHVN,Biohaven Pharmaceutical Holding Company Ltd. Common Shares,54.18000030517578
BIB,ProShares Ultra Nasdaq Biotechnology,64.20500183105469
BIBL,Inspire 100 ETF,41.59769821166992
BIDU,"Baidu, Inc. - American Depositary Shares, each representing one tenth Class A ordinary share",90.87000274658203
BIIB,Biogen Inc. - Common Stock,174.33999633789062
BIL,SPDR Bloomberg Barclays 1-3 Month T-Bill ETF,91.51200103759766
BILI,Bilibili Inc. - American Depositary Shares,22.184999465942383
BILL,"Bill.com Holdings, Inc. Common Stock",64.08100128173828
BIMI,BOQI International Medical Inc. - Common Stock,0.019999999552965164
BIO,"Bio-Rad Laboratories, Inc. Class A Common Stock",372.760009765625
BIOX,Bioceres Crop Solutions Corp. Ordinary Shares,6.457499980926514
BIP,Brookfield Infrastructure Partners LP Limited Partnership Units,34.52000045776367
BIS,ProShares UltraShort Nasdaq Biotechnology,14.890000343322754
BIT,BlackRock Multi-Sector Income Trust Common Shares of Beneficial Interest,14.864999771118164
BIV,Vanguard Intermediate-Term Bond ETF,75.26000213623047
BIZD,VanEck Vectors BDC Income ETF,16.315000534057617
BJ,"BJ's Wholesale Club Holdings, Inc. Common Stock",89.05000305175781
BJAN,Innovator S&P 500 Buffer ETF - January,47.290000915527344
BJK,VanEck Vectors Gaming ETF,43.22999954223633
BJRI,"BJ's Restaurants, Inc. - Common Stock",36.849998474121094
BJUL,Innovator ETFs Trust Innovator S&P 500 Buffer ETF - July,44.59000015258789
BJUN,Innovator S&P 500 Buffer ETF - June,41.400001525878906
BK,The Bank of New York Mellon Corporation Common Stock,78.45999908447266
BKD,Brookdale Senior Living Inc. Common Stock,6.46999979019165
BKE,"Buckle, Inc. (The) Common Stock",45.69499969482422
BKF,iShares MSCI BRIC Index Fund,39.366798400878906
BKH,Black Hills Corporation Common Stock,60.650001525878906
BKLN,Invesco Senior Loan ETF,21.09000015258789
BKN,BlackRock Investment Quality Municipal Trust Inc. (The),12.15999984741211
BKNG,Booking Holdings Inc. - Common Stock,4995.93017578125
BKR,Baker Hughes Company Class A Common Stock,43.02000045776367
BKSC,Bank of South Carolina Corp. - Common Stock,13.069999694824219
BKT,BlackRock Income Trust Inc. (The),11.770899772644043
BKTI,BK Technologies Corporation Common Stock,27.915000915527344
BKU,"BankUnited, Inc. Common Stock",40.15999984741211
BKYI,"BIO-key International, Inc. - Common Stock",1.1699999570846558
BL,"BlackLine, Inc. - Common Stock",58.869998931884766
BLBD,Blue Bird Corporation - Common Stock,41.33000183105469
BLCN,Reality Shares Nasdaq NextGen Economy ETF,26.540000915527344
BLD,TopBuild Corp. Common Stock,371.5899963378906
BLDP,"Ballard Power Systems, Inc. - Common Shares",1.3300000429153442
BLDR,"Builders FirstSource, Inc. - Common Stock",176.5800018310547
BLE,BlackRock Municipal Income Trust II,10.680000305175781
BLES,Inspire Global Hope ETF,38.9906005859375
BLFS,"BioLife Solutions, Inc. - Common Stock",26.540000915527344
BLIN,"Bridgeline Digital, Inc. - Common Stock",1.1699999570846558
BLK,"BlackRock, Inc. Common Stock",1032.4200439453125
BLKB,"Blackbaud, Inc. - Common Stock",83.08499908447266
BLMN,"Bloomin' Brands, Inc. - Common Stock",17.145000457763672
BLNK,Blink Charging Co. - Common Stock,1.9140000343322754
BLOK,Amplify Transformational Data Sharing ETF,44.040000915527344
BLPH,"Bellerophon Therapeutics, Inc. - Common Stock",0.03700000047683716
BLRX,BioLineRx Ltd. - American Depositary Shares,0.44999998807907104
BLUE,"bluebird bio, Inc. - Common Stock",0.43700000643730164
BLV,Vanguard Long-Term Bond ETF,70.25
BLW,Blackrock Limited Duration Income Trust,14.279999732971191
BLX,"Banco Latinoamericano de Comercio Exterior, S.A.",34.25
BMA,Banco Macro S.A.  ADR (representing Ten Class B Common Shares),82.20999908447266
BMAR,Innovator S&P 500 Buffer ETF - March,45.867000579833984
BME,Blackrock Health Sciences Trust,40.41999816894531
BMEZ,BlackRock Health Sciences Trust II Common Shares of Beneficial Interest,15.84000015258789
BMI,"Badger Meter, Inc. Common Stock",224.2899932861328
BMO,Bank Of Montreal Common Stock,93.08000183105469
BMRA,"Biomerica, Inc. - Common Stock",0.3700000047683716
BMRC,Bank of Marin Bancorp - Common Stock,26.0049991607666
BMRN,BioMarin Pharmaceutical Inc. - Common Stock,65.91999816894531
BMY,Bristol-Myers Squibb Company Common Stock,55.29499816894531
BND,Vanguard Total Bond Market ETF,72.45500183105469
BNDC,FlexShares Core Select Bond Fund,22.020000457763672
BNDW,Vanguard Total World Bond ETF,68.87999725341797
BNDX,Vanguard Total International Bond ETF,49.665000915527344
BNED,"Barnes & Noble Education, Inc Common Stock",9.658699989318848
BNGO,"Bionano Genomics, Inc. - Common Stock",0.2980000078678131
BNO,"United States Brent Oil Fund, LP ETV",29.93000030517578
BNOV,Innovator S&P 500 Buffer ETF - November,39.29010009765625
BNS,Bank Nova Scotia Halifax Pfd 3 Ordinary Shares,53.14500045776367
BNTC,Benitec Biopharma Limited - American Depositary Shares,10.550000190734863
BNTX,BioNTech SE - American Depositary Shares,106.9800033569336
BNY,BlackRock New York Municipal Income Trust,10.489700317382812
BOCT,Innovator S&P 500 Buffer ETF - October,43.27000045776367
BOE,Blackrock Enhanced Global Dividend Trust Common Shares of Beneficial Interest,11.119999885559082
BOH,Bank of Hawaii Corporation Common Stock,80.36039733886719
BOIL,ProShares Ultra Bloomberg Natural Gas,7.649600028991699
BOKF,BOK Financial Corporation - Common Stock,118.48999786376953
BOND,PIMCO Active Bond Exchange-Traded Fund Exchange-Traded Fund,90.98760223388672
BOOM,DMC Global Inc. - Common Stock,9.899999618530273
BOOT,"Boot Barn Holdings, Inc. Common Stock",127.80500030517578
BORR,Borr Drilling Limited Common Shares,4.425099849700928
BOSC,B.O.S. Better Online Solutions - Ordinary Shares,2.933799982070923
BOTJ,"Bank of the James Financial Group, Inc. - Common Stock",13.399999618530273
BOTZ,Global X Robotics & Artificial Intelligence ETF,33.29499816894531
BOUT,Innovator IBD Breakout Opportunities ETF,38.880001068115234
BOX,"Box, Inc. Class A Common Stock",33.494998931884766
BOXL,Boxlight Corporation - Class A Common Stock,0.5250999927520752
BP,BP p.l.c. Common Stock,30.204999923706055
BPMC,Blueprint Medicines Corporation - Common Stock,99.91000366210938
BPOP,"Popular, Inc. - Common Stock",98.97000122070312
BPOPM,"Popular, Inc. - Popular Capital Trust II - 6.125% Cumulative Monthly Income Trust Preferred Securities",25.795000076293945
BPRN,The Bank of Princeton - Common Stock,38.84000015258789
BPT,BP Prudhoe Bay Royalty Trust Common Stock,1.1101000308990479
BPTH,"Bio-Path Holdings, Inc. - Common Stock",0.8600000143051147
BPYPN,"Brookfield Property Partners L.P. - 5.750% Class A Cumulative Redeemable Perpetual Preferred Units, Series 3",14.569999694824219
BPYPO,"Brookfield Property Partners L.P. - 6.375% Class A Cumulative Redeemable Perpetual Preferred Units, Series 2",16.75
BPYPP,Brookfield Property Partners L.P. - 6.50% Class A Cumulative Redeemable Perpetual Preferred Units,16.959999084472656
BR,"Broadridge Financial Solutions, Inc.Common Stock",218.48500061035156
BRBR,"BellRing Brands, Inc. Class A Common Stock",68.24500274658203
BRBS,"Blue Ridge Bankshares, Inc. Common Stock",3.1449999809265137
BRC,Brady Corporation Common Stock,75.88999938964844
BRF,VanEck Vectors Brazil Small-Cap ETF,14.119999885559082
BRFS,BRF S.A.,4.610000133514404
BRID,Bridgford Foods Corporation - Common Stock,9.109999656677246
BRKL,"Brookline Bancorp, Inc. - Common Stock",12.479999542236328
BRKR,Bruker Corporation - Common Stock,59.474998474121094
BRN,"Barnwell Industries, Inc. Common Stock",1.909999966621399
BRO,"Brown & Brown, Inc. Common Stock",110.20999908447266
BROG,Brooge Holdings Limited  - Ordinary Shares,1.559999942779541
BRT,BRT Apartments Corp. (MD) Common Stock,18.0
BRX,Brixmor Property Group Inc. Common Stock,28.420000076293945
BRY,Berry Corporation (bry) - Common Stock,5.59499979019165
BRZU,Direxion Daily Brazil Bull 2X Shares,63.86000061035156
BSAC,Banco Santander - Chile ADS,19.860000610351562
BSBK,Bogota Financial Corp. - Common Stock,8.25
BSBR,"Banco Santander Brasil SA American Depositary Shares, each representing one unit",4.784999847412109
BSCO,Invesco BulletShares 2024 Corporate Bond ETF,21.145000457763672
BSCP,Invesco BulletShares 2025 Corporate Bond ETF,20.645000457763672
BSCQ,Invesco BulletShares 2026 Corporate Bond ETF,19.434999465942383
BSCR,Invesco BulletShares 2027 Corporate Bond ETF,19.5049991607666
BSCS,Invesco BulletShares 2028 Corporate Bond ETF,20.21809959411621
BSCT,Invesco BulletShares 2029 Corporate Bond ETF,18.415000915527344
BSEP,Innovator ETFs Trust Innovator S&P 500 Buffer ETF - September,42.904998779296875
BSET,"Bassett Furniture Industries, Incorporated - Common Stock",15.039999961853027
BSGM,"BioSig Technologies, Inc. - Common Stock",1.690000057220459
BSIG,BrightSphere Investment Group Inc. Common Stock,29.81999969482422
BSJO,Invesco BulletShares 2024 High Yield Corporate Bond ETF,22.670900344848633
BSJP,Invesco BulletShares 2025 High Yield Corporate Bond ETF,23.155000686645508
BSJQ,Invesco BulletShares 2026 High Yield Corporate Bond ETF,23.44070053100586
BSJR,Invesco BulletShares 2027 High Yield Corporate Bond ETF,22.604999542236328
BSL,Blackstone GSO Senior Floating Rate Term Fund Common Shares of Beneficial Interest,14.170000076293945
BSM,"Black Stone Minerals, L.P. Common units representing limited partner interests",15.129199981689453
BSMO,Invesco BulletShares 2024 Municipal Bond ETF,24.790000915527344
BSMP,Invesco BulletShares 2025 Municipal Bond ETF,24.455900192260742
BSMQ,Invesco BulletShares 2026 Municipal Bond ETF,23.510000228881836
BSMR,Invesco BulletShares 2027 Municipal Bond ETF,23.584999084472656
BSMS,Invesco BulletShares 2028 Municipal Bond ETF,23.280099868774414
BSMT,Invesco BulletShares 2029 Municipal Bond ETF,22.83099937438965
BSRR,Sierra Bancorp - Common Stock,34.79050064086914
BST,BlackRock Science and Technology Trust Common Shares of Beneficial Interest,36.7599983215332
BSTZ,BlackRock Science and Technology Trust II Common Shares of Beneficial Interest,20.93000030517578
BSV,Vanguard Short-Term Bond ETF,77.29499816894531
BSVN,Bank7 Corp. - Common stock,47.30500030517578
BSX,Boston Scientific Corporation Common Stock,86.48500061035156
BTA,BlackRock Long-Term Municipal Advantage Trust BlackRock Long-Term Municipal Advantage Trust Common Shares of Beneficial Interest,10.34000015258789
BTAI,"BioXcel Therapeutics, Inc. - Common Stock",0.722000002861023
BTAL,AGFiQ U.S. Market Neutral Anti-Beta Fund,19.3700008392334
BTE,Baytex Energy Corp,3.1638998985290527
BTG,B2Gold Corp Common shares (Canada),3.1649999618530273
BTI,"British American Tobacco  Industries, p.l.c. Common Stock ADR",35.709999084472656
BTO,John Hancock Financial Opportunities Fund Common Stock,37.26499938964844
BTT,BlackRock Municipal 2030 Target Term Trust,21.155000686645508
BTU,Peabody Energy Corporation Common Stock ,29.769899368286133
BTZ,BlackRock Credit Allocation Income Trust,10.795000076293945
BUD,Anheuser-Busch Inbev SA Sponsored ADR (Belgium),57.13999938964844
BUG,Global X Cybersecurity ETF,32.15999984741211
BUI,"BlackRock Utility, Infrastructure & Power Opportunities Trust",22.954999923706055
BUL,Pacer US Cash Cows Growth ETF,47.939998626708984
BURL,"Burlington Stores, Inc. Common Stock",252.77000427246094
BUSE,First Busey Corporation - Common Stock,27.100000381469727
BUYZ,Franklin Disruptive Commerce ETF,36.61970138549805
BV,"BrightView Holdings, Inc. Common Stock",18.174999237060547
BVN,Buenaventura Mining Company Inc.,12.199999809265137
BW,"Babcock & Wilcox Enterprises, Inc. Common Stock",2.430000066757202
BWA,BorgWarner Inc. Common Stock,34.724998474121094
BWAY,Brainsway Ltd. - American Depositary Shares,10.460000038146973
BWB,"Bridgewater Bancshares, Inc. - Common Stock",15.399999618530273
BWEN,"Broadwind Energy, Inc. - Common Stock",1.840000033378601
BWFG,"Bankwell Financial Group, Inc. - Common Stock",32.1150016784668
BWG,BrandywineGLOBAL Global Income Opportunities Fund Inc.,8.520000457763672
BWMX,"Betterware de Mexico, S.A. de C.V. - Ordinary Shares",12.970000267028809
BWX,SPDR Bloomberg Barclays Intl Treasury Bd,21.875
BWXT,"BWX Technologies, Inc. Common Stock",118.30590057373047
BWZ,SPDR Bloomberg Barclays Short Term International Treasury Bond ETF,25.99799919128418
BX,The Blackstone Group Inc. Class A Common Stock,177.47120666503906
BXC,Bluelinx Holdings Inc. Common Stock,122.76000213623047
BXMT,"Blackstone Mortgage Trust, Inc. Common Stock",18.584999084472656
BXMX,Nuveen S&P 500 Buy-Write Income Fund Common Shares of Beneficial Interest,13.779999732971191
BXP,"Boston Properties, Inc. Common Stock",80.76499938964844
BY,"Byline Bancorp, Inc. Common Stock",31.6200008392334
BYD,Boyd Gaming Corporation Common Stock,71.48999786376953
BYFC,Broadway Financial Corporation - Common Stock,6.910099983215332
BYLD,iShares Yield Optimized Bond ETF,22.389999389648438
BYM,Blackrock Municipal Income Quality Trust Common Shares of Beneficial Interest,11.300100326538086
BYND,"Beyond Meat, Inc. - Common stock",6.534999847412109
BYSI,"BeyondSpring, Inc. - Ordinary Shares",2.0
BZH,"Beazer Homes USA, Inc. Common Stock",32.404998779296875
BZQ,ProShares UltraShort MSCI Brazil Capped,13.640000343322754
BZUN,Baozun Inc. - American Depositary Shares,2.875
C,"Citigroup, Inc. Common Stock",68.99500274658203
CAAP,Corporacion America Airports SA Common Shares,19.139999389648438
CAAS,"China Automotive Systems, Inc. - Common Stock",4.620100021362305
CABA,"Cabaletta Bio, Inc. - Common Stock",4.65500020980835
CABO,"Cable One, Inc. Common Stock",414.20001220703125
CAC,Camden National Corporation - Common Stock,49.43000030517578
CACC,Credit Acceptance Corporation - Common Stock,459.44000244140625
CACI,"CACI International, Inc. Class A Common Stock",568.1599731445312
CADE,Cadence Bancorporation Class A Common Stock,38.564998626708984
CAE,CAE Inc. Ordinary Shares,18.84000015258789
CAF,Morgan Stanley China A Share Fund Inc. Common Stock,13.130000114440918
CAG,"ConAgra Brands, Inc. Common Stock",28.934999465942383
CAH,"Cardinal Health, Inc. Common Stock",115.77999877929688
CAKE,The Cheesecake Factory Incorporated - Common Stock,49.869998931884766
CAL,"Caleres, Inc. Common Stock",30.31999969482422
CALA,"Calithera Biosciences, Inc. - Common Stock",0.007000000216066837
CALF,Pacer US Small Cap Cash Cows 100 ETF,48.302799224853516
CALM,"Cal-Maine Foods, Inc. - Common Stock",90.13999938964844
CALX,"Calix, Inc Common Stock",34.685001373291016
CAMP,CalAmp Corp. - Common Stock,8.729999542236328
CAMT,Camtek Ltd. - Ordinary Shares,79.12999725341797
CAN,Canaan Inc. - American Depositary Shares,1.465000033378601
CANE,Teucrium Sugar Fund ETV,12.829999923706055
CANF,Can-Fite Biopharma Ltd Sponsored ADR (Israel),2.1649999618530273
CANG,"Cango Inc. American Depositary Shares,  each representing two (2) Class A Ordinary Shares",2.750200033187866
CAPE,iPath Shiller CAPE ETN,30.6200008392334
CAPL,CrossAmerica Partners LP Common Units representing limited partner interests,20.871299743652344
CAPR,"Capricor Therapeutics, Inc. - Common Stock",18.000999450683594
CAR,"Avis Budget Group, Inc. - Common Stock",96.25
CARA,"Cara Therapeutics, Inc. - Common Stock",0.3271999955177307
CARE,Carter Bank & Trust - Common Stock,19.899999618530273
CARG,"CarGurus, Inc. - Class A Common Stock",32.935001373291016
CARS,Cars.com Inc. Common Stock ,16.729999542236328
CARV,"Carver Bancorp, Inc. - Common Stock",1.690000057220459
CARZ,First Trust NASDAQ Global Auto Index Fund,58.0
CASH,"Meta Financial Group, Inc. - Common Stock",80.12999725341797
CASI,"CASI Pharmaceuticals, Inc. - Common Stock",5.775000095367432
CASS,"Cass Information Systems, Inc - Common Stock",46.31999969482422
CASY,"Caseys General Stores, Inc. - Common Stock",410.2699890136719
CAT,"Caterpillar, Inc. Common Stock",416.510009765625
CATH,Global X S&P 500 Catholic Values ETF,71.47000122070312
CATO,Cato Corporation (The) Class A Common Stock,6.38539981842041
CATY,Cathay General Bancorp - Common Stock,52.81999969482422
CB,Chubb Limited  Common Stock,278.6700134277344
CBAN,"Colony Bankcorp, Inc. - Common Stock",17.540000915527344
CBAT,"CBAK Energy Technology, Inc. - Common Stock",1.0780999660491943
CBFV,"CB Financial Services, Inc. - Common Stock",29.489999771118164
CBL,"CBL & Associates Properties, Inc. Common Stock",27.729999542236328
CBNK,"Capital Bancorp, Inc. - Common Stock",29.350000381469727
CBOE,"Cboe Global Markets, Inc. Common Stock",202.30499267578125
CBON,VanEck Vectors ChinaAMC China Bond ETF,22.16010093688965
CBRE,CBRE Group Inc Common Stock Class A,128.8300018310547
CBRL,"Cracker Barrel Old Country Store, Inc. - Common Stock",51.04999923706055
CBSH,"Commerce Bancshares, Inc. - Common Stock",69.41999816894531
CBT,Cabot Corporation Common Stock,116.6449966430664
CBU,"Community Bank System, Inc. Common Stock",71.04000091552734
CBZ,"CBIZ, Inc. Common Stock",77.63999938964844
CC,Chemours Company (The) Common Stock,20.736000061035156
CCAP,"Crescent Capital BDC, Inc. - Common Stock",18.1200008392334
CCB,Coastal Financial Corporation - Common Stock,70.20999908447266
CCBG,Capital City Bank Group - Common Stock,39.13999938964844
CCD,Calamos Dynamic Convertible & Income Fund - Common Shares,24.209999084472656
CCEP,Coca-Cola European Partners plc Ordinary Shares,76.44000244140625
CCI,Crown Castle International Corp. (REIT) Common Stock,103.73799896240234
CCJ,Cameco Corporation Common Stock,50.99810028076172
CCK,"Crown Holdings, Inc.",94.12999725341797
CCL,Carnival Corporation Common Stock,24.274999618530273
CCM,Concord Medical Services Holdings Limited ADS (Each represents three ordinary shares),6.5
CCNE,CNB Financial Corporation - Common Stock,29.059999465942383
CCO,"Clear Channel Outdoor Holdings, Inc. Common Stock",1.625
CCOI,"Cogent Communications Holdings, Inc. - Common Stock",84.9800033569336
CCOR,Core Alternative ETF,26.540000915527344
CCRN,"Cross Country Healthcare, Inc. - Common Stock",12.289999961853027
CCS,"Century Communities, Inc. Common Stock",89.83000183105469
CCU,"Compania Cervecerias Unidas, S.A. Common Stock",11.015000343322754
CCZ,Comcast Holdings ZONES,61.350101470947266
CDC,VictoryShares US EQ Income Enhanced Volatility Wtd ETF,65.89420318603516
CDE,"Coeur Mining, Inc. Common Stock",5.864999771118164
CDL,VictoryShares US Large Cap High Div Volatility Wtd ETF,68.76000213623047
CDLX,"Cardlytics, Inc. - Common Stock",5.179999828338623
CDMO,"Avid Bioservices, Inc. - Common Stock",10.940999984741211
CDNA,"CareDx, Inc. - Common Stock",23.084999084472656
CDNS,"Cadence Design Systems, Inc. - Common Stock",296.13751220703125
CDTX,"Cidara Therapeutics, Inc. - Common Stock",13.130000114440918
CDW,CDW Corporation - Common Stock,203.38499450683594
CDXC,ChromaDex Corporation - Common Stock,6.980000019073486
CDXS,"Codexis, Inc. - Common Stock",3.9700000286102295
CDZI,"Cadiz, Inc. - Common Stock",3.7699999809265137
CE,Celanese Corporation Celanese Corporation Common Stock,92.06999969482422
CEE,"The Central and Eastern Europe Fund, Inc. (The) Common Stock",11.260000228881836
CEF,Sprott Physical Gold and Silver Trust Units,24.683300018310547
CEFS,Exchange Listed Funds Trust ETF,22.079999923706055
CEIX,CONSOL Energy Inc. Common Stock ,127.55000305175781
CELC,Celcuity Inc. - Common Stock,16.049999237060547
CELH,"Celsius Holdings, Inc. - Common Stock",29.46500015258789
CEMB,iShares J.P. Morgan EM Corporate Bond ETF,44.86000061035156
CENT,Central Garden & Pet Company - Common Stock,37.40999984741211
CENTA,Central Garden & Pet Company - Class A Common Stock Nonvoting,32.040000915527344
CENX,Century Aluminum Company - Common Stock,22.135000228881836
CEPU,Central Puerto S.A. American Depositary Shares (each represents ten Common Shares),11.829999923706055
CERS,Cerus Corporation - Common Stock,1.7900999784469604
CET,Central Securities Corporation Common Stock,48.268699645996094
CETX,Cemtrex Inc. - Common Stock,0.19030000269412994
CETXP,Cemtrex Inc. - Series 1 Preferred Stock,0.03200000151991844
CEV,Eaton Vance California Municipal Income Trust Shares of Beneficial Interest,10.41569995880127
CEVA,"CEVA, Inc. - Common Stock",25.170000076293945
CEW,WisdomTree Emerging Currency Strategy Fund,18.150100708007812
CF,"CF Industries Holdings, Inc. Common Stock",83.0199966430664
CFA,VictoryShares US 500 Volatility Wtd ETF,88.59500122070312
CFB,"CrossFirst Bankshares, Inc. - Common Stock",17.760000228881836
CFBK,Central Federal Corporation - Common Stock,27.68000030517578
CFFI,C&F Financial Corporation - Common Stock,70.63999938964844
CFFN,"Capitol Federal Financial, Inc. - Common Stock",7.144999980926514
CFG,"Citizens Financial Group, Inc. Common Stock",47.92499923706055
CFO,VictoryShares US 500 Enhanced Volatility Wtd ETF,71.7509994506836
CFR,"Cullen/Frost Bankers, Inc. Common Stock",143.77000427246094
CG,The Carlyle Group Inc. - Common Stock,53.959999084472656
CGA,"China Green Agriculture, Inc. Common Stock",1.815999984741211
CGBD,"TCG BDC, Inc. - Common Stock",16.389999389648438
CGC,Canopy Growth Corporation Common Stock,4.375
CGEN,Compugen Ltd. - Ordinary Shares,1.725000023841858
CGNX,Cognex Corporation - Common Stock,42.66999816894531
CGO,Calamos Global Total Return Fund - Common Stock,11.625
CGW,Invesco S&P Global Water Index ETF,59.31869888305664
CHAU,Direxion Daily CSI 300 China A Share Bull 2X Shares,16.700000762939453
CHCI,"Comstock Holding Companies, Inc. - Class A Common Stock",10.114999771118164
CHCO,City Holding Company - Common Stock,133.50999450683594
CHCT,Community Healthcare Trust Incorporated Common Stock,18.859800338745117
CHD,"Church & Dwight Company, Inc. Common Stock",102.96499633789062
CHDN,"Churchill Downs, Incorporated - Common Stock",147.85000610351562
CHE,Chemed Corp,552.2550048828125
CHEF,"The Chefs' Warehouse, Inc. - Common Stock",42.40999984741211
CHEK,Check-Cap Ltd. - Ordinary Share,1.149999976158142
CHGG,"Chegg, Inc. Common Stock",1.7450000047683716
CHGX,Change Finance U.S. Large Cap Fossil Fuel Free ETF,39.18000030517578
CHH,"Choice Hotels International, Inc. Common Stock",143.89999389648438
CHI,Calamos Convertible Opportunities and Income Fund - Common Stock,11.670000076293945
CHIQ,Global X MSCI China Consumer Discretionary ETF,20.738100051879883
CHKP,Check Point Software Technologies Ltd. - Ordinary Shares,174.27999877929688
CHMG,Chemung Financial Corp - Common Stock,51.2400016784668
CHMI,Cherry Hill Mortgage Investment Corporation Common Stock,3.235100030899048
CHN,"China Fund, Inc. (The) Common Stock",12.600000381469727
CHNR,"China Natural Resources, Inc. - Common Stock",0.6585999727249146
CHRS,"Coherus BioSciences, Inc. - Common Stock",0.7099999785423279
CHRW,"C.H. Robinson Worldwide, Inc. - Common Stock",106.01499938964844
CHSCL,"CHS Inc - Class B Cumulative Redeemable Preferred Stock, Series 4",26.351499557495117
CHSCM,"CHS Inc - Class B Reset Rate Cumulative Redeemable Preferred Stock, Series 3",25.600000381469727
CHSCN,CHS Inc - Preferred Class B Series 2 Reset Rate,25.75279998779297
CHSCO,CHS Inc - Class B Cumulative Redeemable Preferred Stock,27.139999389648438
CHSCP,CHS Inc - 8%  Cumulative Redeemable Preferred Stock,29.850099563598633
CHT,"Chunghwa Telecom Co., Ltd.",37.310001373291016
CHTR,"Charter Communications, Inc. - Class A Common Stock",407.17498779296875
CHW,Calamos Global Dynamic Income Fund - Common Stock,7.058300018310547
CHWY,"Chewy, Inc. Class A Common Stock",29.46500015258789
CHY,Calamos Convertible and High Income Fund - Common Stock,12.059800148010254
CI,Cigna Corporation Common Stock,314.70001220703125
CIA,"Citizens, Inc. Class A Common Stock ($1.00 Par)",5.119999885559082
CIB,BanColombia S.A. Common Stock,32.28499984741211
CIBR,First Trust NASDAQ Cybersecurity ETF,62.95000076293945
CIEN,Ciena Corporation Common Stock,68.73999786376953
CIF,MFS Intermediate High Income Fund Common Stock,1.7545000314712524
CIG,Comp En De Mn Cemig ADS American Depositary Shares,1.9850000143051147
CIGI,Colliers International Group Inc.  - Subordinate Voting Shares,147.0399932861328
CII,"Blackrock Capital and Income Fund, Inc.",19.770000457763672
CIK,"Credit Suisse Asset Management Income Fund, Inc. Common Stock",2.9549999237060547
CIL,VictoryShares International Volatility Wtd ETF,44.16019821166992
CIM,Chimera Investment Corporation Common Stock,14.895000457763672
CINF,Cincinnati Financial Corporation - Common Stock,148.8800048828125
CIO,"City Office REIT, Inc. Common Stock",5.420000076293945
CIVB,"Civista Bancshares, Inc.  - Common Stock",22.56999969482422
CIX,CompX International Inc. Common Stock,32.72999954223633
CIZN,Citizens Holding Company - Common Stock,8.529999732971191
CJJD,"China Jo-Jo Drugstores, Inc. - Common Stock",2.190000057220459
CKPT,"Checkpoint Therapeutics, Inc. - Common Stock",3.364000082015991
CKX,"CKX Lands, Inc. Common Stock",13.25
CL,Colgate-Palmolive Company Common Stock,90.3499984741211
CLAR,Clarus Corporation - Common Stock,4.835000038146973
CLB,Core Laboratories N.V. Common Stock,21.572500228881836
CLBK,"Columbia Financial, Inc. - Common Stock",18.924999237060547
CLDT,Chatham Lodging Trust (REIT) Common Shares of Beneficial Interest,8.3100004196167
CLDX,"Celldex Therapeutics, Inc. - Common Stock",28.014999389648438
CLF,Cleveland-Cliffs Inc. Common Stock,14.005000114440918
CLFD,"Clearfield, Inc. - Common Stock",36.189998626708984
CLGN,CollPlant Biotechnologies Ltd. - American Depositary Shares,3.6800999641418457
CLH,"Clean Harbors, Inc. Common Stock",259.9750061035156
CLIR,ClearSign Technologies Corporation - Common Stock,0.8799999952316284
CLIX,ProShares Long Online/Short Stores ETF,46.744998931884766
CLLS,Cellectis S.A. - American Depositary Shares,1.75
CLM,"Cornerstone Strategic Value Fund, Inc. New Common Stock",8.274999618530273
CLMT,"Calumet Specialty Products Partners, L.P. - Common units representing limited partner interests",19.524999618530273
CLNE,Clean Energy Fuels Corp. - Common Stock,3.200000047683716
CLOU,Global X Cloud Computing ETF,22.2450008392334
CLPR,Clipper Realty Inc. Common Stock,5.949999809265137
CLPS,CLPS Incorporation - Common Stock,1.1549999713897705
CLPT,ClearPoint Neuro Inc. - Common Stock,13.279999732971191
CLRB,"Cellectar Biosciences, Inc. - Common Stock",2.055000066757202
CLRO,"ClearOne, Inc. - Common Stock",0.5658000111579895
CLS,"Celestica, Inc. Common Stock",80.9000015258789
CLSD,"Clearside Biomedical, Inc. - Common Stock",1.0950000286102295
CLSK,"CleanSpark, Inc. - Common Stock",12.949999809265137
CLW,Clearwater Paper Corporation Common Stock,29.170000076293945
CLWT,Euro Tech Holdings Company Limited - Ordinary Shares,1.4600000381469727
CLX,Clorox Company (The) Common Stock,163.22000122070312
CM,Canadian Imperial Bank of Commerce Common Stock,63.47999954223633
CMA,Comerica Incorporated Common Stock,69.94999694824219
CMBM,Cambium Networks Corporation - Ordinary Shares,1.3300000429153442
CMBS,iShares CMBS Bond ETF,47.130001068115234
CMC,Commercial Metals Company Common Stock,62.59000015258789
CMCL,Caledonia Mining Corporation Plc Common Shares,15.229999542236328
CMCM,"Cheetah Mobile Inc. American Depositary Shares, each representing 10 Class Ordinary Shares",4.505000114440918
CMCO,Columbus McKinnon Corporation - Common Stock,36.22999954223633
CMCSA,Comcast Corporation - Class A Common Stock,45.03499984741211
CMCT,CIM Commercial Trust Corporation - Common Stock,0.40070000290870667
CMDY,iShares Bloomberg Roll Select Commodity Strategy ETF,49.11000061035156
CME,CME Group Inc. - Class A Common Stock,221.19500732421875
CMF,iShares California Muni Bond ETF,56.71500015258789
CMG,"Chipotle Mexican Grill, Inc. Common Stock",57.810001373291016
CMI,Cummins Inc. Common Stock,355.17498779296875
CMLS,Cumulus Media Inc. - Class A Common Stock,0.8799999952316284
CMP,Compass Minerals Intl Inc Common Stock,13.579999923706055
CMPR,Cimpress plc - Ordinary Shares,80.90499877929688
CMRE,Costamare Inc. Common Stock $0.0001 par value,14.460000038146973
CMRX,"Chimerix, Inc. - Common Stock",1.0449999570846558
CMS,CMS Energy Corporation Common Stock,68.08000183105469
CMSA,CMS Energy Corporation 5.625% Junior Subordinated Notes due 2078,24.65999984741211
CMSC,CMS Energy Corporation 5.875% Junior Subordinated Notes due 2078,24.553699493408203
CMSD,CMS Energy Corporation 5.875% Junior Subordinated Notes due 2079,24.829999923706055
CMT,Core Molding Technologies Inc Common Stock,16.920000076293945
CMTL,Comtech Telecommunications Corp. - Common Stock,2.7300000190734863
CMU,MFS Municipal Income Trust Common Stock,3.5350000858306885
CNA,CNA Financial Corporation Common Stock,48.70600128173828
CNBS,Amplify Seymour Cannabis ETF,3.4700000286102295
CNC,Centene Corporation Common Stock,62.220001220703125
CNCR,Loncar Cancer Immunotherapy ETF,15.729999542236328
CNDT,Conduent Incorporated - Common Stock,4.135000228881836
CNET,"ChinaNet Online Holdings, Inc. - Common Stock",1.7776000499725342
CNF,"CNFinance Holdings Limited American Depositary Shares, each representing  twenty (20) Ordinary Shares",1.090000033378601
CNFR,"Conifer Holdings, Inc. - Common Stock",1.1624000072479248
CNI,Canadian National Railway Company Common Stock,112.54000091552734
CNK,"Cinemark Holdings Inc Cinemark Holdings, Inc. Common Stock",30.78499984741211
CNMD,CONMED Corporation Common Stock,75.66000366210938
CNNE,"Cannae Holdings, Inc. Common Stock",21.030000686645508
CNO,"CNO Financial Group, Inc. Common Stock",39.619998931884766
CNOB,"ConnectOne Bancorp, Inc. - Common Stock",28.3799991607666
CNP,"CenterPoint Energy, Inc (Holding Co) Common Stock",29.18000030517578
CNQ,Canadian Natural Resources Limited Common Stock,34.595001220703125
CNRG,SPDR S&P Kensho Clean Power ETF,61.59000015258789
CNS,Cohen & Steers Inc Common Stock,102.12999725341797
CNSL,"Consolidated Communications Holdings, Inc. - Common Stock",4.65500020980835
CNSP,"CNS Pharmaceuticals, Inc. - Common Stock",0.10920000076293945
CNTY,"Century Casinos, Inc. - Common Stock",3.950000047683716
CNX,CNX Resources Corporation Common Stock,37.29999923706055
CNXN,"PC Connection, Inc. - Common Stock",75.44999694824219
CNXT,VanEck Vectors ChinaAMC SME-ChNext ETF,29.95009994506836
CNYA,iShares MSCI China A ETF,30.059999465942383
COCP,"Cocrystal Pharma, Inc. - Common Stock",1.75
CODA,"Coda Octopus Group, Inc. - Common stock",8.771599769592285
CODI,Compass Diversified Holdings Shares of Beneficial Interest,22.700000762939453
CODX,"Co-Diagnostics, Inc. - Common Stock",1.2050000429153442
COE,"China Online Education Group American depositary shares, each representing 15 Class A ordinary shares",16.0
COF,Capital One Financial Corporation Common Stock,189.69000244140625
COFS,"ChoiceOne Financial Services, Inc. - Common Stock",35.849998474121094
COHN,Cohen & Company Inc.,9.75
COHR,"Coherent, Inc. - Common Stock",99.44000244140625
COHU,"Cohu, Inc. - Common Stock",28.655000686645508
COKE,"Coca-Cola Consolidated, Inc. - Common Stock",1195.77001953125
COLB,"Columbia Banking System, Inc. - Common Stock",31.545000076293945
COLD,Americold Realty Trust Common Shares,25.145000457763672
COLL,"Collegium Pharmaceutical, Inc. - Common Stock",34.255001068115234
COLM,Columbia Sportswear Company - Common Stock,83.63999938964844
COM,Direxion Auspice Broad Commodity Strategy ETF,28.790000915527344
COMB,GraniteShares Bloomberg Commodity Broad Strategy No K-1 ETF,20.170000076293945
COMM,"CommScope Holding Company, Inc. - Common Stock",6.929999828338623
COMT,iShares Commodities Select Strategy ETF,26.3799991607666
COO,"The Cooper Companies, Inc. Common Stock",103.54000091552734
COOP,Mr. Cooper Group Inc. - Common Stock,95.66000366210938
COP,ConocoPhillips Common Stock,114.4800033569336
COPX,Global X Copper Miners ETF,43.689998626708984
COR,CoreSite Realty Corporation Common Stock,246.83999633789062
CORN,Teucrium Corn Fund ETV,18.280000686645508
CORP,Pimco Investment Grade Corporate Bond Index Exchange-Traded Fund,96.08499908447266
CORT,Corcept Therapeutics Incorporated - Common Stock,54.52000045776367
COST,Costco Wholesale Corporation - Common Stock,897.52001953125
COTY,Coty Inc. Class A Common Stock,7.40500020980835
COWZ,Pacer US Cash Cows 100 ETF,59.709999084472656
CP,Canadian Pacific Railway Limited Common Stock,79.23500061035156
CPA,"Copa Holdings, S.A. Copa Holdings, S.A. Class A Common Stock",97.84750366210938
CPAC,Cementos Pacasmayo S.A.A. American Depositary Shares (Each representing five Common Shares),6.099999904632568
CPB,Campbell Soup Company Common Stock,46.2599983215332
CPER,United States Copper Index Fund ETV,26.600000381469727
CPF,Central Pacific Financial Corp New,31.139999389648438
CPHC,Canterbury Park Holding Corporation - Common Stock,20.0
CPHI,"China Pharma Holdings, Inc. Common Stock",0.2289000004529953
CPIX,Cumberland Pharmaceuticals Inc. - Common Stock,1.2000000476837158
CPK,Chesapeake Utilities Corporation Common Stock,124.41999816894531
CPRI,Capri Holdings Limited Ordinary Shares,21.864999771118164
CPRT,"Copart, Inc. - Common Stock",55.31999969482422
CPRX,"Catalyst Pharmaceuticals, Inc. - Common Stock",22.704999923706055
CPS,Cooper-Standard Holdings Inc. Common Stock,16.219999313354492
CPSH,CPS Technologies Corp. - Common Stock,1.440000057220459
CPSS,"Consumer Portfolio Services, Inc. - Common Stock",11.229999542236328
CPST,Capstone Turbine Corporation - Common Stock,25.15999984741211
CPT,Camden Property Trust Common Stock,117.50499725341797
CPZ,Calamos Long/Short Equity & Dynamic Income Trust - Common Stock,15.7568998336792
CQP,"Cheniere Energy Partners, LP Cheniere Energy Partners, LP Common Units",49.7400016784668
CQQQ,Invesco China Technology ETF,42.209999084472656
CR,Crane Co. Common Stock,173.93499755859375
CRAI,"CRA International,Inc. - Common Stock",203.1699981689453
CRAK,VanEck Vectors Oil Refiners ETF,31.68000030517578
CRBN,iShares MSCI ACWI Low Carbon Target ETF,198.22999572753906
CRBP,"Corbus Pharmaceuticals Holdings, Inc. - Common Stock",18.950000762939453
CRC,California Resources Corporation Common Stock,56.7400016784668
CREG,China Recycling Energy Corporation - Common Stock,0.7299000024795532
CRESY,"Cresud S.A.C.I.F. y A. - American Depositary Shares, each representing ten shares of Common Stock",10.133299827575684
CREX,"Creative Realities, Inc. - Common Stock",4.170000076293945
CRF,"Cornerstone Total Return Fund, Inc. (The) Common Stock",8.534799575805664
CRH,CRH PLC American Depositary Shares,100.29000091552734
CRI,"Carter's, Inc. Common Stock",52.96799850463867
CRIS,"Curis, Inc. - Common Stock",4.119999885559082
CRK,"Comstock Resources, Inc. Common Stock",12.864999771118164
CRL,"Charles River Laboratories International, Inc. Common Stock",213.6199951171875
CRM,Salesforce.com Inc Common Stock,306.0299987792969
CRMD,CorMedix Inc. Common Stock,10.199999809265137
CRMT,"America's Car-Mart, Inc. - Common Stock",43.10749816894531
CRNC,Cerence Inc. - Common Stock,3.1600000858306885
CRNT,Ceragon Networks Ltd. - Ordinary Shares,2.390000104904175
CRNX,"Crinetics Pharmaceuticals, Inc. - Common Stock",59.130001068115234
CRON,Cronos Group Inc. - Common Share,2.0557000637054443
CROX,"Crocs, Inc. - Common Stock",102.88999938964844
CRS,Carpenter Technology Corporation Common Stock,178.2100067138672
CRSP,CRISPR Therapeutics AG - Common Shares,50.375
CRT,Cross Timbers Royalty Trust Common Stock,10.164999961853027
CRTO,Criteo S.A. - American Depositary Shares,35.130001068115234
CRUS,"Cirrus Logic, Inc. - Common Stock",104.0999984741211
CRVL,CorVel Corp. - Common Stock,350.8699951171875
CRVS,"Corvus Pharmaceuticals, Inc. - Common Stock",8.604999542236328
CRWD,"CrowdStrike Holdings, Inc. - Class A Common Stock",318.93499755859375
CRWS,"Crown Crafts, Inc. - Common Stock",4.440000057220459
CSA,VictoryShares US Small Cap Volatility Wtd ETF,77.4000015258789
CSB,VictoryShares US Small Cap High Div Volatility Wtd ETF,62.769901275634766
CSBR,"Champions Oncology, Inc. - Common Stock",4.260000228881836
CSCO,"Cisco Systems, Inc. - Common Stock",58.01499938964844
CSD,Invesco S&P Spin-Off ETF,85.69000244140625
CSF,VictoryShares US Discovery Enhanced Volatility Wtd ETF,57.9900016784668
CSGP,"CoStar Group, Inc. - Common Stock",75.12999725341797
CSGS,"CSG Systems International, Inc. - Common Stock",51.29499816894531
CSIQ,Canadian Solar Inc. - common shares,12.895600318908691
CSL,Carlisle Companies Incorporated Common Stock,450.8349914550781
CSM,ProShares Large Cap Core Plus,67.72000122070312
CSPI,CSP Inc. - Common Stock,12.6899995803833
CSQ,Calamos Strategic Total Return Fund - Common Stock,17.84000015258789
CSTE,Caesarstone Ltd. - Ordinary Shares,4.355000019073486
CSTL,"Castle Biosciences, Inc. - Common stock",32.459999084472656
CSTM,Constellium SE Ordinary Shares (France),12.024999618530273
CSV,"Carriage Services, Inc. Common Stock",39.56999969482422
CSWC,Capital Southwest Corporation - Common Stock,22.760000228881836
CSWI,"CSW Industrials, Inc. - Common Stock",403.20001220703125
CSX,CSX Corporation - Common Stock,36.935001373291016
CTAS,Cintas Corporation - Common Stock,216.8699951171875
CTBB,Qwest Corporation 6.5% Notes due 2056,17.760099411010742
CTBI,"Community Trust Bancorp, Inc. - Common Stock",60.6150016784668
CTDD,Qwest Corporation 6.75% Notes due 2057,18.18000030517578
CTHR,Charles & Colvard Ltd. - Common Stock,1.3842999935150146
CTLT,"Catalent, Inc. Common Stock",59.994998931884766
CTMX,"CytomX Therapeutics, Inc. - Common Stock",1.0
CTO,Consolidated-Tomoka Land Co. Common Stock ,20.059999465942383
CTRA,"Contura Energy, Inc. Common Stock",24.71500015258789
CTRE,"CareTrust REIT, Inc. - Common Stock",29.450000762939453
CTRM,Castor Maritime Inc. - Common Shares,3.9100000858306885
CTRN,"Citi Trends, Inc. - Common Stock",19.809999465942383
CTS,CTS Corporation Common Stock,59.040000915527344
CTSH,Cognizant Technology Solutions Corporation - Class A Common Stock,79.16999816894531
CTSO,Cytosorbents Corporation - Common Stock,0.8999999761581421
CTV,Qwest Corporation 6.875% Notes due 2054,2.0450000762939453
CTVA,"Corteva, Inc. Common Stock ",61.560001373291016
CTXR,"Citius Pharmaceuticals, Inc. - Common Stock",0.34439998865127563
CUB,Cubic Corporation Common Stock,10.028200149536133
CUBA,"The Herzfeld Caribbean Basin Fund, Inc. - Closed End FUnd",2.4600000381469727
CUBB,"Customers Bancorp, Inc 5.375% Subordinated Notes Due 2034",20.347400665283203
CUBE,CubeSmart Common Shares,46.57500076293945
CUBI,"Customers Bancorp, Inc Common Stock",55.380001068115234
CUE,"Cue Biopharma, Inc. - Common Stock",1.6349999904632568
CUK,Carnival Plc ADS ADS,21.989999771118164
CULP,"Culp, Inc. Common Stock",5.234499931335449
CURE,Direxion Daily Healthcare Bull 3X Shares,116.5999984741211
CUT,Invesco MSCI Global Timber ETF,34.638999938964844
CUTR,"Cutera, Inc. - Common Stock",0.5734999775886536
CUZ,Cousins Properties Incorporated Common Stock,31.299999237060547
CVBF,CVB Financial Corporation - Common Stock,22.530000686645508
CVCO,"Cavco Industries, Inc. - Common Stock",466.8699951171875
CVE,Cenovus Energy Inc Common Stock,16.184999465942383
CVEO,Civeo Corporation (Canada) Common Shares,26.19499969482422
CVGI,"Commercial Vehicle Group, Inc. - Common Stock",2.7300000190734863
CVGW,"Calavo Growers, Inc. - Common Stock",29.1200008392334
CVI,CVR Energy Inc. Common Stock,17.6200008392334
CVLT,"Commvault Systems, Inc. - Common Stock",172.30999755859375
CVM,Cel-Sci Corporation Common Stock,0.7526000142097473
CVNA,Carvana Co. Class A Common Stock,236.70550537109375
CVR,Chicago Rivet & Machine Co. Common Stock,21.899999618530273
CVS,CVS Health Corporation Common Stock,61.900001525878906
CVU,"CPI Aerostructures, Inc. Common Stock",3.4514999389648438
CVV,CVD Equipment Corporation - Common Stock,2.8499999046325684
CVX,Chevron Corporation Common Stock,157.89010620117188
CVY,Invesco Zacks Multi-Asset Income ETF,26.67770004272461
CW,Curtiss-Wright Corporation Common Stock,376.3900146484375
CWB,SPDR Bloomberg Barclays Convertible Securities ETF,78.2699966430664
CWBC,Community West Bancshares - Common Stock,20.145000457763672
CWBR,"CohBar, Inc. - Common Stock",0.49000000953674316
CWCO,Consolidated Water Co. Ltd. - Ordinary Shares,25.905000686645508
CWEB,Direxion Daily CSI China Internet Index Bull 2X Shares,39.80500030517578
CWEN,"Clearway Energy, Inc. Class C Common Stock",26.604999542236328
CWH,"Camping World Holdings, Inc. Class A Commom Stock",23.235000610351562
CWI,SPDR MSCI ACWI ex-US ETF,29.23349952697754
CWK,Cushman & Wakefield plc Ordinary Shares,14.720000267028809
CWS,AdvisorShares Focused Equity ETF,70.05999755859375
CWST,"Casella Waste Systems, Inc. - Class A Common Stock",106.7300033569336
CWT,California Water Service Group Common Stock,52.380001068115234
CX,"Cemex, S.A.B. de C.V. Sponsored ADR",5.755000114440918
CXE,MFS High Income Municipal Trust Common Stock,3.8299999237060547
CXH,MFS Investment Grade Municipal Trust Common Stock,8.0600004196167
CXSE,WisdomTree China ex-State-Owned Enterprises Fund,32.279998779296875
CXW,"CoreCivic, Inc. Common Stock",17.4950008392334
CYAN,Cyanotech Corporation - Common Stock,0.6499999761581421
CYBR,CyberArk Software Ltd. - Ordinary Shares,292.4750061035156
CYCC,"Cyclacel Pharmaceuticals, Inc. - Common Stock",0.4140999913215637
CYCCP,"Cyclacel Pharmaceuticals, Inc. - 6% Convertible Preferred Stock",6.820000171661377
CYCN,"Cyclerion Therapeutics, Inc. - Common Stock ",2.6600000858306885
CYD,China Yuchai International Limited Common Stock,10.670000076293945
CYH,"Community Health Systems, Inc. Common Stock",4.429999828338623
CYRX,"CryoPort, Inc. - Common Stock",8.052000045776367
CYTK,"Cytokinetics, Incorporated - Common Stock",55.290000915527344
CZA,Invesco Zacks Mid-Cap ETF,111.77999877929688
CZNC,Citizens & Northern Corp - Common Stock,20.280000686645508
CZR,Caesars Entertainment Corporation - Common Stock,40.55500030517578
CZWI,"Citizens Community Bancorp, Inc. - Common Stock",14.449999809265137
D,"Dominion Energy, Inc. Common Stock",57.470001220703125
DAC,Danaos Corporation Common Stock,81.83000183105469
DAIO,Data I/O Corporation - Common Stock,2.6600000858306885
DAKT,"Daktronics, Inc. - Common Stock",14.520000457763672
DAL,"Delta Air Lines, Inc. Common Stock",62.30500030517578
DALI,First Trust DorseyWright DALI 1 ETF,26.440000534057617
DAN,Dana Incorporated Common Stock ,8.585000038146973
DAO,"Youdao, Inc. American Depositary Shares, each representing one Class A Ordinary Share",5.158999919891357
DAR,Darling Ingredients Inc. Common Stock,39.540000915527344
DARE,"Dare Bioscience, Inc. - Common Stock",3.9649999141693115
DAUG,FT Cboe Vest U.S. Equity Deep Buffer ETF - August,39.650001525878906
DAVA,Endava plc American Depositary Shares (each representing one Class A Ordinary Share),24.3700008392334
DAX,Global X DAX Germany ETF,33.29999923706055
DB,Deutsche Bank AG Common Stock,17.329999923706055
DBA,Invesco DB Agriculture Fund,25.147499084472656
DBAW,Xtrackers MSCI All World ex US Hedged Equity ETF,34.56999969482422
DBB,Invesco DB Base Metals Fund,20.110000610351562
DBC,Invesco DB Commodity Index Tracking Fund,22.6200008392334
DBD,Diebold Nixdorf Incorporated Common Stock,50.02000045776367
DBE,Invesco DB Energy Fund,19.460100173950195
DBEF,Xtrackers MSCI EAFE Hedged Equity ETF,41.68190002441406
DBEM,Xtrackers MSCI Emerging Markets Hedged Equity ETF,26.05500030517578
DBEU,Xtrackers MSCI Europe Hedged Equity ETF,41.119998931884766
DBEZ,Xtrackers MSCI Eurozone Hedged Equity ETF,45.31010055541992
DBI,Designer Brands Inc. Class A Common Stock,5.070000171661377
DBJP,Xtrackers MSCI Japan Hedged Equity ETF,75.05000305175781
DBL,DoubleLine Opportunistic Credit Fund Common Shares of Beneficial Interest,15.460000038146973
DBMF,iM DBi Managed Futures Strategy ETF ETF,27.04010009765625
DBO,Invesco DB Oil Fund,14.819999694824219
DBP,Invesco DB Precious Metals Fund,64.29000091552734
DBVT,DBV Technologies S.A. - American Depositary Shares,0.7649999856948853
DBX,"Dropbox, Inc. - Class A Common Stock",27.844999313354492
DCF,"BNY Mellon Alcentra Global Credit Income 2024 Target Term Fund, Inc. Common Stock",9.194999694824219
DCI,"Donaldson Company, Inc. Common Stock",77.2300033569336
DCO,Ducommun Incorporated Common Stock,65.97000122070312
DCOM,"Dime Community Bancshares, Inc. - Common Stock",34.5099983215332
DCOMP,"Dime Community Bancshares, Inc. - 5.50% Fixed-Rate Non-Cumulative Perpetual Preferred Stock, Series A",20.100000381469727
DD,"DuPont de Nemours, Inc. Common Stock",84.625
DDD,3D Systems Corporation Common Stock,3.575000047683716
DDIV,First Trust Dorsey Wright Momentum & Dividend ETF,39.404998779296875
DDLS,WisdomTree Dynamic Currency Hedged International SmallCap Equity Fund,34.81990051269531
DDM,ProShares Ultra Dow30,101.19999694824219
DDOG,"Datadog, Inc. - Class A Common Stock",128.05499267578125
DDS,"Dillard's, Inc. Common Stock",398.30999755859375
DDT,Dillard's Capital Trust I,25.85849952697754
DDWM,WisdomTree Dynamic Currency Hedged International Equity Fund,34.698699951171875
DE,Deere & Company Common Stock,405.864990234375
DEA,"Easterly Government Properties, Inc. Common Stock",13.5649995803833
DECK,Deckers Outdoor Corporation Common Stock,164.7100067138672
DEEF,Xtrackers FTSE Developed ex US Comprehensive Factor ETF,29.190000534057617
DEI,"Douglas Emmett, Inc. Common Stock",18.6200008392334
DELL,Dell Technologies Inc. Class C Common Stock ,138.06500244140625
DEM,WisdomTree Emerging Markets High Dividend Fund,42.2599983215332
DENN,Denny's Corporation - Common Stock,7.454999923706055
DEO,Diageo plc Common Stock,119.94999694824219
DES,WisdomTree U.S. SmallCap Dividend Fund,36.95000076293945
DESP,"Despegar.com, Corp. Ordinary Shares",15.024999618530273
DEUS,Xtrackers Russell 1000 Comprehensive Factor ETF,56.400001525878906
DEW,WisdomTree Global High Dividend Fund,54.67499923706055
DFE,WisdomTree Europe SmallCap Dividend Fund,58.5
DFEB,FT Cboe Vest U.S. Equity Deep Buffer ETF - February,42.31999969482422
DFEN,Direxion Daily Aerospace & Defense Bull 3X Shares,35.79999923706055
DFIN,"Donnelley Financial Solutions, Inc. Common Stock ",59.810001373291016
DFJ,WisdomTree Japan SmallCap Fund,75.69000244140625
DFND,Realty Shares DIVCON Dividend Defender ETF,42.79999923706055
DFNL,Davis Select Financial ETF,40.470001220703125
DFP,Flaherty & Crumrine Dynamic Preferred and Income Fund Inc. Common Stock,20.5
DFS,Discover Financial Services Common Stock,180.25
DG,Dollar General Corporation Common Stock,77.68900299072266
DGICA,"Donegal Group, Inc. - Class A Common Stock",15.699999809265137
DGICB,"Donegal Group, Inc. - Class B Common Stock",13.343500137329102
DGII,Digi International Inc. - Common Stock,32.06999969482422
DGLY,"Digital Ally, Inc. - Common Stock",0.949999988079071
DGP,"DB Gold Double Long ETN due February 15, 2038",68.1510009765625
DGRE,WisdomTree Emerging Markets Quality Dividend Growth Fund,26.5
DGRO,iShares Core Dividend Growth ETF,63.89899826049805
DGRS,WisdomTree U.S. SmallCap Quality Dividend Growth Fund,55.380001068115234
DGRW,WisdomTree U.S. Quality Dividend Growth Fund,84.73999786376953
DGS,WisdomTree Emerging Market SmallCap Fund,51.345001220703125
DGT,SPDR Global Dow ETF (based on The Global Dow),136.93910217285156
DGX,Quest Diagnostics Incorporated Common Stock,154.77999877929688
DGZ,"DB Gold Short ETN due February 15, 2038",8.020500183105469
DHC,Diversified Healthcare Trust  - Common Shares of Beneficial Interest,2.875
DHCNI,Diversified Healthcare Trust  - 5.625% Senior Notes due 2042,15.077899932861328
DHF,BNY Mellon High Yield Strategies Fund Common Stock,2.5999999046325684
DHI,"D.R. Horton, Inc. Common Stock",166.84500122070312
DHIL,"Diamond Hill Investment Group, Inc. - Class A Common Stock",168.1999969482422
DHR,Danaher Corporation Common Stock,248.0800018310547
DHS,WisdomTree U.S. High Dividend Fund,98.36000061035156
DHT,"DHT Holdings, Inc.",10.449999809265137
DHX,"DHI Group, Inc. Common Stock",1.690000057220459
DHY,Credit Suisse High Yield Bond Fund Common Stock,2.1549999713897705
DIA,SPDR Dow Jones Industrial Average ETF,436.9849853515625
DIAL,Columbia Diversified Fixed Income Allocation ETF,17.784000396728516
DIAX,Nuveen Dow 30SM Dynamic Overwrite Fund Common Shares of Beneficial Interest,15.024999618530273
DIG,ProShares Ultra Oil & Gas,43.61899948120117
DIM,WisdomTree International MidCap Dividend Fund,62.77859878540039
DIN,"Dine Brands Global, Inc. Common Stock",36.15999984741211
DINT,Davis Select International ETF,23.950000762939453
DIOD,Diodes Incorporated - Common Stock,64.08000183105469
DIS,Walt Disney Company (The) Common Stock,98.67350006103516
DIT,AMCON Distributing Company Common Stock,132.0
DIV,Global X Super Dividend ETF,18.774999618530273
DIVB,iShares U.S. Dividend and Buyback ETF,49.95009994506836
DIVO,Amplify CWP Enhanced Dividend Income ETF,41.739898681640625
DIVY,Realty Shares DIVS ETF,26.81999969482422
DJCB,"ETRACS Bloomberg Commodity Index Total Return ETN Series B due October 31, 2039",21.040000915527344
DJCO,Daily Journal Corp. (S.C.) - Common Stock,584.9000244140625
DJD,Invesco Dow Jones Industrial Average Dividend ETF,52.189998626708984
DJP,iPath Bloomberg Commodity Index Total Return ETN,31.610000610351562
DK,"Delek US Holdings, Inc. Common Stock",17.469999313354492
DKL,"Delek Logistics Partners, L.P. Common Units representing Limited Partner Interests",39.38999938964844
DKS,Dick's Sporting Goods Inc Common Stock,194.75999450683594
DLB,Dolby Laboratories Common Stock,75.46499633789062
DLHC,DLH Holdings Corp. - Common Stock,9.46500015258789
DLN,WisdomTree U.S. LargeCap Dividend Fund,80.67500305175781
DLNG,Dynagas LNG Partners LP Common Units,3.859999895095825
DLPN,"Dolphin Entertainment, Inc. - Common Stock",1.1749999523162842
DLR,"Digital Realty Trust, Inc. Common Stock",174.2769012451172
DLS,WisdomTree International SmallCap Fund,64.51239776611328
DLTH,Duluth Holdings Inc. - Class B Common Stock,3.9200000762939453
DLTR,"Dollar Tree, Inc. - Common Stock",62.11000061035156
DLX,Deluxe Corporation Common Stock,20.799999237060547
DLY,DoubleLine Yield Opportunities Fund Common Shares of Beneficial Interest,16.16010093688965
DMAC,DiaMedica Therapeutics Inc. - Common Stock,4.385000228881836
DMB,"BNY Mellon Municipal Bond Infrastructure Fund, Inc. Common Stock",10.614999771118164
DMF,BNY Mellon Municipal Income Inc. Common Stock,7.079999923706055
DMLP,"Dorchester Minerals, L.P. - Common Units Representing Limited Partnership Interests",32.54499816894531
DMO,Western Asset Mortgage Opportunity Fund Inc. Common Stock,12.1697998046875
DMRC,Digimarc Corporation - Common Stock,32.86000061035156
DNL,WisdomTree Global ex-US Quality Dividend Growth Fund,37.394500732421875
DNLI,Denali Therapeutics Inc. - Common Stock,29.431900024414062
DNN,Denison Mines Corp Ordinary Shares (Canada),2.0450000762939453
DNOV,FT Cboe Vest U.S. Equity Deep Buffer ETF - November,42.650001525878906
DNOW,NOW Inc. Common Stock,13.765000343322754
DNP,"DNP Select Income Fund, Inc. Common Stock",9.2298002243042
DOC,Physicians Realty Trust Common Shares of Beneficial Interest,22.315000534057617
DOCU,"DocuSign, Inc. - Common Stock",75.73500061035156
DOG,ProShares Short Dow30,26.06999969482422
DOGZ,Dogness (International) Corporation - Class A Common Stock,44.07500076293945
DOL,WisdomTree International LargeCap Dividend Fund,51.408199310302734
DOMO,"Domo, Inc. - Class B Common Stock",8.789999961853027
DON,WisdomTree U.S. MidCap Dividend Fund,53.51689910888672
DOOO,BRP Inc. - Common Subordinate Voting Shares,50.5
DORM,"Dorman Products, Inc. - Common Stock",136.8699951171875
DOV,Dover Corporation Common Stock,202.77000427246094
DOW,Dow Inc. Common Stock ,48.30009841918945
DOX,Amdocs Limited - Ordinary Shares,91.0
DOYU,DouYu International Holdings Limited - American Depositary Shares,10.84000015258789
DPG,Duff & Phelps Utility and Infrastructure Fund Inc.,11.430000305175781
DPST,Direxion Daily Regional Banks Bull 3X Shares,153.19000244140625
DPZ,Domino's Pizza Inc Common Stock,442.447509765625
DQ,"DAQO New Energy Corp. American Depositary Shares, each representing five ordinary shares",21.110000610351562
DRD,DRDGOLD Limited American Depositary Shares,10.880000114440918
DRH,Diamondrock Hospitality Company Common Stock,9.279999732971191
DRI,"Darden Restaurants, Inc. Common Stock",172.17999267578125
DRIO,DarioHealth Corp. - Common Stock,0.9800000190734863
DRIP,Direxion Daily S&P Oil & Gas Exp. & Prod. Bear 2X Shares,9.805000305175781
DRIV,Global X Autonomous & Electric Vehicles ETF,23.00029945373535
DRN,Direxion Daily Real Estate Bull 3x Shares,11.4399995803833
DRRX,DURECT Corporation - Common Stock,1.3799999952316284
DRSK,Aptus Defined Risk ETF ,27.959999084472656
DRV,Drexion Daily Real Estate Bear 3x Shares,26.559999465942383
DSGX,The Descartes Systems Group Inc. - Common Stock,112.16000366210938
DSI,iShares MSCI KLD 400 Social ETF,112.72599792480469
DSL,DoubleLine Income Solutions Fund Common Shares of Beneficial Interests,12.684800148010254
DSM,"BNY Mellon Strategic Municipal Bond Fund, Inc. Common Stock",5.929999828338623
DSS,"Document Security Systems, Inc. Common Stock",1.332800030708313
DSTL,Distillate U.S. Fundamental Stability & Value ETF,57.63010025024414
DSU,"Blackrock Debt Strategies Fund, Inc. Common Stock",10.82979965209961
DSWL,"Deswell Industries, Inc. - Common Shares",2.5199999809265137
DSX,Diana Shipping inc. common stock,2.255000114440918
DT,"Dynatrace, Inc. Common Stock",56.63999938964844
DTD,WisdomTree U.S. Total Dividend Fund,79.02999877929688
DTE,DTE Energy Company Common Stock,121.7300033569336
DTEC,ALPS ETF Trust ALPS Disruptive Technologies ETF,44.93009948730469
DTF,"DTF Tax-Free Income, Inc. Common Stock",11.207500457763672
DTH,WisdomTree International High Dividend Fund,38.959598541259766
DTIL,"Precision BioSciences, Inc. - Common Stock",8.319999694824219
DTSS,Datasea Inc. - Common Stock,2.4100000858306885
DTW,DTE Energy Company 2017 Series E 5.25% Junior Subordinated Debentures due 2077,23.665000915527344
DUG,ProShares UltraShort Oil & Gas,8.734999656677246
DUK,Duke Energy Corporation (Holding Company) Common Stock,113.7699966430664
DUKB,Duke Energy Corporation 5.625% Junior Subordinated Debentures due 2078,25.091999053955078
DUKH,Duke Energy Corporation 5.125% Junior Subordinated Debentures due 2073,25.549999237060547
DUO,Fangdd Network Group Ltd. - American Depositary Shares,1.1200000047683716
DUOT,"Duos Technologies Group, Inc. - Common Stock",4.610000133514404
DURA,VanEck Vectors Morningstar Durable Dividend ETF,34.97999954223633
DUSA,Davis Select U.S. Equity ETF,43.939998626708984
DUSL,Direxion Daily Industrials Bull 3X Shares,72.55729675292969
DUST,Direxion Daily Gold Miners Index Bear 2X Shares,56.2400016784668
DVA,DaVita Inc. Common Stock,146.88999938964844
DVAX,Dynavax Technologies Corporation - Common Stock,12.300000190734863
DVLU,First Trust Dorsey Wright Momentum & Value ETF,31.860000610351562
DVN,Devon Energy Corporation Common Stock,40.310001373291016
DVOL,First Trust Dorsey Wright Momentum & Low Volatility ETF,35.38349914550781
DVY,iShares Select Dividend ETF,138.49859619140625
DVYA,iShares Asia / Pacific Dividend 30 Index Fund Exchange Traded Fund,37.34920120239258
DVYE,iShares Emerging Markets Dividend Index Fund Exchange Traded Fund,28.200000762939453
DWAS,Invesco DWA SmallCap Momentum ETF,99.31999969482422
DWAT,Arrow DWA Tactical ETF,11.904999732971191
DWAW,AdvisorShares Dorsey Wright FSM All Cap World ETF,40.5
DWLD,Davis Select Worldwide ETF,38.859798431396484
DWM,WisdomTree International Equity Fund,54.790000915527344
DWMF,WisdomTree International Multifactor Fund,27.31999969482422
DWSH,AdvisorShares Dorsey Wright Short ETF,7.110000133514404
DWSN,Dawson Geophysical Company - Common Stock,1.659999966621399
DWUS,AdvisorShares Dorsey Wright FSM US Core ETF,47.43000030517578
DWX,SPDR S&P International Dividend ETF,36.290401458740234
DX,"Dynex Capital, Inc. Common Stock",12.324999809265137
DXC,DXC Technology Company Common Stock ,21.639999389648438
DXCM,"DexCom, Inc. - Common Stock",68.26000213623047
DXD,ProShares UltraShort Dow30,25.81999969482422
DXJ,WisdomTree Japan Hedged Equity Fund,111.58999633789062
DXJS,WisdomTree Japan Hedged SmallCap Equity Fund,34.415000915527344
DXLG,"Destination XL Group, Inc. - Common Stock",2.9549999237060547
DXPE,"DXP Enterprises, Inc. - Common Stock",65.81500244140625
DXR,Daxor Corporation Common Stock,9.755000114440918
DXYN,"The Dixie Group, Inc. - Common Stock",0.6899999976158142
DY,"Dycom Industries, Inc. Common Stock",178.5850067138672
DYAI,"Dyadic International, Inc. - Common Stock",1.0299999713897705
DYNF,BlackRock U.S. Equity Factor Rotation ETF,51.70500183105469
DYNT,Dynatronics Corporation - Common Stock,0.15000000596046448
DZSI,"DASAN Zhone Solutions, Inc. - Common Stock",0.6880000233650208
DZZ,"DB Gold Double Short ETN due February 15, 2038",1.7000000476837158
E,ENI S.p.A. Common Stock,30.145000457763672
EA,Electronic Arts Inc. - Common Stock,157.7899932861328
EAD,Wells Fargo Income Opportunities Fund Common Shares,6.891300201416016
EAF,GrafTech International Ltd. Common Stock,2.055000066757202
EAGG,iShares ESG U.S. Aggregate Bond ETF,46.845001220703125
EARN,Ellington Residential Mortgage REIT Common Shares of Beneficial Interest,6.394999980926514
EASG,Xtrackers MSCI EAFE ESG Leaders Equity ETF,30.390100479125977
EAST,"Eastside Distilling, Inc. - Common Stock",0.5199999809265137
EAT,"Brinker International, Inc. Common Stock",116.5250015258789
EB,"Eventbrite, Inc. Class A Common Stock",3.450000047683716
EBAY,eBay Inc. - Common Stock,60.970001220703125
EBF,"Ennis, Inc. Common Stock",21.645000457763672
EBIZ,Global X E-commerce ETF,27.096200942993164
EBMT,"Eagle Bancorp Montana, Inc. - Common Stock",16.889999389648438
EBND,SPDR Bloomberg Barclays Emerging Markets Local Bond ETF,19.9950008392334
EBR,Centrais Electricas Brasileiras S A American Depositary Shares (Each representing one Common Share),6.505000114440918
EBS,"Emergent Biosolutions, Inc. Common Stock",9.136099815368652
EBTC,Enterprise Bancorp Inc - Common Stock,37.529998779296875
EC,Ecopetrol S.A. American Depositary Shares,7.605000019073486
ECC,Eagle Point Credit Company Inc. Common Stock,9.600000381469727
ECCX,Eagle Point Credit Company Inc. 6.6875% Notes due 2028,24.70199966430664
ECF,Ellsworth Growth and Income Fund Ltd.,9.539999961853027
ECH,iShares Inc. iShares MSCI Chile ETF,25.703100204467773
ECL,Ecolab Inc. Common Stock,244.75999450683594
ECLN,First Trust EIP Carbon Impact ETF,29.20439910888672
ECNS,iShares MSCI China Small-Cap ETF,26.86009979248047
ECON,Columbia Emerging Markets Consumer ETF,21.899999618530273
ECOR,"electroCore, Inc. - Common Stock",12.140000343322754
ECOW,Pacer Emerging Markets Cash Cows 100 ETF,21.090999603271484
ECPG,Encore Capital Group Inc - Common Stock,50.27000045776367
ED,"Consolidated Edison, Inc. Common Stock",98.9800033569336
EDAP,"EDAP TMS S.A. - American Depositary Shares, each representing One Ordinary Share",2.809999942779541
EDC,Direxion Emerging Markets Bull 3X Shares,34.643001556396484
EDD,"Morgan Stanley Emerging Markets Domestic Debt Fund, Inc. Morgan Stanley Emerging Markets Domestic Debt Fund, Inc. Common Stock",4.75
EDEN,iShares Inc iShares MSCI Denmark ETF,115.86499786376953
EDF,Stone Harbor Emerging Markets Income Fund Common Shares of Beneficial Interest,5.018799781799316
EDIT,"Editas Medicine, Inc. - Common Stock",3.3120999336242676
EDIV,SPDR S&P Emerging Markets Dividend ETF,35.900001525878906
EDN,Empresa Distribuidora Y Comercializadora Norte S.A. (Edenor) Empresa Distribuidora Y Comercializadora Norte S.A. (Edenor) American Depositary Shares,32.36000061035156
EDOG,ALPS Emerging Sector Dividend Dogs ETF,22.059999465942383
EDOW,First Trust Dow 30 Equal Weight ETF,36.5099983215332
EDRY,EuroDry Ltd. - Common Shares,16.020000457763672
EDSA,"Edesa Biotech, Inc. - Common Shares",2.75
EDU,"New Oriental Education & Technology Group, Inc. Sponsored ADR representing 1 Ordinary Share (Cayman Islands)",59.974998474121094
EDUC,Educational Development Corporation - Common Stock,2.064300060272217
EDV,Vanguard Extended Duration Treasury ETF,71.23999786376953
EDZ,Direxion Emerging Markets Bear 3X Shares,7.841000080108643
EE,El Paso Electric Company Common Stock,26.295000076293945
EEA,"The European Equity Fund, Inc. Common Stock",8.6899995803833
EEFT,"Euronet Worldwide, Inc. - Common Stock",101.4749984741211
EELV,Invesco S&P Emerging Markets Low Volatility ETF,24.985000610351562
EEM,iShares MSCI Emerging Index Fund,44.76499938964844
EEMA,iShares MSCI Emerging Markets Asia ETF,76.61000061035156
EEMO,Invesco S&P Emerging Markets Momentum ETF,16.770000457763672
EEMS,Ishares MSCI Emerging Markets Small Cap Index Fund,61.84000015258789
EEMV,iShares Edge MSCI Min Vol Emerging Markets ETF,60.584999084472656
EEMX,SPDR MSCI Emerging Markets Fuel Reserves Free ETF,34.58000183105469
EES,WisdomTree U.S. SmallCap Fund,57.64469909667969
EET,ProShares Ultra MSCI Emerging Markets,57.78900146484375
EEV,ProShares UltraShort MSCI Emerging Markets,15.859000205993652
EEX,"Emerald Holding, Inc. Common Stock",4.525000095367432
EFA,iShares MSCI EAFE ETF,79.07499694824219
EFAD,ProShares Trust ProShares MSCI EAFE Dividend Growers ETF,39.04999923706055
EFAS,Global X MSCI SuperDividend EAFE ETF,14.510000228881836
EFAV,iShares Edge MSCI Min Vol EAFE ETF,73.62000274658203
EFAX,SPDR MSCI EAFE Fossil Fuel Reserves Free ETF,41.385501861572266
EFC,Ellington Financial Inc. Common Stock ,12.029999732971191
EFG,iShares MSCI EAFE Growth ETF,100.71499633789062
EFNL,iShares Inc iShares MSCI Finland ETF,34.810001373291016
EFO,ProShares Ultra MSCI EAFE,44.4900016784668
EFOI,"Energy Focus, Inc. - Common Stock",1.2898999452590942
EFR,Eaton Vance Senior Floating-Rate Fund Common Shares of Beneficial Interest,12.834400177001953
EFSC,Enterprise Financial Services Corporation - Common Stock,59.709999084472656
EFT,Eaton Vance Floating Rate Income Trust Common Shares of Beneficial Interest,13.140000343322754
EFU,ProShares UltraShort MSCI EAFE,7.590000152587891
EFV,iShares MSCI EAFE Value ETF,54.974998474121094
EFX,"Equifax, Inc. Common Stock",263.2349853515625
EFZ,ProShares Short MSCI EAFE,16.280000686645508
EGAN,eGain Corporation - Common Stock,5.75
EGBN,"Eagle Bancorp, Inc. - Common Stock",29.84000015258789
EGF,"Blackrock Enhanced Government Fund, Inc. Common Stock",9.760000228881836
EGHT,8x8 Inc Common Stock,2.8450000286102295
EGO,Eldorado Gold Corporation Ordinary Shares,16.1299991607666
EGP,"EastGroup Properties, Inc. Common Stock",175.0449981689453
EGRX,"Eagle Pharmaceuticals, Inc. - Common Stock",0.949999988079071
EGY,"VAALCO Energy, Inc.  Common Stock",5.684999942779541
EH,EHang Holdings Limited - ADS,17.3700008392334
EHC,Encompass Health Corporation Common Stock,102.18000030517578
EHI,Western Asset Global High Income Fund Inc Common Stock,6.735000133514404
EHTH,"eHealth, Inc. - Common Stock",5.019999980926514
EIC,Eagle Point Income Company Inc. Common Stock,16.356199264526367
EIDO,iShares MSCI Indonesia ETF,20.80500030517578
EIG,Employers Holdings Inc Common Stock,53.974998474121094
EIM,"Eaton Vance Municipal Bond Fund Common Shares of Beneficial Interest, $.01 par value",10.395000457763672
EINC,VanEck Vectors Energy Income ETF,94.41000366210938
EIRL,iShares Trust iShares MSCI Ireland ETF,62.560001373291016
EIS,iShares Inc iShares MSCI Israel ETF,69.55000305175781
EIX,Edison International Common Stock,81.45999908447266
EJAN,Innovator ETFs Trust Innovator MSCI Emerging Markets Power Buffer ETF - January,31.09939956665039
EJUL,Innovator MSCI Emerging Markets Power Buffer ETF - July,25.270000457763672
EKSO,"Ekso Bionics Holdings, Inc. - Common Stock",0.9074000120162964
EL,"Estee Lauder Companies, Inc. (The) Common Stock",63.4901008605957
ELA,Envela Corporation Common Stock,5.849999904632568
ELAN,Elanco Animal Health Incorporated Common Stock,12.845000267028809
ELC,"Entergy Louisiana, Inc. Collateral Trust Mortgage Bonds, 4.875 % Series due September 1, 2066",22.360000610351562
ELD,WisdomTree Emerging Markets Local Debt Fund,26.479999542236328
ELF,"e.l.f. Beauty, Inc. Common Stock",104.80999755859375
ELLO,Ellomay Capital Ltd Ordinary Shares (Israel),13.640000343322754
ELMD,"Electromed, Inc. Common Stock",23.8572998046875
ELOX,"Eloxx Pharmaceuticals, Inc. - Common Stock",0.00019999999494757503
ELP,Companhia Paranaense de Energia (COPEL) Common Stock,6.704999923706055
ELS,"Equity Lifestyle Properties, Inc. Common Stock",68.43499755859375
ELSE,"Electro-Sensors, Inc. - Common Stock",3.9800000190734863
ELTK,Eltek Ltd. - Ordinary Shares,10.800000190734863
EMB,iShares J.P. Morgan USD Emerging Markets Bond ETF,90.61000061035156
EMCB,WisdomTree Emerging Markets Corporate Bond Fund,65.22000122070312
EMD,Western Asset Emerging Markets Debt Fund Inc Common Stock,9.774999618530273
EMDV,ProShares MSCI Emerging Markets Dividend Growers ETF,45.666099548339844
EME,"EMCOR Group, Inc. Common Stock",501.8399963378906
EMF,Templeton Emerging Markets Fund Common Stock,13.0600004196167
EMGF,iShares Edge MSCI Multifactor Emerging Markets ETF,48.485599517822266
EMHY,iShares J.P. Morgan EM High Yield Bond ETF,38.38119888305664
EMIF,iShares S&P Emerging Markets Infrastructure Index Fund,22.190000534057617
EMKR,EMCORE Corporation - Common Stock,2.194999933242798
EML,Eastern Company (The) - Common Stock,31.049999237060547
EMLC,VanEck Vectors J.P. Morgan EM Local Currency Bond ETF,23.875
EMLP,First Trust North American Energy Infrastructure Fund,35.150001525878906
EMMF,WisdomTree Emerging Markets Multifactor Fund,27.59000015258789
EMMS,Emmis Communications Corporation - Class A Common Stock,4.25
EMN,Eastman Chemical Company Common Stock,103.43499755859375
EMNT,PIMCO Enhanced Short Maturity Active ESG Exchange-Traded Fund,98.55500030517578
EMO,ClearBridge Energy Midstream Opportunity Fund Inc. Common Stock,46.11000061035156
EMQQ,Emerging Markets Internet and Ecommerce ETF (The),38.48500061035156
EMR,Emerson Electric Company Common Stock,126.91999816894531
EMTL,SPDR DoubleLine Emerging Markets Fixed Income ETF,42.609901428222656
EMTY,ProShares Decline of the Retail Store ETF,13.359999656677246
EMX,EMX Royalty Corporation Common Shares (Canada),1.7949999570846558
EMXC,iShares MSCI Emerging Markets ex China ETF,59.39500045776367
ENB,Enbridge Inc Common Stock,41.46500015258789
ENFR,Alerian Energy Infrastructure ETF,30.783000946044922
ENG,ENGlobal Corporation - Common Stock,1.350000023841858
ENIC,Enel Chile S.A. American Depositary Shares (Each representing 50 shares of Common Stock),2.7850000858306885
ENJ,"Entergy New Orleans, LLC First Mortgage Bonds, 5.0% Series due December 1, 2052",23.145000457763672
ENLC,"EnLink Midstream, LLC Common Units representing Limited Partner Interests",15.494999885559082
ENLV,Enlivex Therapeutics Ltd. - Ordinary Shares,1.25
ENO,"Entergy New Orleans, LLC First Mortgage Bonds, 5.50% Series due April 1, 2066",24.000200271606445
ENOR,iShares Inc iShares MSCI Norway ETF,23.520000457763672
ENPH,"Enphase Energy, Inc. - Common Stock",74.5999984741211
ENR,"Energizer Holdings, Inc. Common Stock",33.40999984741211
ENS,EnerSys Common Stock,102.27999877929688
ENSG,"The Ensign Group, Inc. - Common Stock",142.2550048828125
ENTA,"Enanta Pharmaceuticals, Inc. - Common Stock",11.475000381469727
ENTG,"Entegris, Inc. - Common Stock",105.09500122070312
ENTX,Entera Bio Ltd. - Ordinary Shares,1.7599999904632568
ENV,"Envestnet, Inc Common Stock",62.91999816894531
ENVA,"Enova International, Inc. Common Stock",101.57499694824219
ENX,"Eaton Vance New York Municipal Bond Fund Common Shares of Beneficial Interest, $.01 par value",9.476799964904785
ENZ,"Enzo Biochem, Inc. Common Stock ($0.01 Par Value)",1.125
ENZL,iShares MSCI New Zealand ETF,47.37649917602539
EOD,Wells Fargo Global Dividend Opportunity Fund,4.900000095367432
EOG,"EOG Resources, Inc. Common Stock",128.07000732421875
EOI,Eaton Vance Enhance Equity Income Fund Eaton Vance Enhanced Equity Income Fund Shares of Beneficial Interest,20.358400344848633
EOLS,"Evolus, Inc. - Common Stock",16.489999771118164
EOS,Eaton Vance Enhance Equity Income Fund II Common Stock,22.78860092163086
EOT,Eaton Vance Municipal Income Trust EATON VANCE NATIONAL MUNICIPAL OPPORTUNITIES TRUST,17.559999465942383
EPAC,Enerpac Tool Group Corp. Common Stock,50.88999938964844
EPAM,"EPAM Systems, Inc. Common Stock",201.97000122070312
EPC,Edgewell Personal Care Company Common Stock,36.369998931884766
EPD,Enterprise Products Partners L.P. Common Stock,30.05500030517578
EPHE,iShares MSCI Philippines ETF,27.25
EPI,WisdomTree India Earnings Fund,47.8406982421875
EPIX,ESSA Pharma Inc. - Common Stock,1.7350000143051147
EPM,"Evolution Petroleum Corporation, Inc. Common Stock",5.539999961853027
EPOL,iShares Trust iShares MSCI Poland ETF,22.325000762939453
EPP,iShares MSCI Pacific Ex-Japan Index Fund,46.474998474121094
EPR,EPR Properties Common Stock,44.54999923706055
EPRF,Innovator S&P Investment Grade Preferred ETF,19.559999465942383
EPRT,"Essential Properties Realty Trust, Inc. Common Stock",31.469999313354492
EPS,WisdomTree U.S. LargeCap Fund,62.32400131225586
EPSN,Epsilon Energy Ltd. - Common Shares,6.018899917602539
EPU,iShares Trust iShares MSCI Peru ETF,43.64189910888672
EPV,ProShares UltraShort FTSE Europe ETF,7.7621002197265625
EQ,"Equillium, Inc. - Common Stock",0.7513999938964844
EQAL,Invesco Russell 1000 Equal Weight ETF,50.17359924316406
EQBK,"Equity Bancshares, Inc. - Class A Common Stock",47.0
EQC,Equity Commonwealth Common Shares of Beneficial Interest,20.045000076293945
EQH,"Equitable Holdings, Inc. Common Stock",50.22999954223633
EQIX,"Equinix, Inc. - Common Stock",891.9000244140625
EQL,ALPS Equal Sector Weight ETF,129.52499389648438
EQNR,Equinor ASA,22.565000534057617
EQR,Equity Residential Common Shares of Beneficial Interest,71.54000091552734
EQRR,ProShares Equities for Rising Rates ETF,61.209999084472656
EQS,"Equus Total Return, Inc. Common Stock",1.2899999618530273
EQT,EQT Corporation Common Stock,40.595001220703125
EQWL,Invesco S&P 100 Equal Weight ETF,105.41100311279297
EQX,Equinox Gold Corp. Common Shares,5.210100173950195
ERC,"Wells Fargo Multi-Sector Income Fund Common Stock, no par value",9.112099647521973
ERH,Wells Fargo Utilities and High Income Fund,10.680000305175781
ERIC,Ericsson - American Depositary Shares each representing 1 underlying Class B share,8.1850004196167
ERIE,Erie Indemnity Company - Class A Common Stock,428.635009765625
ERII,"Energy Recovery, Inc. - Common Stock",19.65999984741211
ERJ,Embraer S.A. Common Stock,35.65999984741211
ERX,Direxion Energy Bull 2X Shares,67.19999694824219
ERY,Direxion Daily Energy Bear 2X Shares,21.15999984741211
ES,Eversource Energy (D/B/A) Common Stock,60.81999969482422
ESBA,"Empire State Realty OP, L.P. Series ES Operating Partnership Units Representing Limited Partnership Interests",10.9399995803833
ESCA,"Escalade, Incorporated - Common Stock",15.270000457763672
ESE,ESCO Technologies Inc. Common Stock,143.36000061035156
ESEA,Euroseas Ltd. - Common Stock,41.58000183105469
ESG,FlexShares Trust FlexShares STOXX US ESG Impact Index Fund,137.77499389648438
ESGD,iShares ESG MSCI EAFE ETF,79.20999908447266
ESGE,iShares ESG MSCI EM ETF,35.55799865722656
ESGG,FlexShares Trust FlexShares STOXX Global ESG Impact Index Fund,170.49000549316406
ESGR,Enstar Group Limited - Ordinary Shares,324.70001220703125
ESGRO,"Enstar Group Limited - Depository Shares 7.00% Perpetual Non-Cumulative Preference Shares, Series E",20.950000762939453
ESGRP,Enstar Group Limited - Depositary Shares Each Representing 1/1000th of an interest in Preference Shares,21.739999771118164
ESGU,iShares ESG MSCI USA ETF,129.91000366210938
ESGV,Vanguard ESG U.S. Stock ETF,105.1500015258789
ESI,Element Solutions Inc. Common Stock,28.8799991607666
ESLT,Elbit Systems Ltd. - Ordinary Shares,232.06500244140625
ESML,iShares ESG MSCI USA Small-Cap ETF,44.47999954223633
ESNT,Essent Group Ltd. Common Shares,56.619998931884766
ESP,Espey Mfg. & Electronics Corp. Common Stock,32.10490036010742
ESPO,VanEck Vectors Video Gaming and eSports ETF,76.08999633789062
ESPR,"Esperion Therapeutics, Inc. - Common Stock",2.1907999515533447
ESQ,"Esquire Financial Holdings, Inc. - Common Stock",73.80000305175781
ESRT,"Empire State Realty Trust, Inc. Class A Common Stock",10.914999961853027
ESS,"Essex Property Trust, Inc. Common Stock",293.4200134277344
ESSA,"ESSA Bancorp, Inc. - common stock",21.399999618530273
ESTA,Establishment Labs Holdings Inc. - Common Shares,48.810001373291016
ESTC,Elastic N.V. Ordinary Shares,85.49500274658203
ET,Energy Transfer LP Common Units ,17.395000457763672
ETB,Eaton Vance Tax-Managed Buy-Write Income Fund Eaton Vance Tax-Managed Buy-Write Income Fund Common Shares of Beneficial Interest,14.630000114440918
ETG,Eaton Vance Tax-Advantaged Global Dividend Income Fund Common Shares of Beneficial Interest,19.225000381469727
ETH,Ethan Allen Interiors Inc. Common Stock,2.5299999713897705
ETHO,Etho Climate Leadership U.S. ETF,62.41999816894531
ETJ,Eaton Vance Risk-Managed Diversified Equity Income Fund Common Shares of Beneficial Interest,9.194999694824219
ETN,"Eaton Corporation, PLC Ordinary Shares",361.44500732421875
ETNB,"89bio, Inc. - Common Stock",10.210000038146973
ETO,Eaton Vance Tax-Advantage Global Dividend Opp Common Stock,25.954999923706055
ETON,"Eton Pharmaceuticals, Inc. - Common Stock",8.65999984741211
ETR,Entergy Corporation Common Stock,146.30999755859375
ETSY,"Etsy, Inc. - Common Stock",53.13570022583008
ETV,Eaton Vance Corporation Eaton Vance Tax-Managed Buy-Write Opportunities Fund Common Shares of Beneficial Interest,13.970100402832031
ETW,Eaton Vance Corporation Eaton Vance Tax-Managed Global Buy-Write Opportunites Fund Common Shares of Beneficial Interest,8.619999885559082
ETX,Eaton Vance Municipal Income 2028 Term Trust Common Shares of Beneficial Interest,18.459999084472656
ETY,"Eaton Vance Tax-Managed Diversified Equity Income Fund Common Shares of Beneficial Interest,",14.755000114440918
EUDG,WisdomTree Europe Quality Dividend Growth Fund,31.59000015258789
EUFN,iShares MSCI Europe Financials Sector Index Fund,24.125
EUM,ProShares Short MSCI Emerging Markets,12.832500457763672
EUO,ProShares UltraShort Euro,32.29999923706055
EURL,Direxion Daily FTSE Europe Bull 3x Shares,23.434999465942383
EUSA,iShares MSCI USA Equal Weighted ETF,98.49150085449219
EUSC,WisdomTree Europe Hedged SmallCap Equity Fund,37.70500183105469
EV,Eaton Vance Corporation Common Stock,25.530000686645508
EVBN,"Evans Bancorp, Inc. Common Stock",43.90999984741211
EVC,Entravision Communications Corporation Common Stock,2.530100107192993
EVER,"EverQuote, Inc. - Class A Common Stock",18.924999237060547
EVF,Eaton Vance Senior Income Trust Common Stock,6.231200218200684
EVFM,"Evofem Biosciences, Inc. - Common Stock",0.01140000019222498
EVG,Eaton Vance Short Diversified Income Fund Eaton Vance Short Duration Diversified Income Fund Common Shares of Beneficial Interest,11.199999809265137
EVGN,Evogene Ltd. - Ordinary Shares,1.909999966621399
EVH,"Evolent Health, Inc Class A Common Stock",24.59000015258789
EVI,"EVI Industries, Inc.  Common Stock",20.954999923706055
EVLO,"Evelo Biosciences, Inc. - Common Stock",0.00039999998989515007
EVM,"Eaton Vance California Municipal Bond Fund Common Shares of Beneficial Interest, $.01 par value",9.180000305175781
EVN,Eaton Vance Municipal Income Trust Common Stock,10.359999656677246
EVOK,"Evoke Pharma, Inc. - Common Stock",5.889999866485596
EVOL,"Evolving Systems, Inc. - Common Stock",0.9200000166893005
EVR,Evercore Inc. Class A Common Stock,317.19000244140625
EVRG,"Evergy, Inc. Common Stock",61.220001220703125
EVRI,Everi Holdings Inc. Common Stock,13.364999771118164
EVT,Eaton Vance Tax Advantaged Dividend Income Fund Common Shares of Beneficial Interest,24.899999618530273
EVTC,"Evertec, Inc. Common Stock",34.20000076293945
EVV,Eaton Vance Limited Duration Income Fund Common Shares of Beneficial Interest,10.33240032196045
EVX,VanEck Vectors Environmental Services ETF,188.57000732421875
EW,Edwards Lifesciences Corporation Common Stock,65.8499984741211
EWA,iShares MSCI Australia Index Fund,25.709999084472656
EWBC,"East West Bancorp, Inc. - Common Stock",106.81999969482422
EWC,iShares MSCI Canada Index Fund,41.54990005493164
EWD,iShares Inc iShares MSCI Sweden ETF,39.529998779296875
EWG,iShares MSCI Germany Index Fund,31.950000762939453
EWH,iShares MSCI Hong Kong Index Fund,17.96500015258789
EWI,iShares Inc iShares MSCI Italy ETF,37.190101623535156
EWJ,iShares MSCI Japan Index Fund,69.44000244140625
EWJV,iShares MSCI Japan Value ETF,32.2599983215332
EWK,iShares Inc iShares MSCI Belgium ETF,19.531999588012695
EWL,iShares Inc iShares MSCI Switzerland ETF,48.869998931884766
EWM,iShares MSCI Malaysia Index Fund,25.1200008392334
EWN,iShares MSCI Netherlands Index Fund,45.875
EWO,iShares Inc iShares MSCI Austria ETF,21.325000762939453
EWP,iShares Inc iShares MSCI Spain ETF,32.98500061035156
EWQ,iShares MSCI France Index Fund,37.494998931884766
EWS,iShares Inc iShares MSCI Singapore ETF,21.450000762939453
EWT,iShares Inc iShares MSCI Taiwan ETF,55.220001220703125
EWU,iShares MSCI United Kingdom ETF,35.63999938964844
EWUS,Ishares MSCI United Kingdom Small Cap ETF,36.849998474121094
EWV,ProShares UltraShort MSCI Japan,10.199999809265137
EWW,iShares Inc iShares MSCI Mexico ETF,52.3650016784668
EWX,SPDR S&P Emerging Markets Small Cap ETF,61.778499603271484
EWY,iShares Inc iShares MSCI South Korea ETF,59.39500045776367
EWZ,iShares Inc iShares MSCI Brazil ETF,28.386699676513672
EWZS,iShares MSCI Brazil Small-Cap ETF,12.14009952545166
EXAS,Exact Sciences Corporation - Common Stock,54.91999816894531
EXC,Exelon Corporation - Common Stock,38.47999954223633
EXEL,"Exelixis, Inc. - Common Stock",35.6150016784668
EXG,Eaton Vance Tax-Managed Global Diversified Equity Income Fund Eaton Vance Tax-Managed Global Diversified Equity Income Fund Common Shares of Beneficial Interest,8.5
EXI,iShares Global Industrials ETF,150.28140258789062
EXK,Endeavour Silver Corporation Ordinary Shares (Canada),4.7006001472473145
EXLS,"ExlService Holdings, Inc. - Common Stock",45.36000061035156
EXP,Eagle Materials Inc Common Stock,314.4100036621094
EXPD,"Expeditors International of Washington, Inc. - Common Stock",119.73999786376953
EXPE,"Expedia Group, Inc. - Common Stock",171.36000061035156
EXPI,"eXp World Holdings, Inc. - Common Stock",14.389900207519531
EXPO,"Exponent, Inc. - Common Stock",104.62000274658203
EXR,Extra Space Storage Inc Common Stock,161.36749267578125
EXTR,"Extreme Networks, Inc. - Common Stock",16.47100067138672
EYE,"National Vision Holdings, Inc. - Common Stock",11.9350004196167
EYEG,"Eyegate Pharmaceuticals, Inc. - Common Stock",35.790000915527344
EYEN,"Eyenovia, Inc. - Common Stock",0.5009999871253967
EYLD,Cambria ETF Trust Cambria Emerging Shareholder Yield ETF,33.3572998046875
EYPT,"EyePoint Pharmaceuticals, Inc. - Common Stock",11.984999656677246
EZA,iShares MSCI South Africa Index Fund,49.40999984741211
EZJ,ProShares Ultra MSCI Japan,39.220001220703125
EZM,WisdomTree U.S. MidCap Fund,65.9000015258789
EZPW,"EZCORP, Inc. - Class A Non-Voting Common Stock",11.755000114440918
EZU,iShares MSCI Eurozone ETF,48.53499984741211
F,Ford Motor Company Common Stock,11.194700241088867
FAAR,First Trust Alternative Absolute Return Strategy ETF,27.769899368286133
FAB,First Trust Multi Cap Value AlphaDEX Fund,87.62000274658203
FAD,First Trust Multi Cap Growth AlphaDEX Fund,141.3946075439453
FAF,First American Corporation (New) Common Stock,62.51499938964844
FALN,iShares Fallen Angels USD Bond ETF,26.9950008392334
FAMI,"Farmmi, INC. - Ordinary Shares",0.3203999996185303
FAN,First Trust Global Wind Energy ETF,15.835000038146973
FANG,"Diamondback Energy, Inc. - Commmon Stock",184.61000061035156
FARM,Farmer Brothers Company - Common Stock,1.8799999952316284
FARO,"FARO Technologies, Inc. - Common Stock",18.925600051879883
FAS,Direxion Financial Bull 3X Shares,165.1199951171875
FAST,Fastenal Company - Common Stock,83.7300033569336
FAT,FAT Brands Inc. - Common Stock,5.320000171661377
FATE,"Fate Therapeutics, Inc. - Common Stock",2.7899999618530273
FAUG,FT Cboe Vest U.S. Equity Buffer ETF - August,46.4818000793457
FAX,Aberdeen Asia-Pacific Income Fund Inc Common Stock,16.68600082397461
FAZ,Direxion Financial Bear 3X Shares,5.963600158691406
FBIO,"Fortress Biotech, Inc. - Common Stock",1.7549999952316284
FBIOP,"Fortress Biotech, Inc. - 9.375% Series A Cumulative Redeemable Perpetual Preferred Stock",5.437699794769287
FBIZ,"First Business Financial Services, Inc. - Common Stock",50.209999084472656
FBK,FB Financial Corporation Common Stock,56.08000183105469
FBMS,"The First Bancshares, Inc. - Common Stock",37.849998474121094
FBNC,First Bancorp - Common Stock,47.43000030517578
FBND,Fidelity Total Bond ETF,45.30229949951172
FBP,First BanCorp. New Common Stock,22.274999618530273
FBT,First Trust Amex Biotech Index Fund,176.53500366210938
FBZ,First Trust Brazil AlphaDEX Fund,10.954999923706055
FC,Franklin Covey Company Common Stock,43.93000030517578
FCA,First Trust China AlphaDEX Fund,20.31999969482422
FCAL,First Trust California Municipal High income ETF,49.1776008605957
FCAP,"First Capital, Inc. - Common Stock",35.27000045776367
FCBC,"First Community Bankshares, Inc. - Common Stock",48.7599983215332
FCCO,First Community Corporation - Common Stock,24.5
FCEF,First Trust CEF Income Opportunity ETF,22.059999465942383
FCEL,"FuelCell Energy, Inc. - Common Stock",0.351500004529953
FCF,First Commonwealth Financial Corporation Common Stock,19.3799991607666
FCFS,"FirstCash, Inc. - Common Stock",110.58999633789062
FCG,First Trust Natural Gas ETF,25.139999389648438
FCN,"FTI Consulting, Inc. Common Stock",200.47999572753906
FCNCA,"First Citizens BancShares, Inc. - Class A Common Stock",2259.35498046875
FCNCP,"First Citizens BancShares, Inc. - Depositary Shares Each Representing a 1/40th Interest in a Share of 5.375% Non-Cumulative Perpetual Preferred Stock, Series A",23.690000534057617
FCO,"Aberdeen Global Income Fund, Inc. Common Stock",6.019999980926514
FCOM,Fidelity MSCI Communication Services Index ETF,58.0
FCOR,Fidelity Corporate Bond ETF,46.801998138427734
FCPI,Fidelity Stocks for Inflation ETF ,44.93989944458008
FCPT,"Four Corners Property Trust, Inc. Common Stock",27.479999542236328
FCT,First Trust Senior Floating Rate Income Fund II Common Shares of Beneficial Interest,10.270000457763672
FCTR,First Trust Lunt U.S. Factor Rotation ETF,32.54499816894531
FCVT,First Trust SSI Strategic Convertible Securities ETF,36.650001525878906
FCX,"Freeport-McMoRan, Inc. Common Stock",47.025001525878906
FDBC,"Fidelity D & D Bancorp, Inc. - Common Stock",58.75
FDD,First Trust Dow Jones STOXX Select Dividend 30 Index Fund,11.75979995727539
FDEM,Fidelity Targeted Emerging Markets Factor ETF,26.288299560546875
FDEV,Fidelity Targeted International Factor ETF,28.389999389648438
FDG,American Century Focused Dynamic Growth ETF,99.17009735107422
FDHY,Fidelity High Yield Factor ETF,48.6968994140625
FDIS,Fidelity MSCI Consumer Discretionary Index ETF,92.00509643554688
FDIV,First Trust Strategic Income ETF,28.93000030517578
FDL,First Trust Morningstar ETF,42.900001525878906
FDLO,Fidelity Low Volatility Factor ETF,61.939998626708984
FDM,First Trust DJ Select MicroCap ETF,70.55999755859375
FDMO,Fidelity Momentum Factor ETF,69.27629852294922
FDN,First Trust DJ Internet Index Fund,231.22999572753906
FDNI,First Trust Dow Jones International Internet ETF,28.240100860595703
FDP,"Fresh Del Monte Produce, Inc. Common Stock",34.119998931884766
FDRR,Fidelity Dividend ETF for Rising Rates,52.98500061035156
FDS,FactSet Research Systems Inc. Common Stock,478.010009765625
FDT,First Trust Developed Markets Ex-US AlphaDEX Fund,56.33000183105469
FDTS,First Trust Developed Markets ex-US Small Cap AlphaDEX Fund,41.27000045776367
FDUS,Fidus Investment Corporation - Common Stock,19.540000915527344
FDVV,Fidelity High Dividend ETF,51.67499923706055
FDX,FedEx Corporation Common Stock,280.9200134277344
FE,FirstEnergy Corp. Common Stock,41.775001525878906
FEDU,"Four Seasons Education (Cayman) Inc. American Depositary Shares, each two ADSs representing one ordinary share",11.475000381469727
FEIM,"Frequency Electronics, Inc. - Common Stock",12.725000381469727
FELE,"Franklin Electric Co., Inc. - Common Stock",109.7699966430664
FEM,First Trust Emerging Markets AlphaDEX Fund,22.820100784301758
FEMB,First Trust Emerging Markets Local Currency Bond ETF,27.105899810791016
FEMS,First Trust Emerging Markets Small Cap AlphaDEX Fund,39.34000015258789
FENC,Fennec Pharmaceuticals Inc. - Common Stock,4.920000076293945
FENG,"Phoenix New Media Limited American Depositary Shares, each representing 8 Class A ordinary shares.",2.4200000762939453
FENY,Fidelity MSCI Energy Index ETF,25.8799991607666
FEP,First Trust Europe AlphaDEX Fund,37.189998626708984
FET,"Forum Energy Technologies, Inc. Common Stock",15.800000190734863
FEUZ,First Trust Eurozone AlphaDEX ETF,41.439998626708984
FEX,First Trust Large Cap Core AlphaDEX Fund,108.43000030517578
FEZ,SPDR DJ Euro STOXX 50 Etf,49.31999969482422
FF,FutureFuel Corp.  Common shares,6.235000133514404
FFA,First Trust Enhanced Equity Income Fund,20.349899291992188
FFBC,First Financial Bancorp. - Common Stock,29.530000686645508
FFBW,"FFBW, Inc. - Common Stock",13.989999771118164
FFC,Flaherty & Crumrine Preferred and Income Securities Fund Incorporated,15.857199668884277
FFEB,FT Cboe Vest U.S. Equity Buffer ETF - February,49.34000015258789
FFIC,Flushing Financial Corporation - Common Stock,18.040000915527344
FFIN,"First Financial Bankshares, Inc. - Common Stock",41.709999084472656
FFIU,UVA Unconstrained Medium-Term Fixed Income ETF,21.68000030517578
FFIV,"F5 Networks, Inc. - Common Stock",241.02999877929688
FFNW,"First Financial Northwest, Inc. - Common Stock",22.774999618530273
FFTY,Innovator IBD 50 ETF,29.06999969482422
FFWM,First Foundation Inc. - Common Stock,7.610000133514404
FG,FGL Holdings Ordinary Share,47.119998931884766
FGB,First Trust Specialty Finance and Financial Opportunities Fund,4.099899768829346
FGBI,"First Guaranty Bancshares, Inc. - Common Stock",10.946000099182129
FGD,First Trust DJ Global Select Dividend,23.5
FGEN,"FibroGen, Inc - Common Stock",0.3093999922275543
FGM,First Trust Germany AlphaDEX Fund,38.62009811401367
FHB,"First Hawaiian, Inc. - Common Stock",28.27899932861328
FHI,"Federated Hermes, Inc. Common Stock",41.77000045776367
FHLC,Fidelity MSCI Health Care Index ETF,70.50340270996094
FHN,First Horizon National Corporation Common Stock,19.94499969482422
FI,Frank's International N.V. Common Stock,211.5449981689453
FIBK,"First Interstate BancSystem, Inc. - Class A Common Stock",34.27000045776367
FIBR,iShares Edge U.S. Fixed Income Balanced Risk ETF,87.06500244140625
FICO,Fair Isaac Corproation Common Stock,2088.445068359375
FID,First Trust S&P International Dividend Aristocrats ETF,16.97640037536621
FIDI,Fidelity International High Dividend ETF,20.448999404907227
FIDU,Fidelity MSCI Industrials Index ETF,75.83799743652344
FILL,iShares MSCI Global Energy Producers Fund,25.25
FINS,Angel Oak Financial Strategies Income Term Trust Common Shares of Beneficial Interest,12.90250015258789
FINV,FinVolution Group American Depositary Shares,6.255000114440918
FINX,Global X FinTech ETF,30.899999618530273
FIS,"Fidelity National Information Services, Inc. Common Stock",86.30000305175781
FISI,"Financial Institutions, Inc. - Common Stock",27.829999923706055
FISK,"Empire State Realty OP, L.P. Series 250 Operating Partnership Units Representing Limited Partnership Interests",10.90999984741211
FISR,SPDR SSGA Fixed Income Sector Rotation ETF,25.6200008392334
FITB,Fifth Third Bancorp - Common Stock,46.60499954223633
FITBI,Fifth Third Bancorp - Depositary Share repstg 1/1000th Ownership Interest Perp Pfd Series I,25.719999313354492
FITBO,"Fifth Third Bancorp - Depositary Shares each representing a 1/1000th ownership interest in a share of Non-Cumulative Perpetual Preferred Stock, Series K",23.829999923706055
FITBP,"Fifth Third Bancorp - Depositary Shares each representing 1/40th share of Fifth Third 6.00% Non-Cumulative Perpetual Class B Preferred Stock, Series A",24.950599670410156
FITE,SPDR S&P Kensho Future Security ETF ,65.54000091552734
FIVA,Fidelity International Value Factor ETF,25.469999313354492
FIVE,"Five Below, Inc. - Common Stock",84.69000244140625
FIVN,"Five9, Inc. - Common Stock",31.235000610351562
FIW,First Trust Water ETF,110.88099670410156
FIX,"Comfort Systems USA, Inc. Common Stock",438.375
FIXD,First Trust TCW Opportunistic Fixed Income ETF,43.435001373291016
FIZZ,National Beverage Corp. - Common Stock,48.720001220703125
FJP,First Trust Japan AlphaDEX Fund,52.540000915527344
FKU,First Trust United Kingdom AlphaDEX Fund,40.29869842529297
FL,"Foot Locker, Inc.",24.725000381469727
FLAU,Franklin FTSE Australia ETF,30.219900131225586
FLAX,Franklin FTSE Asia ex Japan ETF,24.110000610351562
FLBL,Franklin Liberty Senior Loan ETF,24.2549991607666
FLBR,Franklin FTSE Brazil ETF,17.25
FLC,Flaherty & Crumrine Total Return Fund Inc Common Stock,16.8302001953125
FLCA,Franklin FTSE Canada ETF,37.6172981262207
FLCB,Franklin Liberty U.S. Core Bond ETF,21.209999084472656
FLCH,Franklin FTSE China ETF,19.676700592041016
FLCO,Franklin Liberty Investment Grade Corporate ETF,21.325000762939453
FLDR,Fidelity Low Duration Bond Factor ETF,49.9900016784668
FLEE,Franklin FTSE Europe ETF,28.959999084472656
FLEU,Barclays ETN  FI Enhanced Europe 50 ETN Series B,25.010000228881836
FLEX,Flex Ltd. - Ordinary Shares,38.94499969482422
FLGB,Franklin FTSE United Kingdom ETF,27.399999618530273
FLGR,Franklin FTSE Germany ETF,25.030000686645508
FLGT,"Fulgent Genetics, Inc. - Common Stock",22.5
FLHK,Franklin FTSE Hong Kong ETF,18.510000228881836
FLHY,Franklin Liberty High Yield Corporate ETF ,24.06999969482422
FLIA,Franklin Liberty International Aggregate Bond ETF ,20.65999984741211
FLIC,The First of Long Island Corporation - Common Stock,14.489999771118164
FLIN,Franklin FTSE India ETF,39.68000030517578
FLJH,Franklin FTSE Japan Hedged ETF,31.895099639892578
FLJP,Franklin FTSE Japan ETF,29.424999237060547
FLKR,Franklin FTSE South Korea ETF,19.739999771118164
FLL,"Full House Resorts, Inc. - Common Stock",5.300000190734863
FLLA,Franklin FTSE Latin America ETF,19.80500030517578
FLMB,Franklin Templeton ETF Trust Franklin Liberty Municipal Bond ETF,23.75
FLMI,Franklin Templeton ETF Trust Franklin Liberty Intermediate Municipal Opportunities ETF,24.409900665283203
FLMX,Franklin FTSE Mexico ETF,25.860000610351562
FLN,First Trust Latin America AlphaDEX Fund,17.290000915527344
FLNG,FLEX LNG Ltd. Ordinary Shares,23.780000686645508
FLNT,"Fluent, Inc. - Common Stock",3.0897998809814453
FLO,"Flowers Foods, Inc. Common Stock",22.485000610351562
FLOT,iShares Floating Rate Bond ETF,50.948001861572266
FLQL,Franklin LibertyQ U.S. Equity ETF,59.64500045776367
FLQM,Franklin LibertyQ U.S. Mid Cap Equity ETF,57.189998626708984
FLQS,Franklin LibertyQ U.S. Small Cap Equity ETF,45.089900970458984
FLR,Fluor Corporation Common Stock,58.43000030517578
FLRN,SPDR Bloomberg Barclays Investment Grade Floating Rate ETF,30.7450008392334
FLRT,Pacific Global ETF Trust Pacific Global Senior Loan ETF,47.60020065307617
FLS,Flowserve Corporation Common Stock,59.60499954223633
FLSA,Franklin FTSE Saudi Arabia ETF,36.11000061035156
FLSP,Franklin Liberty Systematic Style Premia ETF,23.934999465942383
FLSW,Franklin FTSE Switzerland ETF,33.935001373291016
FLTB,Fidelity Limited Term Bond ETF,49.66999816894531
FLTR,VanEck Vectors Investment Grade Floating Rate ETF,25.440000534057617
FLTW,Franklin FTSE Taiwan ETF,49.38999938964844
FLWS,"1-800-FLOWERS.COM, Inc. - Class A Common Stock",8.84000015258789
FLXS,"Flexsteel Industries, Inc. - Common Stock",59.75
FM,iShares MSCI Frontier 100 Fund,27.649999618530273
FMAO,"Farmers & Merchants Bancorp, Inc. - Common Stock",31.860000610351562
FMAT,Fidelity MSCI Materials Index ETF,54.400001525878906
FMB,First Trust Managed Municipal ETF,50.785301208496094
FMBH,"First Mid Bancshares, Inc. - Common Stock",43.040000915527344
FMC,FMC Corporation Common Stock,60.84000015258789
FMF,First Trust Managed Futures Strategy Fund,47.15999984741211
FMHI,First Trust Municipal High Income ETF,48.279998779296875
FMN,Federated Premier Municipal Income Fund Federated Premier Municipal Income Fund,11.1899995803833
FMNB,Farmers National Banc Corp. - Common Stock,15.90999984741211
FMS,Fresenius Medical Care AG Common Stock,21.1200008392334
FMX,Fomento Economico Mexicano S.A.B. de C.V. Common Stock,96.94000244140625
FMY,First Trust Motgage Income Fund Common Shares of Beneficial Interest,11.954999923706055
FN,Fabrinet Ordinary Shares,246.38999938964844
FNB,F.N.B. Corporation Common Stock,16.729999542236328
FNCL,Fidelity MSCI Financials Index ETF,70.45999908447266
FND,"Floor & Decor Holdings, Inc. Common Stock",101.1500015258789
FNDA,Schwab Fundamental U.S. Small Company Index ETF,31.514999389648438
FNDB,Schwab Fundamental U.S. Broad Market Index ETF,24.208200454711914
FNDC,Schwab Fundamental International Small Company Index ETF,35.81549835205078
FNDE,Schwab Fundamental Emerging Markets Large Company Index ETF,31.635900497436523
FNDF,Schwab Fundamental International Large Company Index ETF,35.56869888305664
FNDX,Schwab Fundamental U.S. Large Company Index ETF,24.635000228881836
FNF,"FNF Group of Fidelity National Financial, Inc. Common Stock",60.78499984741211
FNGD,"MicroSectors FANG  Index -3X Inverse Leveraged ETNs due January 8, 2038",17.525100708007812
FNGO,"MicroSectors FANG  Index 2X Leveraged ETNs due January 8, 2038",80.41999816894531
FNGS,"MicroSectors FANG  ETNs due January 8, 2038",52.669898986816406
FNGU,"MicroSectors FANG  Index 3X Leveraged ETNs due January 8, 2038",487.7601013183594
FNK,First Trust Mid Cap Value AlphaDEX Fund,56.77000045776367
FNKO,"Funko, Inc. - Class A Common Stock",11.539999961853027
FNLC,"First Bancorp, Inc (ME) - Common Stock",30.190000534057617
FNOV,FT Cboe Vest U.S. Equity Buffer ETF - November,47.564998626708984
FNV,Franco-Nevada Corporation,131.47000122070312
FNWB,First Northwest Bancorp - Common Stock,10.260000228881836
FNX,First Trust Mid Cap Core AlphaDEX Fund,122.54499816894531
FNY,First Trust Mid Cap Growth AlphaDEX Fund,84.125
FOF,"Cohen & Steers Closed-End Opportunity Fund, Inc. Common Stock",12.912799835205078
FOLD,"Amicus Therapeutics, Inc. - Common Stock",11.274999618530273
FONR,Fonar Corporation - Common Stock,15.350000381469727
FOR,Forestar Group Inc Common Stock ,32.36470031738281
FORD,"Forward Industries, Inc. - Common Stock",3.880000114440918
FORM,"FormFactor, Inc. - Common Stock",41.79999923706055
FORR,"Forrester Research, Inc. - Common Stock",16.0
FOSL,"Fossil Group, Inc. - Common Stock",1.2949999570846558
FOVL,iShares Focused Value Factor ETF,72.9000015258789
FOX,Fox Corporation - Class B Common Stock,42.310001373291016
FOXA,Fox Corporation - Class A Common Stock,45.349998474121094
FOXF,Fox Factory Holding Corp. - Common Stock,36.33000183105469
FPA,First Trust Asia Pacific Ex-Japan AlphaDEX Fund,29.149999618530273
FPAY,"FlexShopper, Inc. - Common Stock",1.1649999618530273
FPE,First Trust Preferred Securities and Income ETF ETF,17.941299438476562
FPEI,First Trust Institutional Preferred Securities and Income ETF,18.799999237060547
FPF,First Trust Intermediate Duration Preferred & Income Fund Common Shares of Beneficial Interest,18.584699630737305
FPH,"Five Point Holdings, LLC Class A Common Shares",3.875
FPI,Farmland Partners Inc. Common Stock,12.395000457763672
FPX,First Trust US Equity Opportunities ETF,117.8949966430664
FPXE,First Trust IPOX Europe Equity Opportunities ETF,26.1299991607666
FPXI,First Trust International Equity Opportunities ETF,49.16999816894531
FQAL,Fidelity Quality Factor ETF,66.77999877929688
FR,"First Industrial Realty Trust, Inc. Common Stock",52.814998626708984
FRA,Blackrock Floating Rate Income Strategies Fund Inc  Common Stock,14.017600059509277
FRAF,Franklin Financial Services Corporation - Common Stock,33.2400016784668
FRBA,First Bank - Common Stock,15.291000366210938
FRD,Friedman Industries Inc. Common Stock,15.452300071716309
FRDM,Freedom 100 Emerging Markets ETF,34.854000091552734
FREL,Fidelity MSCI Real Estate Index ETF,28.280000686645508
FRHC,Freedom Holding Corp. - Common Stock,109.25
FRI,First Trust S&P REIT Index Fund,28.764999389648438
FRME,First Merchants Corporation - Common Stock,43.279998779296875
FRO,Frontline Ltd. Ordinary Shares,18.975000381469727
FRPH,"FRP Holdings, Inc. - Common Stock",30.90999984741211
FRPT,"Freshpet, Inc. - Common Stock",154.91000366210938
FRSX,Foresight Autonomous Holdings Ltd. - American Depositary Shares,0.6129999756813049
FRT,Federal Realty Investment Trust Common Stock,112.95999908447266
FSBC,"FSB Bancorp, Inc. - Common Stock",33.650001525878906
FSBW,"FS Bancorp, Inc. - Common Stock",48.2400016784668
FSEA,First Seacoast Bancorp - Common Stock,9.170000076293945
FSFG,"First Savings Financial Group, Inc. - Common Stock",27.850000381469727
FSI,Flexible Solutions International Inc. Common Stock (CDA),3.984999895095825
FSK,FS KKR Capital Corp. Common Stock,20.71500015258789
FSLR,"First Solar, Inc. - Common Stock",192.53500366210938
FSLY,"Fastly, Inc. Class A Common Stock",8.135000228881836
FSM,Fortuna Silver Mines Inc Ordinary Shares (Canada),4.644999980926514
FSMB,First Trust Short Duration Managed Municipal ETF,19.844999313354492
FSMD,Fidelity Small-Mid Factor ETF,43.66999816894531
FSP,Franklin Street Properties Corp. Common Stock,1.9550000429153442
FSS,Federal Signal Corporation Common Stock,90.37999725341797
FSTA,Fidelity MSCI COnsumer Staples Index ETF,49.6599006652832
FSTR,L.B. Foster Company - Common Stock,21.274999618530273
FSV,FirstService Corporation - Common Shares,186.7100067138672
FSZ,First Trust Switzerland AlphaDEX Fund,66.95999908447266
FT,Franklin Universal Trust Common Stock,7.434999942779541
FTA,First Trust Large Cap Value AlphaDEX Fund,81.489501953125
FTAG,First Trust Indxx Global Agriculture ETF,24.809999465942383
FTAI,Fortress Transportation and Infrastructure Investors LLC Common Shares,149.07000732421875
FTC,First Trust Large Cap Growth AlphaDEX Fund,139.13999938964844
FTCS,First Trust Capital Strength ETF,91.83000183105469
FTDR,"frontdoor, inc. - Common Stock",57.25
FTEC,Fidelity MSCI Information Technology Index ETF,182.4600067138672
FTEK,"Fuel Tech, Inc. - Common Stock",1.034999966621399
FTF,Franklin Limited Duration Income Trust Common Shares of Beneficial Interest,6.53000020980835
FTFT,Future FinTech Group Inc. - Common Stock,0.32989999651908875
FTGC,First Trust Global Tactical Commodity Strategy Fund,23.40999984741211
FTHI,First Trust BuyWrite Income ETF,23.639999389648438
FTI,TechnipFMC plc Ordinary Share,28.424999237060547
FTK,"Flotek Industries, Inc. Common Stock",6.585000038146973
FTLS,First Trust Long/Short Equity,65.27999877929688
FTNT,"Fortinet, Inc. - Common Stock",81.01000213623047
FTRI,First Trust Indxx Global Natural Resources Income ETF,13.160200119018555
FTS,Fortis Inc. Common Shares,43.44499969482422
FTSD,Franklin Liberty Short Duration U.S. Government ETF,90.2699966430664
FTSL,First Trust Senior Loan Fund ETF,46.12009811401367
FTSM,First Trust Enhanced Short Maturity ETF,59.80659866333008
FTV,Fortive Corporation Common Stock ,74.20999908447266
FTXG,First Trust Nasdaq Food & Beverage ETF,24.290000915527344
FTXH,First Trust Nasdaq Pharmaceuticals ETF,28.559900283813477
FTXL,First Trust Nasdaq Semiconductor ETF,93.4800033569336
FTXN,First Trust Nasdaq Oil & Gas ETF,31.06999969482422
FTXO,First Trust Nasdaq Bank ETF,34.08399963378906
FTXR,First Trust Nasdaq Transportation ETF,35.540000915527344
FUL,H. B. Fuller Company Common Stock,79.44000244140625
FULC,"Fulcrum Therapeutics, Inc. - Common Stock",3.384999990463257
FULT,Fulton Financial Corporation - Common Stock,21.354999542236328
FUMB,First Trust Ultra Short Duration Municipal ETF,20.065000534057617
FUN,"Cedar Fair, L.P. Common Stock",45.90999984741211
FUNC,First United Corporation - Common Stock,34.10499954223633
FUND,"Sprott Focus Trust, Inc. - Closed End Fund",8.0600004196167
FUSB,"First US Bancshares, Inc. - Common Stock",12.0
FUTU,Futu Holdings Limited - American Depositary Shares,96.9800033569336
FUTY,Fidelity MSCI Utilities Index ETF,50.060001373291016
FV,First Trust Dorsey Wright Focus 5 ETF,60.462100982666016
FVAL,Fidelity Value Factor ETF,63.130001068115234
FVC,First Trust Dorsey Wright Dynamic Focus 5 ETF,37.254798889160156
FVCB,"FVCBankcorp, Inc. - Common Stock",14.260000228881836
FVD,First Trust VL Dividend,45.88999938964844
FVRR,"Fiverr International Ltd. Ordinary Shares, no par value",29.30500030517578
FWONA,Liberty Media Corporation - Series A Liberty Formula One Common Stock,76.68000030517578
FWONK,Liberty Media Corporation - Series C Liberty Formula One Common Stock,82.6500015258789
FWRD,Forward Air Corporation - Common Stock,37.470001220703125
FXA,Invesco CurrencyShares Australian Dollar Trust,65.1864013671875
FXB,Invesco CurrencyShares British Pound Sterling Trust,123.8499984741211
FXC,Invesco CurrencyShares Canadian Dollar Trust,70.1500015258789
FXD,First Trust Cons. Discret. AlphaDEX,64.29889678955078
FXE,Invesco CurrencyShares Euro Currency Trust,99.08180236816406
FXF,Invesco CurrencyShares Swiss Franc Trust,101.41000366210938
FXG,First Trust Cons. Staples AlphaDEX,68.06999969482422
FXH,First Trust Health Care AlphaDEX,109.91999816894531
FXI,iShares China Large-Cap ETF,31.725000381469727
FXL,First Trust Technology AlphaDEX,147.8950958251953
FXN,First Trust Energy AlphaDEX Fund,17.350000381469727
FXNC,First National Corporation - Common Stock,22.850000381469727
FXO,First Trust Financials AlphaDEX,56.619998931884766
FXP,ProShares Ultrashort FTSE China 50,18.164100646972656
FXR,First Trust Industrials AlphaDEX,80.21099853515625
FXU,First Trust Utilities AlphaDEX Fund,38.21989822387695
FXY,Invesco CurrencyShares Japanese Yen Trust,59.789100646972656
FXZ,First Trust Materials AlphaDEX Fund,67.50039672851562
FYC,First Trust Small Cap Growth AlphaDEX Fund,81.0999984741211
FYLD,Cambria Foreign Shareholder Yield ETF,26.43000030517578
FYT,First Trust Small Cap Value AlphaDEX Fund,58.97999954223633
FYX,First Trust Small Cap Core AlphaDEX Fund,107.33999633789062
G,Genpact Limited Common Stock,40.45000076293945
GAA,Cambria Global Asset Allocation ETF,29.299999237060547
GAB,"Gabelli Equity Trust, Inc. (The) Common Stock",5.585000038146973
GABC,"German American Bancorp, Inc. - Common Stock",46.03499984741211
GAIA,"Gaia, Inc. - Class A Common Stock",5.980000019073486
GAIN,Gladstone Investment Corporation - Business Development Company,13.609999656677246
GAINL,Gladstone Investment Corporation - 6.375% Series E Cumulative Term Preferred Stock due 2025,25.725000381469727
GAL,SPDR SSgA Global Allocation ETF,45.33000183105469
GALT,Galectin Therapeutics Inc. - Common Stock,2.7899999618530273
GAM,"General American Investors, Inc. Common Stock",54.105499267578125
GAMR,ETFMG Video Game Tech ETF,65.33499908447266
GASS,"StealthGas, Inc. - common stock",5.989999771118164
GATX,GATX Corporation Common Stock,152.36000061035156
GBAB,Guggenheim Taxable Municipal Managed Duration Trust Common Shares of Beneficial Interest,16.155000686645508
GBCI,"Glacier Bancorp, Inc. - Common Stock",57.970001220703125
GBDC,"Golub Capital BDC, Inc. - Common Stock",15.395000457763672
GBF,iShares Government/Credit Bond ETF,103.05999755859375
GBIL,Goldman Sachs Access Treasury 0-1 Year ETF,99.8949966430664
GBLI,Global Indemnity Limited - Class A Common Shares,34.5
GBR,"New Concept Energy, Inc Common Stock",1.159999966621399
GBUY,Goldman Sachs Motif New Age Consumer ETF,35.18000030517578
GBX,"Greenbrier Companies, Inc. (The) Common Stock",65.18499755859375
GCBC,"Greene County Bancorp, Inc. - Common Stock",34.630001068115234
GCC,WisdomTree Continuous Commodity Index Fund,18.670000076293945
GCI,"Gannett Co., Inc. Common Stock",5.300000190734863
GCO,Genesco Inc. Common Stock,29.799999237060547
GCOW,Pacer Global Cash Cows Dividend ETF,35.25619888305664
GCV,"Gabelli Convertible and Income Securities Fund, Inc. (The) Common Stock",3.809999942779541
GD,General Dynamics Corporation Common Stock,308.4150085449219
GDDY,GoDaddy Inc. Class A Common Stock,175.17999267578125
GDEN,"Golden Entertainment, Inc. - Common Stock",31.065000534057617
GDL,"GDL Fund, The Common Shares of Beneficial Interest",8.247599601745605
GDMA,GadsdenA DynamicA Multi-AssetA ETF,32.4818000793457
GDO,Western Asset Global Corporate Defined Opportunity Fund Inc. Western Asset Global Corporate Defined Opportunity Fund Inc.,11.888999938964844
GDOT,"Green Dot Corporation Class A Common Stock, $0.001 par value",13.4399995803833
GDS,GDS Holdings Limited - American Depositary Shares,21.350000381469727
GDV,Gabelli Dividend & Income Trust Common Shares of Beneficial Interest,24.540000915527344
GDX,VanEck Vectors Gold Miners ETF,38.560001373291016
GDXJ,VanEck Vectors Junior Gold Miners ETF,48.95000076293945
GDYN,"Grid Dynamics Holdings, Inc. - Class A Common Stock",16.979999542236328
GE,General Electric Company Common Stock,180.97000122070312
GECC,Great Elm Capital Corp. - Common Stock,10.191200256347656
GEF,Greif Inc. Class A Common Stock,67.0250015258789
GEL,"Genesis Energy, L.P. Common Units",11.604999542236328
GEM,Goldman Sachs ActiveBeta Emerging Markets Equity ETF,34.189300537109375
GEN,"Genesis Healthcare, Inc. Common Stock",28.985000610351562
GENC,Gencor Industries Inc. - Common Stock,22.0
GEO,Geo Group Inc (The) REIT,21.30500030517578
GEOS,Geospace Technologies Corporation - Common Stock,13.420000076293945
GERN,Geron Corporation - Common Stock,4.295000076293945
GES,"Guess?, Inc. Common Stock",17.364999771118164
GEVO,"Gevo, Inc. - Common Stock",1.7050000429153442
GF,"New Germany Fund, Inc. (The) Common Stock",8.25
GFF,Griffon Corporation Common Stock,67.23999786376953
GFI,Gold Fields Limited American Depositary Shares,15.800000190734863
GFL,"GFL Environmental Inc. Subordinate voting shares, no par value",43.44499969482422
GGAL,"Grupo Financiero Galicia S.A. - American Depositary Shares, Class B Shares underlying",55.189998626708984
GGB,Gerdau S.A. Common Stock,3.490000009536743
GGG,Graco Inc. Common Stock,88.8499984741211
GGN,"GAMCO Global Gold, Natural Resources & Income Trust",4.335000038146973
GGT,"Gabelli Multi-Media Trust, Inc. (The) Common Stock",4.744999885559082
GGZ,Gabelli Global Small and Mid Cap Value Trust (The) Common Shares of Beneficial Interest,12.520500183105469
GH,"Guardant Health, Inc. - Common Stock",25.329999923706055
GHC,Graham Holdings Company Common Stock,959.469970703125
GHG,"GreenTree Hospitality Group Ltd. American depositary shares, each representing one Class A ordinary share",2.864300012588501
GHM,Graham Corporation Common Stock,32.43000030517578
GHY,"PGIM Global High Yield Fund, Inc.",12.680000305175781
GHYB,Goldman Sachs Access High Yield Corporate Bond ETF,44.904998779296875
GHYG,iShares US & Intl High Yield Corp Bond ETF,44.79999923706055
GIB,CGI Inc. Common Stock,112.73999786376953
GIFI,"Gulf Island Fabrication, Inc. - Common Stock",6.059999942779541
GIGB,Goldman Sachs Access Investment Grade Corporate Bond ETF,45.65999984741211
GIGM,GigaMedia Limited - Ordinary Shares,1.5
GII,SPDR S&P Global Infrastructure ETF,61.0281982421875
GIII,"G-III Apparel Group, LTD. - Common Stock",30.764999389648438
GIL,"Gildan Activewear, Inc. Class A Sub. Vot. Common Stock",49.5099983215332
GILD,"Gilead Sciences, Inc. - Common Stock",91.54499816894531
GILT,Gilat Satellite Networks Ltd. - Ordinary Shares,5.494999885559082
GIS,"General Mills, Inc. Common Stock",66.04499816894531
GJO,"Synthetic Fixed-Income Securities, Inc. Synthetic Fixed-Income Securities, Inc. on behalf of STRATS(SM) Trust for Wal-Mart Stores, Inc. Securities, Series 2004-5",24.790000915527344
GJT,"Synthetic Fixed-Income Securities, Inc. Synthetic Fixed-Income Securities, Inc. Floating Rate Structured Repackaged Asset-Backed Trust Securities Certificates, Series 2006-3",22.864500045776367
GKOS,Glaukos Corporation Common Stock,142.2050018310547
GL,Globe Life Inc. Common Stock,111.5999984741211
GLAD,Gladstone Capital Corporation - Common Stock,24.530000686645508
GLBS,Globus Maritime Limited - Common Stock,1.5348999500274658
GLBZ,Glen Burnie Bancorp - Common Stock,5.5
GLD,SPDR Gold Trust,245.58999633789062
GLDD,Great Lakes Dredge & Dock Corporation - Common Stock,12.399999618530273
GLDI,Credit Suisse AG - Credit Suisse Gold Shares Covered Call Exchange Traded Notes,155.9456024169922
GLDM,SPDR Gold MiniShares Trust,52.70009994506836
GLL,ProShares UltraShort Gold,17.075000762939453
GLMD,Galmed Pharmaceuticals Ltd. - Ordinary Shares,3.075000047683716
GLNG,Golar LNG Limited - Common Shares,38.43000030517578
GLO,Clough Global Opportunities Fund Common Stock,5.394999980926514
GLOB,Globant S.A. Common Shares,219.2949981689453
GLP,Global Partners LP Global Partners LP Common Units representing Limited Partner Interests,48.47999954223633
GLPG,Galapagos NV - American Depositary Shares,27.040000915527344
GLPI,"Gaming and Leisure Properties, Inc. - Common Stock",48.95500183105469
GLQ,Clough Global Equity Fund Clough Global Equity Fund Common Shares of Beneficial Interest,6.973800182342529
GLRE,"Greenlight Reinsurance, Ltd. - Class A Ordinary Shares",15.449999809265137
GLTR,Aberdeen Standard Physical Precious Metals Basket Shares ETF,114.26000213623047
GLU,Gabelli Global Utility Common Shares of Beneficial Ownership,16.530000686645508
GLV,Clough Global Dividend and Income Fund Common Shares of beneficial interest,5.945000171661377
GLW,Corning Incorporated Common Stock,48.31999969482422
GLYC,"GlycoMimetics, Inc. - Common Stock",0.36910000443458557
GM,General Motors Company Common Stock,55.154998779296875
GMAB,Genmab A/S - American Depositary Shares,22.334999084472656
GME,GameStop Corporation Common Stock,23.013399124145508
GMED,"Globus Medical, Inc. Class A Common Stock",82.25250244140625
GMF,SPDR S&P Emerging Asia Pacific ETF,121.44000244140625
GMOM,Cambria Global Momentum ETF,29.809999465942383
GMRE,Global Medical REIT Inc. Common Stock,9.255000114440918
GMS,GMS Inc. Common Stock,98.84500122070312
GNE,Genie Energy Ltd. Class B Common Stock Stock,16.97170066833496
GNFT,GENFIT S.A. - American Depositary Shares,5.596399784088135
GNK,Genco Shipping & Trading Limited Ordinary Shares New (Marshall Islands),16.709999084472656
GNL,"Global Net Lease, Inc. Common Stock",7.900000095367432
GNLN,"Greenlane Holdings, Inc. - Class A Common Stock",2.5899999141693115
GNMA,iShares GNMA Bond ETF,43.220001220703125
GNOM,Global X Genomics & Biotechnology ETF,10.800000190734863
GNPX,"Genprex, Inc. - Common Stock",1.6100000143051147
GNR,SPDR S&P Global Natural Resources ETF,56.31999969482422
GNRC,Generac Holdlings Inc. Common Stock,183.72500610351562
GNSS,Genasys Inc. - Common Stock,3.565000057220459
GNT,"GAMCO Natural Resources, Gold & Income Trust",5.894999980926514
GNTX,Gentex Corporation - Common Stock,30.80500030517578
GNTY,"Guaranty Bancshares, Inc. - Common Stock",35.86000061035156
GNW,Genworth Financial Inc Common Stock,7.170000076293945
GO,Grocery Outlet Holding Corp. - Common Stock,16.104999542236328
GOAU,US Global GO Gold and Precious Metal Miners ETF,21.600000381469727
GOEX,Global X Gold Explorers ETF,32.7859992980957
GOF,Guggenheim Strategic Opportunities Fund Common Shares of Beneficial Interest,15.789999961853027
GOGL,Golden Ocean Group Limited - Common Stock,11.305000305175781
GOGO,Gogo Inc. - Common Stock,7.914999961853027
GOLD,Barrick Gold Corporation Common Stock (BC),18.395000457763672
GOLF,Acushnet Holdings Corp. Common Stock,63.41999816894531
GOOD,Gladstone Commercial Corporation - Real Estate Investment Trust,16.949399948120117
GOODN,Gladstone Commercial Corporation - 6.625% Series E Cumulative Redeemable Preferred Stock,24.280000686645508
GOOG,Alphabet Inc. - Class C Capital Stock,178.49000549316406
GOOGL,Alphabet Inc. - Class A Common Stock,176.75999450683594
GOOS,Canada Goose Holdings Inc. Subordinate Voting Shares,9.645000457763672
GORO,Gold Resource Corporation Common Stock,0.15000000596046448
GOSS,"Gossamer Bio, Inc. - Common Stock",0.8889999985694885
GOVT,iShares U.S. Treasury Bond ETF,22.614999771118164
GPC,Genuine Parts Company Common Stock,123.41500091552734
GPI,"Group 1 Automotive, Inc. Common Stock",407.3599853515625
GPJA,"Georgia Power Company Series 2017A 5.00% Junior Subordinated Notes due October 1, 2077",23.5
GPK,Graphic Packaging Holding Company,28.954999923706055
GPMT,Granite Point Mortgage Trust Inc. Common Stock,3.0250000953674316
GPN,Global Payments Inc. Common Stock,114.9749984741211
GPOR,Gulfport Energy Corporation - Common Stock,155.67999267578125
GPRE,"Green Plains, Inc. - Common Stock",11.890000343322754
GPRK,Geopark Ltd Common Shares,8.289999961853027
GPRO,"GoPro, Inc. - Class A Common Stock",1.4249999523162842
GQRE,FlexShares Global Quality Real Estate Index Fund,60.06420135498047
GRAF,Graf Industrial Corp. Common Stock,10.020000457763672
GRAM,"Grana y Montero S.A.A. American Depositary Shares, each representing five Common Shares",0.07000000029802322
GRBK,"Green Brick Partners, Inc. - Common Stock",71.55999755859375
GRC,Gorman-Rupp Company (The) Common Stock,42.369998931884766
GREK,Global X MSCI Greece ETF,40.0099983215332
GRF,"Eagle Capital Growth Fund, Inc. Common Stock",10.260000228881836
GRFS,"Grifols, S.A. - American Depositary Shares",9.055000305175781
GRID,First Trust NASDAQ Clean Edge Smart Grid Infrastructure Index Fund,125.56999969482422
GRMN,Garmin Ltd. - Common Stock,209.61000061035156
GRN,iPath Series B Carbon Exchange-Traded Notes,25.41010093688965
GRNB,VanEck Vectors Green Bond ETF,23.896799087524414
GRNQ,Greenpro Capital Corp. - Common Stock,0.9100000262260437
GROW,"U.S. Global Investors, Inc. - Class A Common Stock",2.470099925994873
GRPN,"Groupon, Inc. - Common Stock",10.800000190734863
GRTX,"Galera Therapeutics, Inc. - Common Stock",0.048500001430511475
GRVY,"GRAVITY Co., Ltd. - American depositary shares, each representing one common share.",65.37000274658203
GRWG,GrowGeneration Corp. - Common Stock,1.9115999937057495
GRX,The Gabelli Healthcare & Wellness Trust Common Shares of Beneficial Interest,10.440099716186523
GS,"Goldman Sachs Group, Inc. (The) Common Stock",598.2899780273438
GSAT,"Globalstar, Inc. Common Stock",1.875
GSBC,"Great Southern Bancorp, Inc. - Common Stock",66.62999725341797
GSBD,"Goldman Sachs BDC, Inc. Common Stock",13.109999656677246
GSC,Goldman Sachs Connect S&P Enhanced Commodity Total Return Strategy Index,55.11000061035156
GSEU,Goldman Sachs ActiveBeta Europe Equity ETF,36.11830139160156
GSEW,Goldman Sachs Equal Weight U.S. Large Cap Equity ETF,80.14990234375
GSG,iShares GSCI Commodity-Indexed Trust Fund,21.378999710083008
GSHD,"Goosehead Insurance, Inc. - Class A Common Stock",109.18000030517578
GSIE,Goldman Sachs ActiveBeta International Equity ETF,34.46989822387695
GSIT,"GSI Technology, Inc. - Common Stock",3.109999895095825
GSJY,Goldman Sachs ActiveBeta Japan Equity ETF,38.477699279785156
GSK,GlaxoSmithKline PLC Common Stock,35.915000915527344
GSL,Global Ship Lease Inc New Class A Common Shares,24.549999237060547
GSLC,Goldman Sachs ActiveBeta U.S. Large Cap Equity ETF,116.81009674072266
GSM,Ferroglobe PLC - Ordinary Shares,4.675000190734863
GSSC,GS ActiveBeta U.S. Small Cap Equity ETF,74.5155029296875
GSST,Goldman Sachs Access Ultra Short Bond ETF,50.275001525878906
GSY,Invesco Ultra Short Duration ETF,50.13999938964844
GT,The Goodyear Tire & Rubber Company - Common Stock,9.539999961853027
GTE,Gran Tierra Energy Inc. Common Stock,6.724999904632568
GTEC,Greenland Technologies Holding Corporation - Ordinary Shares,2.4400999546051025
GTES,Gates Industrial Corporation plc Ordinary Shares,21.30500030517578
GTIM,Good Times Restaurants Inc. - Common Stock,2.809999942779541
GTIP,Goldman Sachs Access Inflation Protected USD Bond ETF,48.88610076904297
GTLS,"Chart Industries, Inc. - Common Stock",165.39999389648438
GTN,"Gray Television, Inc. Common Stock",5.985000133514404
GTO,Invesco Total Return Bond ETF,46.80500030517578
GTX,Garrett Motion Inc. Common Stock ,7.65500020980835
GTY,Getty Realty Corporation Common Stock,31.450000762939453
GUNR,FlexShares Global Upstream Natural Resources Index Fund ETF,40.19499969482422
GURE,"Gulf Resources, Inc. - Common Stock",0.6460999846458435
GURU,Global X Guru Index ETF,50.978599548339844
GUSH,Direxion Daily S&P Oil & Gas Exp. & Prod. Bull 2X Shares,31.809999465942383
GUT,Gabelli Utility Trust (The) Common Stock,5.025000095367432
GV,Goldfield Corporation (The) Common Stock,1.215000033378601
GVA,Granite Construction Incorporated Common Stock,94.9561996459961
GVAL,Cambria Global Value ETF,21.389999389648438
GVI,iShares Intermediate Government/Credit Bond ETF,104.43000030517578
GVIP,Goldman Sachs Hedge Industry VIP ETF,125.9800033569336
GWRE,"Guidewire Software, Inc. Common Stock",191.42999267578125
GWRS,"Global Water Resources, Inc. - common stock",13.46500015258789
GWW,"W.W. Grainger, Inc. Common Stock",1194.1800537109375
GWX,SPDR S&P International SmallCap ETF,32.176998138427734
GXC,SPDR S&P China ETF,80.68160247802734
GXG,Global X MSCI Colombia ETF,23.079999923706055
GXTG,Global X Thematic Growth ETF,24.900800704956055
GYLD,Arrow Dow Jones Global Yield ETF ETF,13.010000228881836
GYRO,"Gyrodyne , LLC - Common Stock",10.501299858093262
H,Hyatt Hotels Corporation Class A Common Stock,152.92999267578125
HACK,ETFMG Prime Cyber Security ETF,73.16999816894531
HAE,Haemonetics Corporation Common Stock,78.54000091552734
HAFC,Hanmi Financial Corporation - Common Stock,25.65999984741211
HAIL,SPDR S&P Kensho Smart Mobility ETF,27.664400100708008
HAIN,"The Hain Celestial Group, Inc. - Common Stock",8.859999656677246
HAL,Halliburton Company Common Stock,30.710100173950195
HALL,"Hallmark Financial Services, Inc. - Common Stock",0.00019999999494757503
HALO,"Halozyme Therapeutics, Inc. - Common Stock",60.43000030517578
HAP,VanEck Vectors Natural Resources ETF,51.03010177612305
HAS,"Hasbro, Inc. - Common Stock",63.47999954223633
HASI,"Hannon Armstrong Sustainable Infrastructure Capital, Inc. Common Stock",32.01499938964844
HAUZ,Xtrackers International Real Estate ETF,21.364999771118164
HAWX,iShares Currency Hedged MSCI ACWI ex U.S. ETF,32.83290100097656
HAYN,"Haynes International, Inc. - Common Stock",60.375
HBAN,Huntington Bancshares Incorporated - Common Stock,17.459999084472656
HBB,Hamilton Beach Brands Holding Company Class A Common Stock ,22.729999542236328
HBCP,"Home Bancorp, Inc. - Common Stock",51.0
HBI,Hanesbrands Inc. Common Stock,7.085000038146973
HBIO,"Harvard Bioscience, Inc. - Common Stock",2.7300000190734863
HBM,Hudbay Minerals Inc. Ordinary Shares (Canada),9.010000228881836
HBNC,"Horizon Bancorp, Inc. - Common Stock",18.219999313354492
HBT,"HBT Financial, Inc. - Common Stock",24.735000610351562
HCA,"HCA Healthcare, Inc. Common Stock",349.6499938964844
HCAT,"Health Catalyst, Inc - Common stock",8.220000267028809
HCC,"Warrior Met Coal, Inc. Common Stock",73.96099853515625
HCI,"HCI Group, Inc. Common Stock",117.41000366210938
HCKT,"The Hackett Group, Inc. - Common Stock",30.684999465942383
HCM,Hutchison China MediTech Limited - American Depositary Shares,18.309999465942383
HCRB,Hartford Core Bond ETF,34.8489990234375
HCSG,"Healthcare Services Group, Inc. - Common Stock",11.869999885559082
HD,"Home Depot, Inc. (The) Common Stock",389.135009765625
HDB,HDFC Bank Limited Common Stock,64.4800033569336
HDEF,Xtrackers MSCI EAFE High Dividend Yield Equity ETF,25.254600524902344
HDG,ProShares Hedge Replication ETF,50.119998931884766
HDGE,Ranger Equity Bear Bear ETF,17.45669937133789
HDLB,"ETRACS Monthly Pay 2xLeveraged US High Dividend Low Volatility ETN Series B due September 30, 2044",14.6899995803833
HDMV,First Trust Exchange-Traded Fund III First Trust Horizon Managed Volatility Developed International ETF,29.83919906616211
HDSN,"Hudson Technologies, Inc. - Common Stock",5.849999904632568
HDV,iShares Core High Dividend ETF,119.7300033569336
HE,"Hawaiian Electric Industries, Inc. Common Stock",10.649999618530273
HEAR,Turtle Beach Corporation - Common Stock,15.88949966430664
HECO,Strategy Shs EcoLogical Strategy ETF,32.58000183105469
HEDJ,WisdomTree Europe Hedged Equity Fund,43.209999084472656
HEEM,iShares Currency Hedged MSCI Emerging Markets ETF,28.313199996948242
HEES,"H&E Equipment Services, Inc. - Common Stock",58.404998779296875
HEFA,iShares Currency Hedged MSCI EAFE ETF,35.13999938964844
HEI,Heico Corporation Common Stock,261.1099853515625
HELE,Helen of Troy Limited - Common Stock,63.654998779296875
HELX,Franklin Genomic Advancements ETF,30.961200714111328
HEPA,"Hepion Pharmaceuticals, Inc. - Common Stock",0.6600000262260437
HEQ,John Hancock Hedged Equity & Income Fund Common Shares of Beneficial Interest,10.789999961853027
HERD,Pacer Cash Cows Fund of Funds ETF,39.99489974975586
HERO,Global X Video Games & Esports ETF,23.93000030517578
HES,Hess Corporation Common Stock,143.3000030517578
HESM,Hess Midstream LP Class A Share,35.779998779296875
HEWJ,iShares Currency Hedged MSCI Japan ETF,43.09000015258789
HEZU,iShares Currency Hedged MSCI Eurozone ETF,35.529998779296875
HFBL,"Home Federal Bancorp, Inc. of Louisiana - Common Stock",12.479999542236328
HFFG,HF Foods Group Inc. - Common Stock,3.5
HFRO,Highland Income Fund,5.579999923706055
HFWA,Heritage Financial Corporation - Common Stock,27.239999771118164
HFXI,IQ 50 Percent Hedged FTSE International ETF,26.721599578857422
HGLB,Highland Global Allocation Fund Common Stock,7.7210001945495605
HGV,Hilton Grand Vacations Inc. Common Stock ,40.165000915527344
HHS,"Harte-Hanks, Inc. Common Stock",7.191199779510498
HI,Hillenbrand Inc Common Stock,32.040000915527344
HIBL,Direxion Daily S&P 500 High Beta Bull 3X Shares,46.720001220703125
HIBS,Direxion Daily S&P 500 High Beta Bear 3X Shares,17.950000762939453
HIE,Miller/Howard High Income Equity Fund Common Shares of Beneficial Interest,12.389900207519531
HIFS,Hingham Institution for Savings - Common Stock,294.04998779296875
HIG,"Hartford Financial Services Group, Inc. (The) Common Stock",116.5
HIHO,Highway Holdings Limited - Common Stock,1.9177000522613525
HII,"Huntington Ingalls Industries, Inc. Common Stock",203.60499572753906
HIMX,"Himax Technologies, Inc. - American depositary shares, each of which represents two ordinary shares.",5.954999923706055
HIO,"Western Asset High Income Opportunity Fund, Inc. Common Stock",3.9749999046325684
HIPS,GraniteShares HIPS US High Income ETF,12.874500274658203
HIW,"Highwoods Properties, Inc. Common Stock",33.70500183105469
HIX,Western Asset High Income Fund II Inc. Common Stock,4.429999828338623
HL,Hecla Mining Company Common Stock,6.230000019073486
HLAL,Wahed FTSE USA Shariah ETF,52.20000076293945
HLF,Herbalife Nutrition Ltd. Common Stock,8.505000114440918
HLI,"Houlihan Lokey, Inc. Class A Common Stock",188.9250030517578
HLIO,"Helios Technologies, Inc. - Common Stock",56.65999984741211
HLIT,Harmonic Inc. - Common Stock,12.03499984741211
HLNE,Hamilton Lane Incorporated - Class A Common Stock,193.5500030517578
HLT,Hilton Worldwide Holdings Inc. Common Stock ,246.03500366210938
HLX,"Helix Energy Solutions Group, Inc. Common Stock",10.175000190734863
HMC,"Honda Motor Company, Ltd. Common Stock",27.899999618530273
HMN,Horace Mann Educators Corporation Common Stock,42.845001220703125
HMOP,Hartford Municipal Opportunities ETF,38.51499938964844
HMST,"HomeStreet, Inc. - Common Stock",11.069999694824219
HMY,Harmony Gold Mining Company Limited,10.135000228881836
HNDL,Strategy Shares Nasdaq 7HANDL Index ETF,21.8700008392334
HNI,HNI Corporation Common Stock,54.45000076293945
HNNA,"Hennessy Advisors, Inc. - Common Stock",10.130000114440918
HNRG,Hallador Energy Company - Common Stock,10.140000343322754
HNW,Pioneer Diversified High Income Trust Pioneer Diversified High Income Trust Common Shares of Beneficial Interest,12.335000038146973
HOFT,Hooker Furniture Corporation - Common Stock,18.700000762939453
HOG,"Harley-Davidson, Inc. Common Stock",33.349998474121094
HOLX,"Hologic, Inc. - Common Stock",80.48999786376953
HOMB,"Home BancShares, Inc. - common stock",30.68000030517578
HOMZ,Hoya Capital Housing ETF,48.40999984741211
HON,Honeywell International Inc. Common Stock,216.1699981689453
HONE,"HarborOne Bancorp, Inc. - Common Stock",13.479999542236328
HOOK,HOOKIPA Pharma Inc. - Common Stock,3.8499999046325684
HOPE,"Hope Bancorp, Inc. - Common Stock",14.364999771118164
HOTH,"Hoth Therapeutics, Inc. - Common Stock",0.8799999952316284
HOV,"Hovnanian Enterprises, Inc. Class A Common Stock",183.16000366210938
HOVNP,Hovnanian Enterprises Inc - Depositary Share representing 1/1000th of 7.625% Series A Preferred Stock,17.54990005493164
HP,"Helmerich & Payne, Inc. Common Stock",36.959999084472656
HPE,Hewlett Packard Enterprise Company Common Stock,21.364999771118164
HPF,John Hancock Pfd Income Fund II Pfd Income Fund II,17.649999618530273
HPI,John Hancock Preferred Income Fund Common Shares of Beneficial Interest,17.75
HPP,"Hudson Pacific Properties, Inc. Common Stock",4.559999942779541
HPQ,HP Inc. Common Stock,37.125
HPS,John Hancock Preferred Income Fund III Preferred Income Fund III,16.013099670410156
HQH,Tekla Healthcare Investors Common Stock,18.260000228881836
HQI,"HireQuest, Inc. - Common Stock",14.510000228881836
HQL,TeklaLife Sciences Investors Common Stock,14.979999542236328
HQY,"HealthEquity, Inc. - Common Stock",97.55000305175781
HR,Healthcare Realty Trust Incorporated Common Stock,17.110000610351562
HRB,"H&R Block, Inc. Common Stock",62.40999984741211
HRI,Herc Holdings Inc. Common Stock ,240.39999389648438
HRL,Hormel Foods Corporation Common Stock,30.71500015258789
HROW,"Harrow Health, Inc. - Common Stock",48.150001525878906
HRTG,"Heritage Insurance Holdings, Inc. Common Stock",11.239999771118164
HRTX,"Heron Therapeutics, Inc.   - Common Stock",1.7949999570846558
HRZN,Horizon Technology Finance Corporation - Common Stock,9.423700332641602
HSBC,"HSBC Holdings, plc. Common Stock",47.040000915527344
HSCZ,iShares Currency Hedged MSCI EAFE Small-Cap ETF,32.2411994934082
HSDT,"Helius Medical Technologies, Inc. - Class A Common Stock",0.5699999928474426
HSIC,"Henry Schein, Inc. - Common Stock",69.7699966430664
HSII,"Heidrick & Struggles International, Inc. - Common Stock",47.27000045776367
HSON,"Hudson Global, Inc. - Common Stock",15.21049976348877
HSRT,Hartford Short Duration ETF,39.029998779296875
HST,"Host Hotels & Resorts, Inc. Common Stock",18.065000534057617
HSTM,"HealthStream, Inc. - Common Stock",31.139999389648438
HSY,The Hershey Company Common Stock,177.6999969482422
HTAB,Hartford Schroders Tax-Aware Bond ETF,19.270000457763672
HTBI,"HomeTrust Bancshares, Inc. - Common Stock",37.90700149536133
HTBK,Heritage Commerce Corp - Common Stock,10.939900398254395
HTD,John Hancock Tax Advantaged Dividend Income Fund Common Shares of Beneficial Interest,22.786500930786133
HTEC,Robo Global Healthcare Technology and Innovation ETF,29.570100784301758
HTGC,"Hercules Capital, Inc. Common Stock",19.68400001525879
HTH,Hilltop Holdings Inc.,34.41999816894531
HTHT,"Huazhu Group Limited - American Depositary Shares, each representing one Ordinary Share",36.6349983215332
HTIA,"Healthcare Trust, Inc. - 7.375% Series A Cumulative Redeemable Perpetual Preferred Stock",16.133399963378906
HTLD,"Heartland Express, Inc. - Common Stock",11.90999984741211
HTLF,"Heartland Financial USA, Inc. - Common Stock",68.07499694824219
HTRB,Hartford Total Return Bond ETF,33.654300689697266
HTUS,Hull Tactical US ETF,45.099998474121094
HTZ,"Hertz Global Holdings, Inc Common Stock ",3.0950000286102295
HUBB,Hubbell Inc Common Stock,471.3500061035156
HUBG,"Hub Group, Inc. - Class A Common Stock",48.775001525878906
HUBS,"HubSpot, Inc. Common Stock",595.0650024414062
HUIZ,Huize Holding Limited - American Depositary Shares,0.7897999882698059
HUM,Humana Inc. Common Stock,289.260009765625
HUN,Huntsman Corporation Common Stock,20.924999237060547
HURC,"Hurco Companies, Inc. - Common Stock",21.100000381469727
HURN,Huron Consulting Group Inc. - Common Stock,127.88500213623047
HUSA,Houston American Energy Corporation Common Stock,1.350000023841858
HUSV,First Trust Exchange-Traded Fund III First Trust Horizon Managed Volatility Domestic ETF,38.6349983215332
HUYA,"HUYA Inc. American depositary shares, each  representing one Class A ordinary share",3.255000114440918
HVT,"Haverty Furniture Companies, Inc. Common Stock",23.389999389648438
HWBK,"Hawthorn Bancshares, Inc. - Common Stock",28.0
HWC,Hancock Whitney Corporation - Common Stock,60.7400016784668
HWKN,"Hawkins, Inc. - Common Stock",119.8499984741211
HXL,Hexcel Corporation Common Stock,62.2599983215332
HY,"Hyster-Yale Materials Handling, Inc. Class A Common Stock",56.08000183105469
HYAC,Haymaker Acquisition Corp. II - Class A Common Stock,10.694999694824219
HYB,"New America High Income Fund, Inc. (The) Common Stock",8.140000343322754
HYD,VanEck Vectors High Yield Municipal Index ETF,51.54069900512695
HYDB,iShares Edge High Yield Defensive Bond ETF,47.44070053100586
HYDW,Xtrackers Low Beta High Yield Bond ETF,46.481300354003906
HYEM,VanEck Vectors Emerging Markets High Yield Bond ETF,19.51259994506836
HYG,iShares iBoxx $ High Yield Corporate Bond ETF,79.34500122070312
HYGH,iShares Interest Rate Hedged High Yield Bond ETF,86.71800231933594
HYGV,FlexShares High Yield Value-Scored Bond Index Fund,41.13999938964844
HYHG,ProShares High Yield Interest Rate Hedged,65.52120208740234
HYI,Western Asset High Yield Defined Opportunity Fund Inc. Common Stock,12.180000305175781
HYLB,Xtrackers USD High Yield Corporate Bond ETF,36.45000076293945
HYLS,First Trust High Yield Long/Short ETF,41.619998931884766
HYMB,SPDR Nuveen Bloomberg Barclays High Yield Municipal Bond ETF,25.5575008392334
HYS,PIMCO 0-5 Year High Yield Corporat Bond Index Exchange-Traded Fund,94.43000030517578
HYT,"Blackrock Corporate High Yield Fund, Inc. Common Stock",9.864999771118164
HYTR,CP High Yield Trend ETF,22.020000457763672
HYUP,Xtrackers High Beta High Yield Bond ETF,42.13999938964844
HYXU,iShares International High Yield Bond ETF,50.7400016784668
HYZD,WisdomTree Interest Rate Hedged High Yield Bond Fund,22.38360023498535
HZO,"MarineMax, Inc.  (FL) Common Stock",32.8650016784668
IAC,IAC/InterActiveCorp - Common Stock,52.970001220703125
IAE,Voya Asia Pacific High Dividend Equity Income Fund ING Asia Pacific High Dividend Equity Income Fund Common Shares of Beneficial Interest,6.380000114440918
IAF,Aberdeen Australia Equity Fund Inc Common Stock,4.468999862670898
IAG,Iamgold Corporation Ordinary Shares,5.179999828338623
IAGG,iShares International Aggregate Bond Fund,51.46889877319336
IAI,iShares U.S. Broker-Dealers & Securities Exchanges ETF,145.1999969482422
IAK,iShares U.S. Insurance ETF,131.09500122070312
IART,Integra LifeSciences Holdings Corporation - Common Stock,26.92930030822754
IAT,iShares U.S. Regional Banks ETF,54.91999816894531
IAU,ishares Gold Trust,50.22999954223633
IBB,iShares Nasdaq Biotechnology Index Fund,146.58999633789062
IBCP,Independent Bank Corporation - Common Stock,37.98500061035156
IBD,Inspire Corporate Bond Impact ETF,23.540000915527344
IBDP,iShares iBonds Dec 2024 Term Corporate ETF,25.1299991607666
IBDQ,iShares iBonds Dec 2025 Term Corporate ETF,25.028099060058594
IBDR,iShares iBonds Dec 2026 Term Corporate ETF,24.059999465942383
IBDS,iShares iBonds Dec 2027 Term Corporate ETF,23.994400024414062
IBDT,iShares iBonds Dec 2028 Term Corporate ETF,25.010000228881836
IBDU,iShares iBonds Dec 2029 Term Corporate ETF,22.90999984741211
IBHD,iShares iBonds 2024 Term High Yield and Income ETF,23.190099716186523
IBHE,iShares iBonds 2025 Term High Yield and Income ETF,23.208999633789062
IBIO,"iBio, Inc. Common Stock",2.567699909210205
IBKR,"Interactive Brokers Group, Inc. - Class A Common Stock",171.0800018310547
IBM,International Business Machines Corporation Common Stock,213.52999877929688
IBMM,iShares iBonds Dec 2024 Term Muni Bond ETF,26.030000686645508
IBMN,iShares iBonds Dec 2025 Term Muni Bond ETF,26.559999465942383
IBMO,iShares iBonds Dec 2026 Term Muni Bond ETF,25.434999465942383
IBMP,iShares iBonds Dec 2027 Term Muni Bond ETF,25.170000076293945
IBMQ,iShares iBonds Dec 2028 Term Muni Bond ETF,25.190000534057617
IBN,ICICI Bank Limited Common Stock,30.885000228881836
IBND,SPDR Bloomberg Barclays International Corporate Bond ETF,29.450000762939453
IBOC,International Bancshares Corporation - Common Stock,72.15499877929688
IBP,"Installed Building Products, Inc. Common Stock",228.11000061035156
IBTE,iShares iBonds Dec 2024 Term Treasury ETF,23.90999984741211
IBTF,iShares iBonds Dec 2025 Term Treasury ETF,23.290000915527344
IBTG,iShares iBonds Dec 2026 Term Treasury ETF,22.770000457763672
IBTH,iShares iBonds Dec 2027 Term Treasury ETF,22.19499969482422
IBTI,iShares iBonds Dec 2028 Term Treasury ETF,21.915000915527344
IBTJ,iShares iBonds Dec 2029 Term Treasury ETF,21.399900436401367
IBTX,"Independent Bank Group, Inc - Common Stock",66.02999877929688
IBUY,Amplify Online Retail ETF,64.41000366210938
ICAD,icad inc. - Common Stock,1.8550000190734863
ICCC,ImmuCell Corporation - Common Stock,3.559999942779541
ICCH,"ICC Holdings, Inc. - Common Stock",23.0
ICE,Intercontinental Exchange Inc. Common Stock,155.7949981689453
ICF,iShares Cohen & Steers REIT ETF,62.980499267578125
ICFI,"ICF International, Inc. - Common Stock",170.0800018310547
ICHR,Ichor Holdings - Ordinary Shares,32.584999084472656
ICL,Israel Chemicals Limited Ordinary Shares,4.28000020980835
ICLK,iClick Interactive Asia Group Limited - American Depositary Shares,3.198499917984009
ICLN,iShares S&P Global Clean Energy Index Fund,12.494999885559082
ICLR,ICON plc - Ordinary Shares,224.25999450683594
ICMB,"Investcorp Credit Management BDC, Inc. - Common Stock",2.9600000381469727
ICON,"Iconix Brand Group, Inc. - Common Stock",2.140000104904175
ICOW,Pacer Developed Markets International Cash Cows 100 ETF,30.364999771118164
ICSH,iShares Ultra Short-Term Bond ETF,50.494998931884766
ICUI,"ICU Medical, Inc. - Common Stock",179.64999389648438
ICVT,iShares Convertible Bond ETF,85.56999969482422
IDA,"IDACORP, Inc. Common Stock",111.9000015258789
IDCC,"InterDigital, Inc. - Common Stock",177.36000061035156
IDE,"Voya Infrastructure, Industrials and Materials Fund Common Shares of Beneficial Interest",11.635000228881836
IDEV,iShares Core MSCI International Developed Markets ETF,67.3550033569336
IDEX,"Ideanomics, Inc. - Common Stock",0.07999999821186066
IDHQ,Invesco S&P International Developed Quality ETF,29.719900131225586
IDLV,Invesco S&P International Developed Low Volatility ETF,28.951400756835938
IDMO,Invesco S&P International Developed Momentum ETF,41.62580108642578
IDN,"Intellicheck, Inc. - Common Stock",2.4700000286102295
IDNA,iShares Genomics Immunology and Healthcare ETF,25.09000015258789
IDOG,ALPS International Sector Dividend Dogs ETF,29.96619987487793
IDRV,iShares Self-Driving EV and Tech ETF,29.667699813842773
IDT,IDT Corporation Class B Common Stock,50.584999084472656
IDU,iShares U.S. Utilities ETF,99.21489715576172
IDV,iShares International Select Dividend ETF,28.545000076293945
IDX,VanEck Vectors Indonesia Index ETF,16.582399368286133
IDXG,"Interpace Biosciences, Inc. - Common Stock",3.0
IDXX,"IDEXX Laboratories, Inc. - Common Stock",422.5299987792969
IDYA,"IDEAYA Biosciences, Inc. - Common Stock",30.530000686645508
IEDI,iShares Evolved U.S. Discretionary Spending ETF,52.349998474121094
IEF,iShares 7-10 Year Treasury Bond ETF,93.20999908447266
IEFA,iShares Core MSCI EAFE ETF,73.68000030517578
IEI,iShares 3-7 Year Treasury Bond ETF,115.81999969482422
IEMG,iShares Core MSCI Emerging Markets ETF,55.994998931884766
IEO,iShares U.S. Oil & Gas Exploration & Production ETF,97.27249908447266
IEP,Icahn Enterprises L.P. - Depositary units,13.244999885559082
IESC,"IES Holdings, Inc. - Common Stock",262.6499938964844
IETC,iShares Evolved U.S. Technology ETF,82.49530029296875
IEUR,iShares Core MSCI Europe ETF,56.724998474121094
IEUS,iShares MSCI Europe Small-Cap ETF,56.064998626708984
IEV,iShares Europe ETF,54.435001373291016
IEX,IDEX Corporation Common Stock,235.77000427246094
IEZ,iShares U.S. Oil Equipment & Services ETF,21.899999618530273
IFF,"Internationa Flavors & Fragrances, Inc. Common Stock",87.53079986572266
IFGL,iShares FTSE EPRA/NAREIT Global Real Estate ex-U.S. Index Fund,20.663299560546875
IFMK,iFresh Inc. - Common Stock,0.00019999999494757503
IFN,"India Fund, Inc. (The) Common Stock",17.959999084472656
IFRA,iShares U.S. Infrastructure ETF,49.9900016784668
IFRX,InflaRx N.V. - Common Stock,1.565000057220459
IFS,Intercorp Financial Services Inc. Common Shares,26.700000762939453
IFV,First Trust Dorsey Wright International Focus 5 ETF,19.950000762939453
IG,Principal Investment Grade Corporate Active ETF,20.65999984741211
IGA,Voya Global Advantage and Premium Opportunity Fund Common Shares of Beneficial Interest,9.449999809265137
IGBH,iShares Interest Rate Hedged Long-Term Corporate Bond ETF,24.3971004486084
IGC,India Globalization Capital Inc. Common Stock,0.382999986410141
IGD,Voya Global Equity Dividend and Premium Opportunity Fund,5.455100059509277
IGE,iShares North American Natural Resources ETF,46.540000915527344
IGEB,iShares Edge Investment Grade Enhanced Bond ETF,44.80500030517578
IGF,iShares Global Infrastructure ETF,53.59000015258789
IGHG,ProShares Investment Grade-Interest Rate Hedged,78.2698974609375
IGI,Western Asset Investment Grade Defined Opportunity Trust Inc. Common Stock,16.610000610351562
IGIB,iShares Intermediate-Term Corporate Bond ETF,51.88629913330078
IGIC,International General Insurance Holdings Ltd. - Ordinary Shares,22.518600463867188
IGLB,Shares Long-Term Corporate Bond ETF,50.599998474121094
IGM,iShares Expanded Tech Sector ETF,100.22000122070312
IGMS,"IGM Biosciences, Inc. - Common Stock",14.789999961853027
IGOV,iShares International Treasury Bond ETF,39.65999984741211
IGR,CBRE Clarion Global Real Estate Income Fund Common Stock,5.579999923706055
IGRO,iShares International Dividend Growth ETF,71.21659851074219
IGSB,iShares Short-Term Corporate Bond ETF,51.79499816894531
IGT,International Game Technology Ordinary Shares,21.329999923706055
IGV,iShares Expanded Tech-Software Sector ETF,97.61000061035156
IHAK,iShares Cybersecurity and Tech ETF,50.95690155029297
IHD,Voya Emerging Markets High Income Dividend Equity Fund Common Shares,5.349999904632568
IHDG,WisdomTree International Hedged Quality Dividend Growth Fund,44.33380126953125
IHE,iShares U.S. Pharmaceutical ETF,68.30999755859375
IHF,iShares U.S. Health Care Providers ETF,54.380001068115234
IHG,Intercontinental Hotels Group American Depositary Shares (Each representing one Ordinary Share),118.30000305175781
IHI,iShares U.S. Medical Devices ETF,59.814998626708984
IHRT,"iHeartMedia, Inc. - Class A Common Stock",1.715000033378601
IHT,InnSuites Hospitality Trust Shares of Beneficial Interest,1.9149999618530273
IHTA,"Invesco High Income 2024 Target Term Fund Common Shares of Beneficial Interest, No par value per share",7.675000190734863
IHY,VanEck Vectors International High Yield Bond,20.970600128173828
IIF,"Morgan Stanley India Investment Fund, Inc. Common Stock",28.2450008392334
IIGD,Invesco Investment Grade Defensive ETF,24.290000915527344
III,"Information Services Group, Inc. - Common Stock",3.3450000286102295
IIIN,"Insteel Industries, Inc. - Common Stock",30.0049991607666
IIIV,"i3 Verticals, Inc. - Common Stock",25.040000915527344
IIM,Invesco Value Municipal Income Trust Common Stock,12.31760025024414
IIPR,"Innovative Industrial Properties, Inc. Common Stock",123.39009857177734
IJAN,Innovator ETFs Trust Innovator MSCI EAFE Power Buffer ETF - January,31.610000610351562
IJH,iShares Core S&P Mid-Cap ETF,65.7300033569336
IJJ,iShares S&P Mid-Cap 400 Value ETF,131.23500061035156
IJK,iShares S&P Mid-Cap 400 Growth ETF,96.23999786376953
IJR,iShares Core S&P Small-Cap ETF,124.49500274658203
IJS,iShares S&P SmallCap 600 Value ETF,115.55000305175781
IJT,iShares S&P Small-Cap 600 Growth ETF,147.08999633789062
IJUL,Innovator MSCI EAFE Power Buffer ETF - July,28.34749984741211
ILF,iShares Latin America 40 ETF,25.009899139404297
ILMN,"Illumina, Inc. - Common Stock",152.14999389648438
ILPT,Industrial Logistics Properties Trust - Common Shares of Beneficial Interest,3.755000114440918
ILTB,iShares Core 10  Year USD Bond ETF,49.83000183105469
IMAB,I-MAB - American Depositary Shares,1.0800000429153442
IMAX,Imax Corporation Common Stock,24.690000534057617
IMKTA,"Ingles Markets, Incorporated - Class A Common Stock",70.93000030517578
IMMP,Immutep Limited - American Depositary Shares,1.8350000381469727
IMMR,Immersion Corporation - Common Stock,8.46500015258789
IMO,Imperial Oil Limited Common Stock,72.5
IMOM,Alpha Architect International Quantitative Momentum ETF,28.09510040283203
IMOS,ChipMOS TECHNOLOGIES INC. - American Depositary Shares,21.360000610351562
IMRN,Immuron Limited - American Depositary Shares,1.8899999856948853
IMTB,iShares Core 5-10 Year USD Bond ETF,42.77899932861328
IMTE,Integrated Media Technology Limited - Ordinary Shares,1.4600000381469727
IMTM,iShares Edge MSCI Intl Momentum Factor ETF,38.7400016784668
IMUX,"Immunic, Inc.  - Common Stock",1.2000000476837158
IMVT,"Immunovant, Inc.  - Common Stock",31.43000030517578
IMXI,"International Money Express, Inc. - Common Stock",18.440000534057617
INBK,First Internet Bancorp - Common Stock,40.33000183105469
INBKZ,First Internet Bancorp - Fixed-to-Floating Rate Subordinated Notes Due 2029,25.5
INCO,Columbia India Consumer ETF,69.06990051269531
INCY,Incyte Corporation - Common Stock,81.73500061035156
INDA,Ishares MSCI India ETF,55.17499923706055
INDB,Independent Bank Corp. - Common Stock,72.9000015258789
INDL,Direxion Daily MSCI India Bull 3x Shares,66.55999755859375
INDO,Indonesia Energy Corporation Limited Ordinary Shares,3.8350000381469727
INDS,Pacer Benchmark Industrial Real Estate SCTR ETF,38.560001373291016
INDY,iShares S&P India Nifty 50 Index Fund,53.39459991455078
INFN,Infinera Corporation - Common Stock,6.699999809265137
INFO,IHS Markit Ltd. Common Shares,20.579999923706055
INFR,Legg Mason Global Infrastructure ETF,24.059900283813477
INFU,"InfuSystems Holdings, Inc. Common Stock",7.010000228881836
INFY,Infosys Limited American Depositary Shares,21.3700008392334
ING,"ING Group, N.V. Common Stock",16.274999618530273
INGN,"Inogen, Inc - Common Stock",9.539999961853027
INGR,Ingredion Incorporated Common Stock,150.02999877929688
INKM,SPDR SSgA Income Allocation ETF,32.29999923706055
INMB,INmune Bio Inc. - Common stock,6.429999828338623
INMD,InMode Ltd.  - Ordinary Shares,19.360000610351562
INN,"Summit Hotel Properties, Inc. Common Stock",6.480000019073486
INO,"Inovio Pharmaceuticals, Inc. - Common Stock",5.664999961853027
INOD,Innodata Inc. - Common Stock,23.71500015258789
INOV,"Inovalon Holdings, Inc. - Class A Common Stock",29.31920051574707
INSE,"Inspired Entertainment, Inc. - Common Stock",9.970000267028809
INSG,Inseego Corp. - Common Stock,16.395000457763672
INSI,Insight Select Income Fund,17.130199432373047
INSM,"Insmed, Inc. - Common Stock",72.66999816894531
INSP,"Inspire Medical Systems, Inc. Common Stock",212.89999389648438
INSW,"International Seaways, Inc. Common Stock ",44.869998931884766
INTC,Intel Corporation - Common Stock,24.985000610351562
INTF,iShares Edge MSCI Multifactor Intl ETF,29.854999542236328
INTG,The Intergroup Corporation - Common Stock,14.399999618530273
INTL,INTL FCStone Inc. - Common Stock,23.000099182128906
INTT,inTest Corporation Common Stock,7.75
INTU,Intuit Inc. - Common Stock,647.489990234375
INUV,"Inuvo, Inc.",0.24130000174045563
INVA,"Innoviva, Inc. - Common Stock",19.959999084472656
INVE,"Identiv, Inc. - Common Stock",3.61299991607666
INVH,Invitation Homes Inc. Common Stock,33.45000076293945
IONS,"Ionis Pharmaceuticals, Inc. - Common Stock",38.8025016784668
IOO,iShares Global 100 ETF,100.41000366210938
IOSP,Innospec Inc. - Common Stock,125.1050033569336
IOVA,"Iovance Biotherapeutics, Inc. - Common Stock",12.109999656677246
IP,International Paper Company Common Stock,58.755001068115234
IPAC,iShares Core MSCI Pacific ETF,63.72999954223633
IPAR,"Inter Parfums, Inc. - Common Stock",128.16000366210938
IPAY,ETFMG Prime Mobile Payments ETF,57.04999923706055
IPB,"Merrill Lynch & Co., Inc. 6.0518% Index Plus Trust Certificates Series 2003-1",25.799999237060547
IPDN,"Professional Diversity Network, Inc. - Common Stock",0.8100000023841858
IPG,"Interpublic Group of Companies, Inc. (The) Common Stock",30.40999984741211
IPGP,IPG Photonics Corporation - Common Stock,85.94999694824219
IPHA,Innate Pharma S.A. - American Depositary Shares,2.059999942779541
IPI,"Intrepid Potash, Inc Common Stock",26.940000534057617
IPKW,Invesco International BuyBack Achievers ETF,41.72999954223633
IPO,Renaissance IPO ETF,45.94499969482422
IPOS,Renaissance Capital Greenwich Fund,12.255000114440918
IPWR,Ideal Power Inc. - Common Stock,7.110000133514404
IQ,"iQIYI, Inc. - American Depositary Shares",2.5
IQDF,FlexShares International Quality Dividend Index Fund,25.187999725341797
IQDG,WisdomTree International Quality Dividend Growth Fund,36.20000076293945
IQDY,FlexShares International Quality Dividend Dynamic Index Fund,29.644500732421875
IQI,Invesco Quality Municipal Income Trust Common Stock,10.029999732971191
IQIN,IQ 500 International ETF,33.257598876953125
IQLT,iShares Edge MSCI Intl Quality Factor ETF,38.8650016784668
IQM,Franklin Intelligent Machines ETF,64.65010070800781
IQSI,IQ Candriam ESG International Equity ETF,29.459999084472656
IQSU,IQ Candriam ESG US Equity ETF,48.400001525878906
IQV,"IQVIA Holdings, Inc. Common Stock",220.53500366210938
IR,Ingersoll Rand Inc. Common Stock,102.86000061035156
IRBT,iRobot Corporation - Common Stock,6.775000095367432
IRDM,Iridium Communications Inc - Common Stock,30.329999923706055
IRET,Investors Real Estate Trust Shares of Beneficial Interest,21.569900512695312
IRIX,IRIDEX Corporation - Common Stock,1.3600000143051147
IRM,Iron Mountain Incorporated (Delaware)Common Stock REIT,114.20999908447266
IRMD,iRadimed Corporation - Common Stock,56.5099983215332
IROQ,"IF Bancorp, Inc. - Common Stock",21.239999771118164
IRS,IRSA Inversiones Y Representaciones S.A. Common Stock,14.119999885559082
IRT,"Independence Realty Trust, Inc. Common Stock",20.174999237060547
IRTC,"iRhythm Technologies, Inc. - Common Stock",89.76000213623047
IRWD,"Ironwood Pharmaceuticals, Inc. - Class A Common Stock",5.005000114440918
ISCF,iShares Edge MSCI Intl Size Factor ETF,33.43000030517578
ISD,"PGIM High Yield Bond Fund, Inc.",14.149999618530273
ISDR,Issuer Direct Corporation Common Stock,10.25
ISHG,iShares 1-3 Year International Treasury Bond ETF,70.88999938964844
ISMD,Inspire Small/Mid Cap Impact ETF,40.084999084472656
ISRA,VanEck Vectors Israel ETF,40.400001525878906
ISRG,"Intuitive Surgical, Inc. - Common Stock",515.010009765625
ISSC,"Innovative Solutions and Support, Inc. - Common Stock",7.360000133514404
ISTB,iShares Core 1-5 Year USD Bond ETF,47.81570053100586
ISTR,Investar Holding Corporation - Common Stock,23.829999923706055
IT,"Gartner, Inc. Common Stock",535.260009765625
ITA,iShares U.S. Aerospace & Defense ETF,151.13999938964844
ITB,iShares U.S. Home Construction ETF,119.22000122070312
ITCI,Intra-Cellular Therapies Inc. - Common Stock,88.98999786376953
ITEQ,BlueStar Israel Technology ETF,49.7599983215332
ITGR,Integer Holdings Corporation Common Stock,134.99000549316406
ITIC,Investors Title Company - Common Stock,258.9999084472656
ITM,VanEck Vectors AMT-Free Intermediate Municipal Index ETF,45.568599700927734
ITOT,iShares Core S&P Total U.S. Stock Market ETF,130.15139770507812
ITP,"IT Tech Packaging, Inc. Common Stock",0.23639999330043793
ITRI,"Itron, Inc. - Common Stock",122.06999969482422
ITRM,Iterum Therapeutics plc - Ordinary Share,1.225000023841858
ITRN,Ituran Location and Control Ltd. - Ordinary Shares,27.604999542236328
ITT,ITT Inc. Common Stock ,152.57000732421875
ITUB,Itau Unibanco Banco Holding SA American Depositary Shares (Each repstg 500 Preferred shares),6.394999980926514
ITW,Illinois Tool Works Inc. Common Stock,276.0299987792969
IUS,Invesco RAFI Strategic US ETF,51.25
IUSB,iShares Core Total USD Bond Market ETF,45.505001068115234
IUSG,iShares Core S&P U.S. Growth ETF,136.80999755859375
IUSV,iShares Core S&P U.S. Value ETF,97.66999816894531
IVAC,"Intevac, Inc. - Common Stock",3.325000047683716
IVAL,Alpha Architect International Quantitative Value ETF,24.75
IVE,iShares S&P 500 Value ETF,201.36000061035156
IVLU,iShares Edge MSCI Intl Value Factor ETF,28.385000228881836
IVOG,Vanguard S&P Mid-Cap 400 Growth ETF,119.8740005493164
IVOL,Quadratic Interest Rate Volatility and Inflation Hedge ETF,18.170000076293945
IVOO,Vanguard S&P Mid-Cap 400 ETF,111.25
IVOV,Vanguard S&P Mid-Cap 400 Value ETF,101.63700103759766
IVR,INVESCO MORTGAGE CAPITAL INC Common Stock,8.005000114440918
IVV,iShares Core S&P 500 ETF,593.7999877929688
IVW,iShares S&P 500 Growth ETF,99.25
IVZ,Invesco Ltd Common Stock,18.610000610351562
IWB,iShares Russell 1000 ETF,325.1300048828125
IWC,iShares Microcap ETF,135.0
IWD,iShares Russell 1000 Value ETF,194.8699951171875
IWF,iShares Russell 1000 Growth ETF,390.3299865722656
IWL,iShares Russell Top 200 ETF,145.00999450683594
IWM,iShares Russell 2000 ETF,237.02000427246094
IWN,iShares Russell 2000 Value ETF,178.6999969482422
IWO,iShares Russell 2000 Growth ETF,305.6600036621094
IWP,iShares Russell Midcap Growth ETF,126.23999786376953
IWR,iShares Russell Mid-Cap ETF,91.61000061035156
IWS,iShares Russell Mid-cap Value ETF,135.83999633789062
IWV,iShares Russell 3000 ETF,338.6300048828125
IWX,iShares Russell Top 200 Value ETF,83.36990356445312
IWY,iShares Russell Top 200 Growth ETF,227.72999572753906
IX,Orix Corp Ads Common Stock,108.94999694824219
IXC,iShares Global Energy ETF,42.05500030517578
IXG,iShares Global Financial ETF,99.07250213623047
IXJ,iShares Global Healthcare ETF,93.17649841308594
IXN,iShares Global Tech ETF,83.42500305175781
IXP,iShares Global Comm Services ETF,95.69999694824219
IXUS,iShares Core MSCI Total International Stock ETF,69.52999877929688
IYC,iShares U.S. Consumer Services ETF,91.45999908447266
IYE,iShares U.S. Energy ETF,49.310001373291016
IYF,iShares U.S. Financial ETF,114.52269744873047
IYG,iShares U.S. Financial Services ETF,79.54010009765625
IYH,iShares U.S. Healthcare ETF,62.54999923706055
IYJ,iShares U.S. Industrials ETF,140.97999572753906
IYK,iShares U.S. Consumer Goods ETF,68.04000091552734
IYLD,iShares Morningstar Multi-Asset Income ETF,20.22010040283203
IYM,iShares U.S. Basic Materials ETF,148.86000061035156
IYR,iShares U.S. Real Estate ETF,97.16000366210938
IYT,iShares Transportation AverageETF,74.02999877929688
IYW,iShares U.S. Technology ETF,157.97000122070312
IYY,iShares Dow Jones U.S. ETF,144.31520080566406
IYZ,iShares U.S. Telecommunications ETF,26.780000686645508
IZEA,"IZEA Worldwide, Inc. - Common Stock",2.859999895095825
IZRL,ARK Israel Innovative Technology ETF,20.6200008392334
J,Jacobs Engineering Group Inc. Common Stock,147.7100067138672
JACK,Jack In The Box Inc. - Common Stock,50.720001220703125
JAGX,"Jaguar Health, Inc. - Common Stock",1.0418000221252441
JAKK,"JAKKS Pacific, Inc. - Common Stock",29.860000610351562
JAZZ,Jazz Pharmaceuticals plc - Ordinary Shares,111.30000305175781
JBGS,JBG SMITH Properties Common Shares ,17.5049991607666
JBHT,"J.B. Hunt Transport Services, Inc. - Common Stock",192.51499938964844
JBL,Jabil Inc. Common Stock,137.83999633789062
JBLU,JetBlue Airways Corporation - Common Stock,6.150000095367432
JBSS,"John B. Sanfilippo & Son, Inc. - Common Stock",87.3949966430664
JBT,John Bean Technologies Corporation Common Stock,119.23999786376953
JCE,Nuveen Core Equity Alpha Fund Nuveen Core Equity Alpha Fund Common Shares of Beneficial Interest,15.350000381469727
JCI,Johnson Controls International plc Ordinary Share,81.63999938964844
JCPB,JPMorgan Core Plus Bond ETF,46.40999984741211
JD,"JD.com, Inc. - American Depositary Shares",38.6150016784668
JDIV,JPMorgan U.S. Dividend ETF,47.72999954223633
JDST,Direxion Daily Junior Gold Miners Index Bear 2X Shares,25.860000610351562
JEF,Jefferies Financial Group Inc. Common Stock,72.40499877929688
JELD,"JELD-WEN Holding, Inc. Common Stock",10.835000038146973
JEQ,"Aberdeen Japan Equity Fund, Inc.  Common Stock",5.917799949645996
JETS,U.S. Global Jets ETF,24.524999618530273
JFIN,Jiayin Group Inc. - American Depositary Shares,6.484600067138672
JFR,Nuveen Floating Rate Income Fund Common Stock,8.885000228881836
JFU,9F Inc. - American Depositary Shares,1.5800000429153442
JG,Aurora Mobile Limited - American Depositary Shares,5.855000019073486
JGH,Nuveen Global High Income Fund Common Shares of Beneficial Interest,12.930000305175781
JHEM,John Hancock Multifactor Emerging Markets ETF,27.579999923706055
JHG,Janus Henderson Group plc Ordinary Shares,44.650001525878906
JHI,John Hancock Investors Trust Common Stock,14.164999961853027
JHMD,John Hancock Exchange-Traded Fund Trust John Hancock Multifactor Developed International ETF,33.53919982910156
JHML,John Hancock Multifactor Large Cap ETF,71.61239624023438
JHMM,John Hancock Multifactor Mid Cap ETF,62.720001220703125
JHMU,John Hancock Multifactor Utilities ETF,26.23900032043457
JHS,John Hancock Income Securities Trust Common Stock,11.390000343322754
JHSC,John Hancock Multifactor Small Cap ETF,42.29999923706055
JHX,James Hardie Industries plc American Depositary Shares (Ireland),32.40999984741211
JILL,"J. Jill, Inc. Common Stock",25.950000762939453
JJSF,J & J Snack Foods Corp. - Common Stock,178.89999389648438
JKHY,"Jack Henry & Associates, Inc. - Common Stock",180.8000030517578
JKS,JinkoSolar Holding Company Limited American Depositary Shares (each representing 4 Common Shares),23.905000686645508
JLL,Jones Lang LaSalle Incorporated Common Stock,262.0
JLS,Nuveen Mortgage and Income Fund,18.142000198364258
JMBS,Janus Henderson Mortgage-Backed Securities ETF,44.54090118408203
JMIA,"Jumia Technologies AG American Depositary Shares, each representing two Ordinary Shares",4.760000228881836
JMM,Nuveen Multi-Market Income Fund (MA),5.989999771118164
JMOM,JPMorgan U.S. Momentum Factor ETF,59.570098876953125
JMST,JPMorgan Ultra-Short Municipal Income ETF,50.67499923706055
JMUB,JPMorgan Municipal ETF,50.025001525878906
JNJ,Johnson & Johnson Common Stock,157.97549438476562
JNK,SPDR Bloomberg Barclays High Yield Bond ETF,96.46499633789062
JNPR,"Juniper Networks, Inc. Common Stock",39.08000183105469
JNUG,Direxion Daily Junior Gold Miners Index Bull 2X Shares,46.91999816894531
JOB,GEE Group Inc. Common Stock,0.26409998536109924
JOE,St. Joe Company (The) Common Stock,53.43000030517578
JOF,Japan Smaller Capitalization Fund Inc Common Stock,7.689499855041504
JOUT,Johnson Outdoors Inc. - Class A Common Stock,33.95000076293945
JPC,Nuveen Preferred & Income Opportunities Fund,8.020000457763672
JPEM,JPMorgan Diversified Return Emerging Markets Equity ETF,54.44499969482422
JPI,Nuveen Preferred and Income Term Fund Common Shares of Beneficial Interest,21.031999588012695
JPIN,JPMorgan Diversified Return International Equity ETF,56.65420150756836
JPM,JP Morgan Chase & Co. Common Stock,247.33180236816406
JPMB,JPMorgan USD Emerging Markets Sovereign Bond ETF,38.93009948730469
JPME,JPMorgan Diversified Return U.S. Mid Cap Equity ETF,107.23989868164062
JPSE,JPMorgan Diversified Return U.S. Small Cap Equity ETF,50.689998626708984
JPST,JPMorgan Ultra-Short Income ETF,50.39659881591797
JPUS,JPMorgan Diversified Return U.S. Equity ETF,121.08999633789062
JPXN,iShares JPX-Nikkei 400 ETF,73.7699966430664
JQC,Nuveen Credit Strategies Income Fund Shares of Beneficial Interest,5.71999979019165
JQUA,JPMorgan U.S. Quality Factor ETF,57.9900016784668
JRI,Nuveen Real Asset Income and Growth Fund Common Shares of Beneficial Interest,13.239999771118164
JRS,Nuveen Real Estate Income Fund Common Shares of Beneficial Interest,8.885000228881836
JRSH,"Jerash Holdings (US), Inc. - Common Stock",3.0
JRVR,"James River Group Holdings, Ltd. - Common Shares",6.710000038146973
JSM,"Navient Corporation - 6% Senior Notes due December 15, 2043",20.11009979248047
JSMD,Janus Henderson Small/Mid Cap Growth Alpha ETF,77.37999725341797
JSML,Janus Henderson Small Cap Growth Alpha ETF,71.03569793701172
JUST,Goldman Sachs JUST U.S. Large Cap Equity ETF,84.33000183105469
JVA,"Coffee Holding Co., Inc. - Common Stock",3.0299999713897705
JVAL,JPMorgan U.S. Value Factor ETF,44.801998138427734
JWN,"Nordstrom, Inc. Common Stock",22.665000915527344
JXI,iShares Global Utilities ETF,66.76000213623047
JYNT,The Joint Corp. - Common Stock,11.744999885559082
K,Kellogg Company Common Stock,80.95249938964844
KAI,Kadant Inc Common Stock,386.4849853515625
KALA,"Kala Pharmaceuticals, Inc. - Common Stock",7.0
KALL,KraneShares MSCI All China Index ETF,21.840099334716797
KALU,Kaiser Aluminum Corporation - Common Stock,85.98999786376953
KALV,"KalVista Pharmaceuticals, Inc. - Common Stock",11.390000343322754
KAR,"KAR Auction Services, Inc Common Stock",17.415000915527344
KARS,KraneShares Electric Vehicles and Future Mobility Index ETF,22.449899673461914
KB,KB Financial Group Inc,67.2300033569336
KBA,KraneShares Bosera MSCI China A ETF,25.049999237060547
KBE,SPDR S&P Bank ETF,61.13999938964844
KBH,KB Home Common Stock,80.20500183105469
KBR,"KBR, Inc. Common Stock",69.9800033569336
KBWB,Invesco KBW Bank ETF,69.18000030517578
KBWD,Invesco KBW High Dividend Yield Financial ETF,15.180000305175781
KBWP,Invesco KBW Property & Casualty Insurance ETF,118.94999694824219
KBWR,Invesco KBW Regional Banking ETF,66.45999908447266
KBWY,Invesco KBW Premium Yield Equity REIT ETF,20.139999389648438
KCE,SPDR S&P Capital Markets ETF,142.6591033935547
KDP,Keurig Dr Pepper Inc. Common Stock,32.95500183105469
KE,"Kimball Electronics, Inc. - Common Stock",21.1200008392334
KELYA,"Kelly Services, Inc. - Class A Common Stock",22.229999542236328
KEM,KEMET Corporation Common Stock,28.09000015258789
KEMQ,KraneShares Emerging Markets Consumer Technology Index ETF,18.1200008392334
KEMX,KraneShares MSCI Emerging Markets ex China Index ETF,30.420000076293945
KEN,Kenon Holdings Ltd. Ordinary Shares,28.559999465942383
KEP,Korea Electric Power Corporation Common Stock,8.154999732971191
KEQU,Kewaunee Scientific Corporation - Common Stock,36.44499969482422
KEX,Kirby Corporation Common Stock,127.0199966430664
KEY,KeyCorp Common Stock,19.905000686645508
KEYS,Keysight Technologies Inc. Common Stock,161.52999877929688
KF,"Korea Fund, Inc. (The) New Common Stock",21.1200008392334
KFFB,Kentucky First Federal Bancorp - Common Stock,2.8477001190185547
KFRC,"Kforce, Inc. - Common Stock",62.20000076293945
KFS,"Kingsway Financial Services, Inc. Common Stock (DE)",9.550000190734863
KFY,Korn Ferry Common Stock,78.97000122070312
KGC,Kinross Gold Corporation Common Stock,9.859299659729004
KGRN,KraneShares MSCI China Environment Index ETF,22.899999618530273
KHC,The Kraft Heinz Company - Common Stock,33.404998779296875
KIDS,OrthoPediatrics Corp. - Common Stock,30.93000030517578
KIE,SPDR S&P Insurance ETF,58.61869812011719
KIM,Kimco Realty Corporation Common Stock,24.260000228881836
KINS,"Kingstone Companies, Inc - Common Stock",11.295000076293945
KIO,KKR Income Opportunities Fund Common Shares,13.680100440979004
KIRK,"Kirkland's, Inc. - Common Stock",1.6445000171661377
KJAN,Innovator ETFs Trust Innovator Russell 2000 Power Buffer ETF - January,38.81990051269531
KKR,KKR & Co. Inc. Class A Common Stock,153.25999450683594
KLAC,KLA Corporation  - Common Stock,669.780029296875
KLDO,"Kaleido Biosciences, Inc. - Common Stock",9.999999747378752e-05
KLIC,"Kulicke and Soffa Industries, Inc. - Common Stock",49.099998474121094
KLXE,"KLX Energy Services Holdings, Inc.  - Common Stock",5.269999980926514
KMB,Kimberly-Clark Corporation Common Stock,131.44000244140625
KMDA,Kamada Ltd. - Ordinary Shares,5.949999809265137
KMI,"Kinder Morgan, Inc. Common Stock",26.448699951171875
KMPR,Kemper Corporation,66.05999755859375
KMT,Kennametal Inc. Common Stock,31.170000076293945
KMX,CarMax Inc,76.91000366210938
KN,Knowles Corporation Common Stock,19.27899932861328
KNDI,"Kandi Technologies Group, Inc. - Common Stock",1.2940000295639038
KNG,ETF Series Solutions ETF Cboe Vest S&P 500 Dividend Aristocrats Target Income ETF,53.652400970458984
KNOP,KNOT Offshore Partners LP Common Units representing Limited Partner Interests,6.070000171661377
KNOW,Direxion All Cap Insider Sentiment Shares,10.990699768066406
KNSA,"Kiniksa Pharmaceuticals, Ltd. - Class A Common Stock",22.989999771118164
KNSL,"Kinsale Capital Group, Inc. - Common Stock",451.0950012207031
KNX,Knight-Swift Transportation Holdings Inc.,58.26499938964844
KO,Coca-Cola Company (The) Common Stock,63.6150016784668
KOCT,Innovator Russell 2000 Power Buffer ETF - October,31.40999984741211
KOD,Kodiak Sciences Inc - Common Stock,4.710000038146973
KODK,Eastman Kodak Company Common New,5.525000095367432
KOF,"Coca Cola Femsa S.A.B. de C.V.  American Depositary Shares, each representing 10 Units (each Unit consists of 3 Series B Shares and 5 Series L Shares)",82.4000015258789
KOLD,ProShares UltraShort Bloomberg Natural Gas,78.03379821777344
KOMP,SPDR S&P Kensho New Economies Composite ETF,52.42390060424805
KOP,Koppers Holdings Inc. Koppers Holdings Inc. Common Stock,39.040000915527344
KOPN,Kopin Corporation - Common Stock,0.7997999787330627
KORP,American Century Diversified Corporate Bond ETF,46.33000183105469
KORU,Direxion Daily South Korea Bull 3X Shares,5.415599822998047
KOS,Kosmos Energy Ltd. Common Shares (DE),3.7850000858306885
KOSS,Koss Corporation - Common Stock,6.883600234985352
KPTI,Karyopharm Therapeutics Inc. - Common Stock,0.8810999989509583
KR,Kroger Company (The) Common Stock,59.650001525878906
KRC,Kilroy Realty Corporation Common Stock,40.470001220703125
KRE,SPDR S&P Regional Banking ETF,66.94999694824219
KREF,KKR Real Estate Finance Trust Inc. Common Stock,11.989999771118164
KRG,Kite Realty Group Trust Common Stock,26.96500015258789
KRKR,36Kr Holdings Inc. - American Depositary Shares,3.859999895095825
KRMA,Global X Conscious Companies ETF,40.189998626708984
KRMD,"Repro Med Systems, Inc. - Common Stock",2.7899999618530273
KRNT,Kornit Digital Ltd. - Ordinary Shares,29.184999465942383
KRNY,Kearny Financial - Common Stock,8.305000305175781
KRO,Kronos Worldwide Inc Common Stock,12.949999809265137
KRP,Kimbell Royalty Partners Common Units Representing Limited Partner Interests,16.364999771118164
KRUS,"Kura Sushi USA, Inc. - Class A Common Stock",104.36000061035156
KRYS,"Krystal Biotech, Inc. - Common Stock",182.7899932861328
KSA,iShares Trust iShares MSCI Saudi Arabia ETF,42.04999923706055
KSM,DWS Strategic Municipal Income Trust,10.050000190734863
KSS,Kohl's Corporation Common Stock,17.790000915527344
KT,KT Corporation Common Stock,15.699999809265137
KTB,"Kontoor Brands, Inc. Common Stock ",86.45500183105469
KTCC,Key Tronic Corporation - Common Stock,5.78000020980835
KTF,DWS Municipal Income Trust,9.880000114440918
KTH,Structures Products Cp 8% CorTS Issued by Peco Energy Cap Tr II Preferred Stock,29.545000076293945
KTN,Structured Products Corp 8.205% CorTS 8.205% Corporate Backed Trust Securities (CorTS),27.209999084472656
KTOS,"Kratos Defense & Security Solutions, Inc. - Common Stock",24.200000762939453
KURA,"Kura Oncology, Inc. - Common Stock",17.799999237060547
KURE,KraneShares MSCI All China Health Care Index ETF,15.367500305175781
KVHI,"KVH Industries, Inc. - Common Stock",4.590000152587891
KW,Kennedy-Wilson Holdings Inc. Common Stock,11.570799827575684
KWEB,KraneShares Trust KraneShares CSI China Internet ETF,32.56999969482422
KWR,Quaker Chemical Corporation Common Stock,180.3800048828125
KXI,iShares Global Consumer Staples ETF,62.02009963989258
KXIN,Kaixin Auto Holdings - Ordinary Share,3.799999952316284
KYN,Kayne Anderson MLP/Midstream Investment Company Common Stock,12.330100059509277
KZIA,Kazia Therapeutics Limited - American Depositary Shares,6.429999828338623
KZR,"Kezar Life Sciences, Inc. - Common Stock",7.440000057220459
L,Loews Corporation Common Stock,82.69999694824219
LABD,Direxion Daily S&P Biotech Bear 3X Shares,5.242199897766113
LABU,Direxion Daily S&P Biotech Bull 3X Shares,139.4600067138672
LAC,Lithium Americas Corp. Common Shares,3.9200000762939453
LAD,"Lithia Motors, Inc. Common Stock",369.875
LADR,Ladder Capital Corp Class A Common Stock,11.589900016784668
LAKE,"Lakeland Industries, Inc. - Common Stock",20.219999313354492
LAMR,Lamar Advertising Company - Class A Common Stock,132.3300018310547
LANC,Lancaster Colony Corporation - Common Stock,198.8300018310547
LAND,Gladstone Land Corporation - Common Stock,13.6899995803833
LANDP,Gladstone Land Corporation - 6.375% Series A Cumulative Term Preferred Stock,21.6875
LARK,Landmark Bancorp Inc. - Common Stock,21.424999237060547
LASR,"nLIGHT, Inc. - Common Stock",14.104999542236328
LAUR,"Laureate Education, Inc. - Class A Common Stock",18.170000076293945
LAZ,"Lazard LTD. Lazard, LTD. Class A Common Stock",60.939998626708984
LB,"L Brands, Inc.",61.51499938964844
LBRDA,Liberty Broadband Corporation - Class A Common Stock,99.5999984741211
LBRDK,Liberty Broadband Corporation - Class C Common Stock,100.84500122070312
LBRT,Liberty Oilfield Services Inc. Class A Common Stock,18.910999298095703
LBTYA,Liberty Global plc - Class A Ordinary Shares,19.860000610351562
LBTYB,Liberty Global plc - Class B Ordinary Shares,19.992399215698242
LBTYK,Liberty Global plc - Class C Ordinary Shares,20.485000610351562
LC,LendingClub Corporation Common Stock,15.34000015258789
LCII,LCI Industries,120.08000183105469
LCNB,LCNB Corporation - Common Stock,17.200000762939453
LCR,Leuthold Core ETF,35.650001525878906
LCTX,"Lineage Cell Therapeutics, Inc. Common Stock",0.9153000116348267
LCUT,"Lifetime Brands, Inc. - Common Stock",6.579999923706055
LDEM,iShares ESG MSCI EM Leaders ETF,48.7599983215332
LDOS,"Leidos Holdings, Inc. Common Stock",194.41000366210938
LDP,"Cohen & Steers Limited Duration Preferred and Income Fund, Inc.",21.01959991455078
LDSF,First Trust Low Duration Strategic Focus ETF,18.84000015258789
LDUR,PIMCO Enhanced Low Duration Active Exchange-Traded Fund,94.92169952392578
LE,"Lands' End, Inc. - Common Stock",16.75
LEA,Lear Corporation Common Stock,96.52999877929688
LEAD,Realty Shares DIVCON Leaders Dividend ETF,68.9301986694336
LECO,"Lincoln Electric Holdings, Inc. - Common Shares",218.74000549316406
LEDS,SemiLEDS Corporation - Common Stock,1.1109999418258667
LEE,"Lee Enterprises, Incorporated Common Stock",16.729999542236328
LEG,"Leggett & Platt, Incorporated Common Stock",12.164999961853027
LEGH,Legacy Housing Corporation - Common Stock,27.559999465942383
LEGR,First Trust Indxx Innovative Transaction & Process ETF,47.03990173339844
LEMB,iShares J.P. Morgan EM Local Currency Bond,36.749000549316406
LEN,Lennar Corporation Class A Common Stock,168.57000732421875
LEO,"BNY Mellon Strategic Municipals, Inc. Common Stock",6.170100212097168
LEU,Centrus Energy Corp. Class A Common Stock,86.7699966430664
LEVI,Levi Strauss & Co Class A Common Stock,17.065000534057617
LFEQ,VanEck Vectors Long/Flat Trend ETF,50.0
LFUS,"Littelfuse, Inc. - Common Stock",259.989990234375
LFVN,Lifevantage Corporation - Common Stock,13.84000015258789
LGH,HCM Defender 500 Index ETF,52.7400016784668
LGI,Lazard Global Total Return and Income Fund Common Stock,16.899999618530273
LGIH,"LGI Homes, Inc. - Common Stock",110.55500030517578
LGL,"LGL Group, Inc. (The) Common Stock",5.96999979019165
LGLV,SPDR SSGA US Large Cap Low Volatility Index ETF,172.32080078125
LGND,Ligand Pharmaceuticals Incorporated - Common Stock,115.66000366210938
LGOV,First Trust Long Duration Opportunities ETF,21.014999389648438
LH,Laboratory Corporation of America Holdings Common Stock,234.21499633789062
LHX,"L3Harris Technologies, Inc. Common Stock",256.3500061035156
LII,"Lennox International, Inc. Common Stock",608.6900024414062
LILA,Liberty Latin America Ltd. - Class A Common Stock,10.364999771118164
LILAK,Liberty Latin America Ltd. - Class C Common Stock,10.225000381469727
LIN,Linde plc Ordinary Share,462.94000244140625
LINC,Lincoln Educational Services Corporation - Common Stock,15.109999656677246
LIND,Lindblad Expeditions Holdings Inc.  - Common Stock,13.0600004196167
LIQT,"LiqTech International, Inc. - Common Stock",1.7800999879837036
LIT,Global X Lithium & Battery Tech ETF,43.78499984741211
LITB,"LightInTheBox Holding Co., Ltd. American Depositary Shares, each representing 2 ordinary shares",2.134999990463257
LITE,Lumentum Holdings Inc. - Common Stock,72.16000366210938
LIVE,Live Ventures Incorporated - Common Stock,11.289999961853027
LIVN,LivaNova PLC - Ordinary Shares,52.04499816894531
LKCO,Luokung Technology Corp - Ordinary Shares,1.5749000310897827
LKFN,Lakeland Financial Corporation - Common Stock,74.09500122070312
LKOR,FlexShares Trust FlexShares Credit-Scored US Long Corporate Bond Index Fund,42.96500015258789
LKQ,LKQ Corporation - Common Stock,38.095001220703125
LLY,Eli Lilly and Company Common Stock,773.469970703125
LMAT,"LeMaitre Vascular, Inc. - Common Stock",101.66000366210938
LMB,"Limbach Holdings, Inc. - Common Stock",94.68199920654297
LMBS,First Trust Low Duration Opportunities ETF,48.56999969482422
LMFA,"LM Funding America, Inc. - Common Stock",3.1489999294281006
LMNR,Limoneira Co - Common Stock,28.77669906616211
LMPX,"LMP Automotive Holdings, Inc. - Common Stock",0.1599999964237213
LMT,Lockheed Martin Corporation Common Stock,552.0650024414062
LNC,Lincoln National Corporation Common Stock,36.8489990234375
LND,Brasilagro Brazilian Agric Real Estate Co Sponsored ADR (Brazil),4.320000171661377
LNG,"Cheniere Energy, Inc. Common Stock",198.13499450683594
LNN,Lindsay Corporation Common Stock,132.4499969482422
LNT,Alliant Energy Corporation - Common Stock,57.220001220703125
LNTH,"Lantheus Holdings, Inc. - Common Stock",89.7300033569336
LOAN,"Manhattan Bridge Capital, Inc - Common Stock",5.380000114440918
LOB,"Live Oak Bancshares, Inc. - Common Stock",49.349998474121094
LOCO,"El Pollo Loco Holdings, Inc. - Common Stock",12.90999984741211
LODE,"Comstock Mining, Inc. Common Stock",0.36309999227523804
LOGC,"LogicBio Therapeutics, Inc. - Common Stock",6.289999961853027
LOGI,Logitech International S.A. - Registered Shares,78.5250015258789
LOMA,Loma Negra Compania Industrial Argentina Sociedad Anonima ADS,9.845000267028809
LOOP,"Loop Industries, Inc. - Common Stock",1.2620999813079834
LOPE,"Grand Canyon Education, Inc. - Common Stock",160.77499389648438
LOUP,Innovator Loup Frontier Tech E,52.92499923706055
LOVE,The Lovesac Company - Common Stock,29.389999389648438
LOW,"Lowe's Companies, Inc. Common Stock",262.0849914550781
LPCN,Lipocine Inc. - Common Stock,6.0
LPG,Dorian LPG Ltd. Common Stock,28.049999237060547
LPL,"LG Display Co, Ltd AMERICAN DEPOSITORY SHARES",3.5999999046325684
LPLA,LPL Financial Holdings Inc. - Common Stock,308.6400146484375
LPSN,"LivePerson, Inc. - Common Stock",1.1749999523162842
LPTH,"LightPath Technologies, Inc. - Class A Common Stock",1.590000033378601
LPTX,"Leap Therapeutics, Inc. - Common Stock",3.680000066757202
LPX,Louisiana-Pacific Corporation Common Stock,107.69999694824219
LQD,iShares iBoxx $ Investment Grade Corporate Bond ETF,108.23999786376953
LQDA,"Liquidia Technologies, Inc. - Common Stock",10.625
LQDH,iShares Interest Rate Hedged Corporate Bond ETF,93.23989868164062
LQDI,iShares Inflation Hedged Corporate Bond ETF,26.16119956970215
LQDT,"Liquidity Services, Inc. - Common Stock",23.950000762939453
LRCX,Lam Research Corporation - Common Stock,77.19000244140625
LRGE,ClearBridge Large Cap Growth ESG ETF,75.63999938964844
LRGF,iShares Edge MSCI Multifactor USA ETF,61.0
LRN,K12 Inc Common Stock,99.07499694824219
LRNZ,"TrueMark Technology, AI & Deep Learning ETF",39.688499450683594
LSAF,LeaderShares AlphaFactor US Core Equity ETF,43.08639907836914
LSBK,"Lake Shore Bancorp, Inc. - Common Stock",13.949999809265137
LSCC,Lattice Semiconductor Corporation - Common Stock,54.27000045776367
LSTR,"Landstar System, Inc. - Common Stock",191.8800048828125
LTBR,Lightbridge Corporation - Common Stock,8.330599784851074
LTC,"LTC Properties, Inc. Common Stock",37.89500045776367
LTL,ProShares Ultra Telecommunications ProShares,81.73999786376953
LTM,LATAM Airlines Group S.A.,27.149999618530273
LTPZ,Pimco 15  Year U.S. TIPS Index Exchange-Traded Fund,54.380001068115234
LTRPA,"Liberty TripAdvisor Holdings, Inc. - Series A Common Stock",0.40049999952316284
LTRPB,"Liberty TripAdvisor Holdings, Inc. - Series B Common Stock",4.400000095367432
LTRX,"Lantronix, Inc. - Common Stock",3.8350000381469727
LULU,lululemon athletica inc. - Common Stock,314.2699890136719
LUMO,"Lumos Pharma, Inc. - Common Stock",4.329500198364258
LUNA,Luna Innovations Incorporated - Common Stock,1.5950000286102295
LUV,Southwest Airlines Company Common Stock,31.43000030517578
LVHD,Legg Mason Low Volatility High Dividend ETF,40.369998931884766
LVHI,Legg Mason International Low Volatility High Dividend ETF,30.934999465942383
LVS,Las Vegas Sands Corp. Common Stock,50.68000030517578
LW,"Lamb Weston Holdings, Inc. Common Stock ",80.22000122070312
LWAY,"Lifeway Foods, Inc. - Common Stock",25.700000762939453
LX,LexinFintech Holdings Ltd. - American Depositary Shares,3.5850000381469727
LXFR,Luxfer Holdings PLC Ordinary Shares,15.020000457763672
LXP,Lexington Realty Trust Common Stock,9.694999694824219
LXRX,"Lexicon Pharmaceuticals, Inc. - Common Stock",1.2050000429153442
LXU,"LSB Industries, Inc. Common Stock",8.890000343322754
LYB,LyondellBasell Industries NV Ordinary Shares Class A (Netherlands),86.29000091552734
LYFT,"Lyft, Inc. - Class A Common Stock",14.390000343322754
LYG,Lloyds Banking Group Plc American Depositary Shares,2.815000057220459
LYTS,LSI Industries Inc. - Common Stock,18.020000457763672
LYV,"Live Nation Entertainment, Inc. Common Stock",126.20999908447266
LZB,La-Z-Boy Incorporated Common Stock,40.8650016784668
M,Macy's Inc Common Stock,16.065000534057617
MA,Mastercard Incorporated Common Stock,521.1950073242188
MAA,"Mid-America Apartment Communities, Inc. Common Stock",153.875
MAC,Macerich Company (The) Common Stock,18.65999984741211
MAG,MAG Silver Corporation Ordinary Shares,16.204999923706055
MAGA,Point Bridge GOP Stock Tracker ETF,50.939998626708984
MAGS,Magal Security Systems Ltd. - Ordinary Shares,50.349998474121094
MAIN,Main Street Capital Corporation Common Stock,51.585201263427734
MAN,ManpowerGroup Common Stock,65.79000091552734
MANH,"Manhattan Associates, Inc. - Common Stock",281.7799987792969
MANU,Manchester United Ltd. Class A Ordinary Shares,17.28499984741211
MAR,Marriott International - Class A Common Stock,277.0849914550781
MARA,"Marathon Patent Group, Inc. - Common Stock",19.34000015258789
MARB,First Trust Merger Arbitrage ETF,19.790000915527344
MARK,"Remark Holdings, Inc. - Common Stock",0.11509999632835388
MARPS,Marine Petroleum Trust - Units of Beneficial Interest,3.950500011444092
MAS,Masco Corporation Common Stock,80.66000366210938
MASI,Masimo Corporation - Common Stock,168.58999633789062
MAT,"Mattel, Inc. - Common Stock",18.735000610351562
MATW,Matthews International Corporation - Class A Common Stock,25.010000228881836
MATX,"Matson, Inc. Common Stock",164.61000061035156
MAV,Pioneer Municipal High Income Advantage Trust Common Shares of Beneficial Interest,8.501999855041504
MAYS,"J. W. Mays, Inc. - Common Stock",42.34000015258789
MBB,iShares MBS ETF,92.18000030517578
MBCN,Middlefield Banc Corp. - Common Stock,32.93000030517578
MBI,MBIA Inc. Common Stock,4.28000020980835
MBIN,Merchants Bancorp - Common Stock,42.22999954223633
MBINO,Merchants Bancorp - Depositary Shares Each Representing a 1/40th Interest in a Share of Series B Fixed-to-Floating Rate,25.20009994506836
MBIO,"Mustang Bio, Inc. - Common Stock",0.2281000018119812
MBNKP,"Medallion Bank - Fixed-to-Floating Rate Non-Cumulative Perpetual Preferred Stock, Series F",25.3700008392334
MBOT,Microbot Medical Inc.  - Common Stock,0.9431999921798706
MBRX,"Moleculin Biotech, Inc. - Common Stock",2.309999942779541
MBSD,FlexShares Disciplined Duration MBS Index Fund,20.375
MBUU,"Malibu Boats, Inc. - Common Stock",45.2599983215332
MBWM,Mercantile Bank Corporation - Common Stock,51.150001525878906
MC,Moelis & Company Class A Common Stock,80.51000213623047
MCB,Metropolitan Bank Holding Corp. Common Stock,63.25
MCBS,"MetroCity Bankshares, Inc. - Common Stock",34.369998931884766
MCD,McDonald's Corporation Common Stock,293.7900085449219
MCFT,"MasterCraft Boat Holdings, Inc. - Common Stock",22.06999969482422
MCHI,iShares MSCI China ETF,49.709999084472656
MCHP,Microchip Technology Incorporated - Common Stock,73.76000213623047
MCHX,"Marchex, Inc. - Class B Common Stock",1.7999999523162842
MCI,Barings Corporate Investors Common Stock,19.530000686645508
MCK,McKesson Corporation Common Stock,545.469970703125
MCN,Madison Covered Call & Equity Strategy Fund Common Stock,6.96999979019165
MCO,Moody's Corporation Common Stock,460.92498779296875
MCR,MFS Charter Income Trust Common Stock,6.329999923706055
MCRB,"Seres Therapeutics, Inc. - Common Stock",0.7540000081062317
MCRI,"Monarch Casino & Resort, Inc. - Common Stock",82.1500015258789
MCS,Marcus Corporation (The) Common Stock,22.40999984741211
MCY,Mercury General Corporation Common Stock,72.81999969482422
MD,"Mednax, Inc. Common Stock",16.094999313354492
MDB,"MongoDB, Inc. - Class A Common Stock",281.8399963378906
MDGL,"Madrigal Pharmaceuticals, Inc. - Common Stock",338.68499755859375
MDIA,Mediaco Holding Inc. - Class A Common Stock,1.2699999809265137
MDIV,First Trust Multi-Asset Diversified Income Index Fund,16.549999237060547
MDJH,MDJM LTD - Ordinary Shares,0.1500999927520752
MDLZ,"Mondelez International, Inc. - Class A Common Stock",66.37999725341797
MDRR,"Medalist Diversified REIT, Inc. - Common Stock",12.300000190734863
MDRRP,"Medalist Diversified REIT, Inc. - Series A Cumulative Redeemable Preferred Stock",25.290800094604492
MDRX,"Allscripts Healthcare Solutions, Inc. - common stock",9.5
MDT,Medtronic plc. Ordinary Shares,90.11499786376953
MDU,"MDU Resources Group, Inc. Common Stock (Holding Company)",17.030000686645508
MDWD,MediWound Ltd. - Ordinary Shares,17.940000534057617
MDY,SPDR MidCap Trust Series I,600.47998046875
MDYG,SPDR S&P 400 Mid Cap Growth ETF (based on S&P MidCap 400 Growth Index--symbol: MUV),91.83999633789062
MDYV,SPDR S&P 400 Mid Cap Value ETF (based on S&P MidCap 400 Value Index--symbol: MGD,84.41000366210938
MEAR,iShares Short Maturity Municipal Bond ETF,50.02000045776367
MEC,"Mayville Engineering Company, Inc. Common Stock",17.43000030517578
MED,MEDIFAST INC Common Stock,19.59000015258789
MEDP,"Medpace Holdings, Inc. - Common Stock",358.6700134277344
MEI,"Methode Electronics, Inc. Common Stock",10.239999771118164
MEIP,"MEI Pharma, Inc. - Common Stock",3.099299907684326
MELI,"MercadoLibre, Inc. - Common Stock",2118.39990234375
MEOH,Methanex Corporation - Common Stock,39.040000915527344
MERC,Mercer International Inc. - Common Stock,6.804999828338623
MESA,"Mesa Air Group, Inc. - Common Stock",0.8924999833106995
MESO,Mesoblast Limited - American Depositary Shares,8.710000038146973
MET,"MetLife, Inc. Common Stock",83.5
METC,"Ramaco Resources, Inc. - Common Stock",12.430000305175781
MEXX,Direxion Daily MSCI Mexico Bull 3X Shares,12.3100004196167
MFA,"MFA Financial, Inc.",11.404999732971191
MFC,Manulife Financial Corporation Common Stock,31.357999801635742
MFDX,PIMCO Equitiy Series PIMCO RAFI Dynamic Multi-Factor International Equity ETF,30.679899215698242
MFEM,PIMCO Equitiy Series PIMCO RAFI Dynamic Multi-Factor Emerging Markets Equity ETF,20.170000076293945
MFG,"Mizuho Financial Group, Inc. Sponosred ADR (Japan)",4.579999923706055
MFH,JMU Limited - American Depositary Shares,1.2999999523162842
MFIN,Medallion Financial Corp. - Common Stock,9.880000114440918
MFM,MFS Municipal Income Trust Common Stock,5.519999980926514
MFUS,PIMCO Equitiy Series PIMCO RAFI Dynamic Multi-Factor U.S. Equity ETF,51.4900016784668
MG,Mistras Group Inc Common Stock,9.175000190734863
MGA,"Magna International, Inc. Common Stock",42.1150016784668
MGC,Vanguard Mega Cap ETF,212.88999938964844
MGEE,MGE Energy Inc. - Common Stock,97.46499633789062
MGF,MFS Government Markets Income Trust Common Stock,3.1600000858306885
MGIC,Magic Software Enterprises Ltd. - Ordinary Shares,10.84000015258789
MGK,Vanguard Mega Cap Growth ETF,333.20001220703125
MGM,MGM Resorts International Common Stock,37.60499954223633
MGNX,"MacroGenics, Inc. - Common Stock",4.119999885559082
MGPI,"MGP Ingredients, Inc. - Common Stock",48.375
MGR,"Affiliated Managers Group, Inc. 5.875% Junior Subordinated Notes due 2059",24.432600021362305
MGRC,McGrath RentCorp - Common Stock,122.56999969482422
MGTX,MeiraGTx Holdings plc - Ordinary Shares,6.409900188446045
MGV,Vanguard Mega Cap Value ETF,131.18499755859375
MGY,Magnolia Oil & Gas Corporation Class A Common Stock,27.31999969482422
MGYR,"Magyar Bancorp, Inc. - Common Stock",12.279999732971191
MHD,"Blackrock MuniHoldings Fund, Inc. Common Stock",11.979999542236328
MHF,"Western Asset Municipal High Income Fund, Inc. Common Stock",6.9653000831604
MHH,"Mastech Digital, Inc Common Stock",10.98449993133545
MHI,Pioneer Municipal High Income Trust Common Shares of Beneficial Interest,9.288200378417969
MHK,"Mohawk Industries, Inc. Common Stock",147.91000366210938
MHLA,"Maiden Holdings, Ltd. 6.625% Notes due 2046",17.45170021057129
MHLD,"Maiden Holdings, Ltd. - Common Stock",1.899999976158142
MHN,"Blackrock MuniHoldings New York Quality Fund, Inc. Common Stock",10.604999542236328
MHNC,"Maiden Holdings North America, Ltd. 7.75% Notes due 2043",19.3799991607666
MHO,"M/I Homes, Inc. Common Stock",160.3699951171875
MIDD,The Middleby Corporation - Common Stock,142.9199981689453
MIDU,Direxion Mid Cap Bull 3X Shares,63.08549880981445
MILN,Global X Millennials Thematic ETF,43.95000076293945
MIN,MFS Intermediate Income Trust Common Stock,2.734999895095825
MIND,"Mitcham Industries, Inc. - Common Stock",3.700000047683716
MINT,PIMCO Enhanced Short Maturity Active Exchange-Traded Fund,100.33999633789062
MIRM,"Mirum Pharmaceuticals, Inc. - common stock",41.0099983215332
MIST,Milestone Pharmaceuticals Inc. - Common Shares,1.7699999809265137
MITK,"Mitek Systems, Inc. - Common Stock",9.270000457763672
MITT,"AG Mortgage Investment Trust, Inc. Common Stock",6.820000171661377
MIY,"Blackrock MuniYield Michigan Quality Fund, Inc. Common Stock",11.599900245666504
MJ,ETFMG Alternative Harvest ETF,2.7300000190734863
MKC,"McCormick & Company, Incorporated Common Stock",76.76000213623047
MKL,Markel Corporation Common Stock,1647.0999755859375
MKSI,"MKS Instruments, Inc. - Common Stock",103.16000366210938
MKTX,"MarketAxess Holdings, Inc. - Common Stock",274.9100036621094
MLAB,"Mesa Laboratories, Inc. - Common Stock",135.58999633789062
MLCO,Melco Resorts & Entertainment Limited - American Depositary Shares ,6.755000114440918
MLI,"Mueller Industries, Inc. Common Stock",95.0199966430664
MLM,"Martin Marietta Materials, Inc. Common Stock",617.60498046875
MLN,VanEck Vectors AMT-Free Long Municipal Index ETF,17.614999771118164
MLP,"Maui Land & Pineapple Company, Inc. Common Stock",25.270000457763672
MLPA,Global X MLP ETF,49.27040100097656
MLPB,"ETRACS Alerian MLP Infrastructure Index ETN Series B due April 2, 2040",24.708599090576172
MLPX,Global X MLP & Energy Infrastructure ETF,60.029998779296875
MLR,"Miller Industries, Inc. Common Stock",75.375
MLSS,"Milestone Scientific, Inc. Common Stock",0.8050000071525574
MMC,"Marsh & McLennan Companies, Inc. Common Stock",223.22999572753906
MMD,MainStay MacKay DefinedTerm Municipal Opportunities Fund,16.545000076293945
MMI,"Marcus & Millichap, Inc. Common Stock",40.400001525878906
MMIN,IQ MacKay Municipal Insured ETF ,23.809999465942383
MMIT,IQ MacKay Municipal Intermediate ETF,23.979999542236328
MMLP,Martin Midstream Partners L.P. - Common Units Representing Limited Partnership Interests,3.9700000286102295
MMM,3M Company Common Stock,133.89500427246094
MMS,"Maximus, Inc. Common Stock",89.55999755859375
MMSI,"Merit Medical Systems, Inc. - Common Stock",102.36000061035156
MMT,MFS Multimarket Income Trust Common Stock,4.75
MMTM,SPDR S&P 1500 Momentum Tilt ETF,263.17999267578125
MMU,"Western Asset Managed Municipals Fund, Inc. Common Stock",10.358099937438965
MMYT,MakeMyTrip Limited - Ordinary Shares,113.2699966430664
MNA,IQ Merger Arbitrage ETF,32.875
MNDO,MIND C.T.I. Ltd. - Ordinary Shares,1.9500000476837158
MNKD,MannKind Corporation - Common Stock,7.394999980926514
MNOV,"MediciNova, Inc. - Common Stock",1.5750000476837158
MNPR,Monopar Therapeutics Inc. - Common Stock,15.800000190734863
MNR,Monmouth Real Estate Investment Corporation Class A Common Stock,15.569999694824219
MNRO,"Monro, Inc.  - Common Stock",29.270000457763672
MNSB,"MainStreet Bancshares, Inc. - Common Stock",18.200000762939453
MNST,Monster Beverage Corporation - Common Stock,54.43000030517578
MNTX,"Manitex International, Inc. - common stock",5.699999809265137
MO,"Altria Group, Inc.",54.29999923706055
MOAT,VanEck Vectors Morningstar Wide Moat ETF,96.41500091552734
MOD,Modine Manufacturing Company Common Stock,124.80999755859375
MOFG,"MidWestOne Financial Group, Inc. - Common Stock",32.21500015258789
MOGO,Mogo Inc. - Common Shares,1.0799000263214111
MOGU,MOGU Inc. American Depositary Shares (each  representing 25 Class A Ordinary Shares),2.2300000190734863
MOH,Molina Healthcare Inc Common Stock,326.5249938964844
MOMO,Momo Inc. - American Depositary Shares,6.909999847412109
MOO,VanEck Vectors Agribusiness ETF,71.52999877929688
MORN,"Morningstar, Inc. - Common Stock",344.67999267578125
MORT,VanEck Vectors Mortgage REIT Income ETF,11.119999885559082
MOS,Mosaic Company (The) Common Stock,27.549999237060547
MOTI,VanEck Vectors Morningstar International Moat ETF,32.420101165771484
MOTO,SmartETFs Smart Transportation & Technology ETF,43.349998474121094
MOTS,"Motus GI Holdings, Inc. - Common Stock",0.0003000000142492354
MOV,Movado Group Inc. Common Stock,19.790000915527344
MPA,Blackrock MuniYield Pennsylvania Quality Fund Common Stock,11.979999542236328
MPAA,"Motorcar Parts of America, Inc. - Common Stock",5.860000133514404
MPB,Mid Penn Bancorp - Common Stock,32.08000183105469
MPC,Marathon Petroleum Corporation Common Stock,155.2899932861328
MPLX,MPLX LP Common Units Representing Limited Partner Interests,46.439998626708984
MPV,Barings Participation Investors Common Stock,16.741199493408203
MPW,"Medical Properties Trust, Inc. common stock",4.585000038146973
MPWR,"Monolithic Power Systems, Inc. - Common Stock",783.760009765625
MPX,Marine Products Corporation Common Stock,10.180000305175781
MQT,"Blackrock MuniYield Quality Fund II, Inc. Common Stock",10.350000381469727
MQY,"Blackrock MuniYield Quality Fund, Inc. Common Stock",12.425000190734863
MRAM,"Everspin Technologies, Inc. - Common Stock",6.199999809265137
MRBK,Meridian Corporation - Common Stock,14.199999809265137
MRC,MRC Global Inc. Common Stock,14.385000228881836
MRCC,Monroe Capital Corporation - Common Stock,7.960000038146973
MRCY,Mercury Systems Inc - Common Stock,42.025001525878906
MREO,Mereo BioPharma Group plc - American Depositary Shares,4.110000133514404
MRIN,Marin Software Incorporated - Common Stock,2.134999990463257
MRK,"Merck & Company, Inc. Common Stock (new)",100.69000244140625
MRKR,"Marker Therapeutics, Inc. - Common Stock",4.103899955749512
MRNA,"Moderna, Inc. - Common Stock",51.74399948120117
MRNS,"Marinus Pharmaceuticals, Inc. - Common Stock",0.3352000117301941
MRO,Marathon Oil Corporation Common Stock,28.84819984436035
MRSN,"Mersana Therapeutics, Inc. - Common Stock",2.319999933242798
MRTN,"Marten Transport, Ltd. - Common Stock",17.889999389648438
MRUS,Merus N.V. - Common Shares,53.0
MRVL,Marvell Technology Group Ltd. - Common Stock,90.69000244140625
MS,Morgan Stanley Common Stock,131.7100067138672
MSA,MSA Safety Incorporated Common Stock,174.11000061035156
MSB,Mesabi Trust Common Stock,25.770000457763672
MSBI,"Midland States Bancorp, Inc. - Common Stock",27.81999969482422
MSC,"Studio City International Holdings Limited American depositary shares, each representing four  Class A ordinary shares",6.099999904632568
MSCI,MSCI Inc Common Stock,575.780029296875
MSD,"Morgan Stanley Emerging Markets Debt Fund, Inc. Common Stock",7.659999847412109
MSEX,Middlesex Water Company - Common Stock,68.51000213623047
MSFT,Microsoft Corporation - Common Stock,420.1499938964844
MSI,"Motorola Solutions, Inc. Common Stock",468.9200134277344
MSM,"MSC Industrial Direct Company, Inc. Common Stock",88.73030090332031
MSN,Emerson Radio Corporation Common Stock,0.5002999901771545
MSTR,MicroStrategy Incorporated - Class A Common Stock,257.2950134277344
MSVB,"Mid-Southern Bancorp, Inc. - Common Stock",14.25
MT,Arcelor Mittal NY Registry Shares NEW,25.434999465942383
MTA,Metalla Royalty & Streaming Ltd. Common Shares,3.430000066757202
MTB,M&T Bank Corporation Common Stock,216.5800018310547
MTC,"MMTec, Inc. - Common Shares",0.37220001220703125
MTCH,"Match Group, Inc. - Common Stock",37.970001220703125
MTD,"Mettler-Toledo International, Inc. Common Stock",1398.7900390625
MTDR,Matador Resources Company Common Stock,57.470001220703125
MTEM,"Molecular Templates, Inc. - Common Stock",0.41620001196861267
MTEX,"Mannatech, Incorporated - Common Stock",8.225000381469727
MTG,MGIC Investment Corporation Common Stock,24.86750030517578
MTGP,WisdomTree Mortgage Plus Bond Fund,43.779998779296875
MTH,Meritage Homes Corporation Common Stock,186.82000732421875
MTLS,Materialise NV - American Depositary Shares,6.440000057220459
MTN,"Vail Resorts, Inc. Common Stock",179.92999267578125
MTNB,"Matinas Biopharma Holdings, Inc. Common Stock",0.5252000093460083
MTR,Mesa Royalty Trust Common Stock,5.945000171661377
MTRN,Materion Corporation,119.94000244140625
MTRX,Matrix Service Company - Common Stock,12.850000381469727
MTSI,"MACOM Technology Solutions Holdings, Inc. - Common Stock",121.97000122070312
MTUM,iShares Edge MSCI USA Momentum Factor ETF,209.50999450683594
MTW,"Manitowoc Company, Inc. (The) Common Stock",11.005000114440918
MTX,Minerals Technologies Inc. Common Stock,83.91000366210938
MTZ,"MasTec, Inc. Common Stock",140.74000549316406
MU,"Micron Technology, Inc. - Common Stock",111.75499725341797
MUA,"Blackrock MuniAssets Fund, Inc Common Stock",11.809800148010254
MUB,iShares National Muni Bond ETF,105.92500305175781
MUC,"Blackrock MuniHoldings California Quality Fund, Inc.  Common Stock",10.984999656677246
MUE,"Blackrock MuniHoldings Quality Fund II, Inc. Common Stock",10.354999542236328
MUFG,"Mitsubishi UFJ Financial Group, Inc. Common Stock",11.4350004196167
MUI,Blackrock Muni Intermediate Duration Fund Inc Common Stock,12.354999542236328
MUJ,"Blackrock MuniHoldings New Jersey Quality Fund, Inc. Common Stock",11.604999542236328
MUNI,PIMCO Intermediate Municipal Bond Active Exchange-Traded Fund,51.560001373291016
MUR,Murphy Oil Corporation Common Stock,32.744998931884766
MUSA,Murphy USA Inc. Common Stock,510.67498779296875
MUST,Columbia Multi-Sector Municipal Income ETF,20.270000457763672
MUX,McEwen Mining Inc. Common Stock,9.125
MVBF,MVB Financial Corp. - Common Stock,22.399999618530273
MVF,"Blackrock MuniVest Fund, Inc. Common Stock",7.203499794006348
MVIS,"MicroVision, Inc. - Common Stock",1.0750000476837158
MVO,MV Oil Trust Units of Beneficial Interests,8.789999961853027
MVT,"Blackrock MuniVest Fund II, Inc.  Common Stock",10.875
MVV,ProShares Ultra MidCap400,76.08000183105469
MWA,MUELLER WATER PRODUCTS Common Stock,24.0049991607666
MX,"MagnaChip Semiconductor Corporation Depositary Shares, each representing one share of common stock",3.9100000858306885
MXC,Mexco Energy Corporation Common Stock,12.150099754333496
MXE,"Mexico Equity and Income Fund, Inc. (The) Common Stock",8.718600273132324
MXF,"Mexico Fund, Inc. (The) Common Stock",14.095000267028809
MXI,iShares Global Materials ETF,88.08000183105469
MXL,"MaxLinear, Inc. Common Stock",14.78499984741211
MYD,"Blackrock MuniYield Fund, Inc.  Common Stock",11.029999732971191
MYE,"Myers Industries, Inc. Common Stock",12.1899995803833
MYFW,"First Western Financial, Inc. - Common Stock",20.5
MYGN,"Myriad Genetics, Inc. - Common Stock",17.579999923706055
MYI,"Blackrock MuniYield Quality Fund III, Inc Common Stock",11.119999885559082
MYN,"Blackrock MuniYield New York Quality Fund, Inc.Common Stock",10.199999809265137
MYO,Myomo Inc. Common Stock,4.190000057220459
MYRG,"MYR Group, Inc. - Common Stock",149.07000732421875
MYSZ,"My Size, Inc. - Common Stock",1.565000057220459
MYY,ProShares Short MidCap400,18.260000228881836
MZZ,ProShares UltraShort MidCap400,9.0
NAC,Nuveen California Quality Municipal Income Fund,11.364999771118164
NACP,Impact Shares Trust I Impact Shares NAACP Minority Empowerment ETF,42.54999923706055
NAD,Nuveen Quality Municipal Income Fund Common Stock,11.829999923706055
NAII,"Natural Alternatives International, Inc. - Common Stock",4.519999980926514
NAIL,Direxion Daily Homebuilders & Supplies Bull 3X Shares,134.70700073242188
NAK,"Northern Dynasty Minerals, Ltd. Common Stock",0.5149000287055969
NAN,Nuveen New York Quality Municipal Income Fund Common Stock,11.40999984741211
NANR,SPDR S&P North American Natural Resources ETF,57.834999084472656
NAOV,"NanoVibronix, Inc. - Common Stock",0.6299999952316284
NAT,Nordic American Tankers Limited Common Stock,3.200000047683716
NATH,"Nathan's Famous, Inc. - Common Stock",88.36000061035156
NATR,"Nature's Sunshine Products, Inc. - Common Stock",14.239999771118164
NAVB,"Navidea Biopharmaceuticals, Inc. Common Stock",0.00019999999494757503
NAVI,Navient Corporation - Common Stock,15.680000305175781
NAZ,Nuveen Arizona Quality Municipal Income Fund Common Stock,11.670000076293945
NBB,Nuveen Taxable Municipal Income Fund Common Shares of Beneficial Interest,16.014999389648438
NBH,Neuberger Berman Municipal Fund Inc. Common Stock,10.710000038146973
NBHC,National Bank Holdings Corporation Common Stock,51.33000183105469
NBIX,"Neurocrine Biosciences, Inc. - Common Stock",125.26499938964844
NBN,Northeast Bank - Common Stock,102.1510009765625
NBR,Nabors Industries Ltd.,84.37000274658203
NBTB,NBT Bancorp Inc. - Common Stock,50.81999969482422
NBY,"NovaBay Pharmaceuticals, Inc. Common Stock",0.7225000262260437
NC,"NACCO Industries, Inc. Common Stock",33.61000061035156
NCA,"Nuveen California Municipal Value Fund, Inc. Common Stock",8.930000305175781
NCLH,Norwegian Cruise Line Holdings Ltd. Ordinary Shares,27.709999084472656
NCMI,"National CineMedia, Inc. - Common Stock",6.514999866485596
NCNA,NuCana plc - American Depositary Shares,1.524999976158142
NCSM,"NCS Multistage Holdings, Inc. - Common Stock",22.174999237060547
NCTY,The9 Limited - American Depository Shares representing three ordinary shares,8.420000076293945
NCV,AllianzGI Convertible & Income Fund,3.484999895095825
NCZ,AllianzGI Convertible & Income Fund II Common Shares of Beneficial Interest,3.1449999809265137
NDAQ,"Nasdaq, Inc. - Common Stock",77.62999725341797
NDLS,Noodles & Company - Common Stock,1.2000000476837158
NDP,"Tortoise Energy Independence Fund, Inc. Common Stock",41.73649978637695
NDRA,ENDRA Life Sciences Inc. - Common Stock,0.21209999918937683
NDSN,Nordson Corporation - Common Stock,264.5400085449219
NE,Noble Corporation Ordinary Shares (UK),35.45500183105469
NEA,Nuveen AMT-Free Quality Municipal Income Fund Common Shares of Beneficial Interest Par Value $.01,11.314000129699707
NEAR,iShares Short Maturity Bond ETF,50.5364990234375
NEE,"NextEra Energy, Inc. Common Stock",74.37999725341797
NEM,Newmont Corporation,44.470001220703125
NEO,"NeoGenomics, Inc. - Common Stock",15.4350004196167
NEOG,Neogen Corporation - Common Stock,15.604999542236328
NEON,Neonode Inc. - Common Stock,6.860000133514404
NEP,"NextEra Energy Partners, LP Common Units representing limited partner interests",18.4950008392334
NEPH,"Nephros, Inc. - Common Stock",1.5499999523162842
NERD,Roundhill BITKRAFT Esports & Digital Entertainment ETF,18.280000686645508
NERV,"Minerva Neurosciences, Inc - Common Stock",2.309999942779541
NESR,National Energy Services Reunited Corp. - Ordinary Shares,9.25
NET,"Cloudflare, Inc. Class A Common Stock",92.51000213623047
NETL,NETLease Corporate Real Estate ETF,25.332799911499023
NEU,NewMarket Corp Common Stock,563.7999877929688
NEWT,Newtek Business Services Corp. - Common Stock,14.550000190734863
NEXA,Nexa Resources S.A. Common Shares,7.775000095367432
NEXT,NextDecade Corporation - Common Stock,6.855000019073486
NFBK,"Northfield Bancorp, Inc. - Common Stock",13.739999771118164
NFE,New Fortress Energy LLC - Class A Shares Representing Limited Liability Company Interests.,9.5649995803833
NFG,National Fuel Gas Company Common Stock,62.4900016784668
NFJ,"AllianzGI NFJ Dividend, Interest & Premium Strategy Fund",12.850000381469727
NFLT,Virtus Newfleet Multi-Sector Bond ETF,22.65399932861328
NFLX,"Netflix, Inc. - Common Stock",780.469970703125
NFRA,FlexShares STOXX Global Broad Infrastructure Index Fund,57.779998779296875
NFTY,First Trust India Nifty 50 Equal Weight ETF,60.33000183105469
NG,Novagold Resources Inc.,3.4049999713897705
NGD,New Gold Inc.,2.694999933242798
NGG,"National Grid Transco, PLC National Grid PLC (NEW) American Depositary Shares",64.1449966430664
NGL,NGL ENERGY PARTNERS LP Common Units representing Limited Partner Interests,4.085000038146973
NGS,"Natural Gas Services Group, Inc. Common Stock",22.899999618530273
NGVC,"Natural Grocers by Vitamin Cottage, Inc. Common Stock",32.744998931884766
NGVT,Ingevity Corporation Common Stock ,47.2599983215332
NHC,National HealthCare Corporation Common Stock,130.00999450683594
NHI,"National Health Investors, Inc. Common Stock",76.66000366210938
NHS,Neuberger Berman High Yield Strategies Fund,7.974899768829346
NHTC,Natural Health Trends Corp. - Commn Stock,6.130000114440918
NI,NiSource Inc Common Stock,35.275001525878906
NICE,NICE Ltd - American Depositary Shares each representing one Ordinary Share,175.99000549316406
NIE,AllianzGI Equity & Convertible Income Fund,23.489999771118164
NIM,Nuveen Select Maturities Municipal Fund Common Stock,8.989999771118164
NINE,"Nine Energy Service, Inc. Common Stock",1.2799999713897705
NIO,"NIO Inc. American depositary shares, each  representing one Class A ordinary share",5.014999866485596
NIU,Niu Technologies - American Depositary Shares,2.0950000286102295
NJAN,Innovator ETFs Trust Innovator Nasdaq-100 Power Buffer ETF - January,47.349998474121094
NJR,NewJersey Resources Corporation Common Stock,46.98500061035156
NKE,"Nike, Inc. Common Stock",75.32499694824219
NKSH,"National Bankshares, Inc. - Common Stock",31.100000381469727
NKTR,Nektar Therapeutics - Common Stock,1.3849999904632568
NKX,Nuveen California AMT-Free Quality Municipal Income Fund,12.969900131225586
NL,"NL Industries, Inc. Common Stock",8.619999885559082
NLR,VanEck Vectors Uranium & Nuclear Energy ETF,88.30999755859375
NLY,Annaly Capital Management Inc Common Stock,19.065000534057617
NMCO,Nuveen Municipal Credit Opportunities Fund Common Shares,11.050000190734863
NMFC,New Mountain Finance Corporation Common Stock,10.895000457763672
NMI,"Nuveen Municipal Income Fund, Inc. Common Stock",9.505000114440918
NMIH,NMI Holdings Inc - Common Stock,39.5
NML,Neuberger Berman MLP and Energy Income Fund Inc. Common Stock,8.64009952545166
NMM,Navios Maritime Partners LP Common Units Representing Limited Partner Interests,53.46500015258789
NMR,Nomura Holdings Inc ADR American Depositary Shares,5.664999961853027
NMRD,Nemaura Medical Inc. - Common Stock,0.00019999999494757503
NMRK,"Newmark Group, Inc. - Class A Common Stock",14.744999885559082
NMS,Nuveen Minnesota Quality Municipal Income Fund ,13.024999618530273
NMT,Nuveen Massachusetts Quality Municipal Income Fund Common Stock,11.765000343322754
NMZ,"Nuveen Municipal High Income Opportunity Fund Common Stock, $0.01 par value, per share",11.109999656677246
NNBR,"NN, Inc. - Common Stock",3.690000057220459
NNDM,Nano Dimension Ltd. - American Depositary Shares,2.190000057220459
NNI,"Nelnet, Inc. Common Stock",125.13500213623047
NNN,National Retail Properties Common Stock,41.474998474121094
NNVC,"NanoViricides, Inc. Common Stock",1.4500000476837158
NNY,"Nuveen New York Municipal Value Fund, Inc. Common Stock",8.359999656677246
NOA,North American Construction Group Ltd. Common Shares (no par),21.049999237060547
NOAH,Noah Holdings Limited,12.489999771118164
NOBL,ProShares S&P 500 Dividend Aristocrats ETF,106.1050033569336
NOC,Northrop Grumman Corporation Common Stock,522.1699829101562
NOCT,Innovator Nasdaq-100 Power Buffer ETF- October,50.819400787353516
NODK,"NI Holdings, Inc. - Common Stock",15.875
NOG,"Northern Oil and Gas, Inc. Common Stock",40.86000061035156
NOK,Nokia Corporation Sponsored American Depositary Shares,4.599999904632568
NOM,Nuveen Missouri Quality Municipal Income Fund ,10.260000228881836
NOMD,Nomad Foods Limited Ordinary Shares,17.209999084472656
NORW,Global X MSCI Norway ETF,24.71969985961914
NOV,"National Oilwell Varco, Inc. Common Stock",16.795000076293945
NOVA,Sunnova Energy International Inc. Common Stock,3.4049999713897705
NOVT,Novanta Inc. - Common Shares,182.2899932861328
NOW,"ServiceNow, Inc. Common Stock",994.655029296875
NPK,"National Presto Industries, Inc. Common Stock",77.18000030517578
NPO,EnPro Industries Inc,165.8300018310547
NPV,Nuveen Virginia Quality Municipal Income Fund Common Stock,12.770000457763672
NQP,Nuveen Pennsylvania Quality Municipal Income Fund Common Stock,11.719900131225586
NR,"Newpark Resources, Inc. Common Stock",7.590000152587891
NRBO,"NeuroBo Pharmaceuticals, Inc. - Common Stock",2.7100000381469727
NRC,National Research Corporation - Common Stock,20.450000762939453
NREF,"NexPoint Real Estate Finance, Inc. Common Stock",15.710000038146973
NRG,"NRG Energy, Inc. Common Stock",92.75
NRIM,Northrim BanCorp Inc - Common Stock,77.22000122070312
NRK,Nuveen New York AMT-Free Quality Municipal Income Fund ,10.824999809265137
NRO,"Neuberger Berman Real Estate Securities Income Fund, Inc. Neuberger Berman Real Estate Securities Income Fund, Inc.",3.797499895095825
NRP,Natural Resource Partners LP Limited Partnership,102.37000274658203
NRT,North European Oil Royality Trust Common Stock,4.335000038146973
NRUC,National Rural Utilities Cooperative Finance Corporation 5.500% Subordinated Notes due 2064 (Subordinated Deferrable Interest Notes),24.424999237060547
NSA,National Storage Affiliates Trust Common Shares of Beneficial Interest,42.375
NSC,Norfolk Southern Corporation Common Stock,277.0050048828125
NSIT,"Insight Enterprises, Inc. - Common Stock",174.89999389648438
NSP,"Insperity, Inc. Common Stock",83.08000183105469
NSPR,InspireMD Inc. Common Stock,2.44950008392334
NSSC,"NAPCO Security Technologies, Inc. - Common Stock",37.95000076293945
NSYS,Nortech Systems Incorporated - Common Stock,11.699999809265137
NTAP,"NetApp, Inc. - Common Stock",121.12000274658203
NTB,Bank of N.T. Butterfield & Son Limited (The) Voting Ordinary Shares,39.3849983215332
NTCT,"NetScout Systems, Inc. - Common Stock",22.65999984741211
NTES,"NetEase, Inc. - American Depositary Shares, each representing 25 ordinary shares",80.02999877929688
NTG,"Tortoise Midstream Energy Fund, Inc. Common Stock",52.20000076293945
NTGR,"NETGEAR, Inc. - Common Stock",23.469999313354492
NTIC,Northern Technologies International Corporation - Common Stock,13.5600004196167
NTIP,"Network-1 Technologies, Inc. Common Stock",1.2949999570846558
NTLA,"Intellia Therapeutics, Inc. - Common Stock",16.065000534057617
NTNX,"Nutanix, Inc. - Class A Common Stock",66.69999694824219
NTR,Nutrien Ltd. Common Shares,49.474998474121094
NTRA,"Natera, Inc. - Common Stock",126.78500366210938
NTRP,"Neurotrope, Inc. - Common Stock",1.5
NTRS,Northern Trust Corporation - Common Stock,106.62999725341797
NTRSO,"Northern Trust Corporation - Depositary Shares Each Representing a 1/1,000th Interest in a Share of Series E Non-Cumulative Perpetual Preferred Stock",22.600000381469727
NTSX,WisdomTree 90/60 U.S. Balanced Fund,47.34000015258789
NTWK,NETSOL Technologies Inc. - Common Stock,2.94950008392334
NTZ,"Natuzzi, S.p.A.",4.167500019073486
NUAG,Nuveen Enhanced Yield U.S. Aggregate Bond ETF,20.829999923706055
NUBD,Nuveen ESG U.S. Aggregate Bond ETF,21.889999389648438
NUDM,Nuveen ESG International Developed Markets Equity ETF,32.05500030517578
NUE,Nucor Corporation Common Stock,167.75
NUEM,Nuveen ESG Emerging Markets Equity ETF,30.790000915527344
NUGT,Direxion Daily Gold Miners Index Bull 2XShares,46.22999954223633
NUHY,Nuveen ESG High Yield Corporate Bond ETF,21.334999084472656
NULC,Nuveen ESG Large-Cap ETF,47.65999984741211
NULG,Nuveen ESG Large-Cap Growth ETF,86.88999938964844
NULV,Nuveen ESG Large-Cap Value ETF,42.040000915527344
NUMG,Nuveen ESG Mid-Cap Growth ETF,47.435001373291016
NUMV,Nuveen ESG Mid-Cap Value ETF,37.081298828125
NURE,Nuveen Short-Term REIT ETF,32.8760986328125
NURO,"NeuroMetrix, Inc. - Common Stock",3.609999895095825
NUS,"Nu Skin Enterprises, Inc. Common Stock",6.449999809265137
NUSA,Nuveen Enhanced Yield 1-5 Year U.S. Aggregate Bond ETF,22.975000381469727
NUSC,Nuveen ESG Small-Cap ETF,45.130001068115234
NUSI,Nationwide Risk-Managed Income ETF,26.079999923706055
NUV,"Nuveen Municipal Value Fund, Inc. Common Stock",8.875
NUW,Nuveen AMT-Free Municipal Value Fund,13.850000381469727
NVAX,"Novavax, Inc. - Common Stock",8.944999694824219
NVCR,NovoCure Limited - Ordinary Shares,18.040000915527344
NVDA,NVIDIA Corporation - Common Stock,145.5500030517578
NVEC,NVE Corporation - Common Stock,81.80000305175781
NVEE,"NV5 Global, Inc. - Common Stock",25.424999237060547
NVFY,"Nova Lifestyle, Inc - Common Stock",0.9700000286102295
NVG,Nuveen AMT-Free Municipal Credit Income Fund ,12.444999694824219
NVGS,Navigator Holdings Ltd. Ordinary Shares (Marshall Islands),16.0
NVMI,Nova Measuring Instruments Ltd. - Ordinary Shares,191.0399932861328
NVO,Novo Nordisk A/S Common Stock,105.33499908447266
NVR,"NVR, Inc. Common Stock",9221.5703125
NVRO,Nevro Corp. Common Stock,5.755000114440918
NVS,Novartis AG Common Stock,106.86499786376953
NVST,Envista Holdings Corporation Common Stock,21.864999771118164
NVT,nVent Electric plc Ordinary Shares ,77.13500213623047
NWBI,"Northwest Bancshares, Inc. - Common Stock",15.28499984741211
NWE,NorthWestern Corporation Common Stock,54.560001373291016
NWFL,Norwood Financial Corp. - Common Stock,31.760000228881836
NWL,Newell Brands Inc. - Common Stock,8.829999923706055
NWN,Northwest Natural Holding Company Common Stock,40.88999938964844
NWPX,Northwest Pipe Company - Common Stock,53.70000076293945
NWS,News Corporation - Class B Common Stock,30.989999771118164
NWSA,News Corporation - Class A Common Stock,28.950000762939453
NX,Quanex Building Products Corporation Common Stock,31.15999984741211
NXC,Nuveen California Select Tax-Free Income Portfolio Common Stock,13.609999656677246
NXE,Nexgen Energy Ltd. Common Shares,7.054999828338623
NXJ,Nuveen New Jersey Qualified Municipal Fund ,12.270000457763672
NXN,Nuveen New York Select Tax-Free Income Portfolio Common Stock,11.904999732971191
NXP,Nuveen Select Tax Free Income Portfolio Common Stock,14.594099998474121
NXPI,NXP Semiconductors N.V. - Common Stock,231.22999572753906
NXRT,"NexPoint Residential Trust, Inc. Common Stock",43.61000061035156
NXST,"Nexstar Media Group, Inc. - Class A Common Stock",182.77499389648438
NXTC,"NextCure, Inc. - Common Stock",1.2949999570846558
NXTG,First Trust Indxx NextG ETF,85.54000091552734
NYF,iShares New York Muni Bond ETF,52.939998626708984
NYMT,"New York Mortgage Trust, Inc. - Common Stock",5.795000076293945
NYMTM,"New York Mortgage Trust, Inc. - 7.875% Series E Fixed-to-Floating Rate Cumulative Redeemable Preferred Stock",24.850000381469727
NYMTN,"New York Mortgage Trust, Inc. - 8.00% Series D Fixed-to-Floating Rate Cumulative Redeemable Preferred Stock",22.665000915527344
NYT,New York Times Company (The) Common Stock,55.94499969482422
NZF,Nuveen Municipal Credit Income Fund ,12.454999923706055
O,Realty Income Corporation Common Stock,56.904998779296875
OBLG,Oblong Inc. Common Stock,3.8550000190734863
OBOR,KraneShares MSCI One Belt One Road Index ETF,22.540000915527344
OC,Owens Corning Inc Common Stock New,184.77499389648438
OCC,Optical Cable Corporation - Common Stock,2.4000000953674316
OCCI,"OFS Credit Company, Inc. - Common Stock",7.079999923706055
OCFC,OceanFirst Financial Corp. - Common Stock,21.020000457763672
OCFT,"OneConnect Financial Technology Co., Ltd. American Depositary Shares, each representing three ordinary shares",2.549999952316284
OCGN,"Ocugen, Inc. - Common Stock",0.9890000224113464
OCIO,ETF Series Solutions Trust ETF,34.40999984741211
OCSL,Oaktree Specialty Lending Corporation - Common Stock,15.960000038146973
OCUL,"Ocular Therapeutix, Inc. - Common Stock",10.96500015258789
OCX,OncoCyte Corporation Common Stock,2.8399999141693115
ODC,Oil-Dri Corporation Of America Common Stock,74.02999877929688
ODFL,"Old Dominion Freight Line, Inc. - Common Stock",230.09500122070312
ODP,"Office Depot, Inc. - Common Stock",27.510000228881836
OEC,Orion Engineered Carbons S.A Common Shares,16.670000076293945
OEF,iShares S&P 100 ETF,286.0400085449219
OESX,"Orion Energy Systems, Inc. - Common Stock",1.0099999904632568
OEUR,O'Shares FTSE Europe Quality Dividend ETF,29.56100082397461
OFED,Oconee Federal Financial Corp. - Common Stock,13.489999771118164
OFG,OFG Bancorp Common Stock,46.310001373291016
OFIX,Orthofix Medical Inc.  - Common Stock,18.395000457763672
OFLX,"Omega Flex, Inc. - Common Stock",56.04999923706055
OFS,OFS Capital Corporation - Common Stock,8.0
OGCP,"Empire State Realty OP, L.P. Series 60 Operating Partnership Units Representing Limited Partnership Interests",11.0
OGE,OGE Energy Corp Common Stock,42.209999084472656
OGEN,Oragenics Inc. Common Stock,0.3149999976158142
OGI,Organigram Holdings Inc. - Common Shares,1.690000057220459
OGIG,O'Shares Global Internet Giants ETF,44.584999084472656
OGS,"ONE Gas, Inc. Common Stock",74.30500030517578
OHI,"Omega Healthcare Investors, Inc. Common Stock",39.564998626708984
OI,"O-I Glass, Inc. Common Stock",12.829999923706055
OIA,Invesco Municipal Income Opportunities Trust Common Stock,6.505000114440918
OIH,VanEck Vectors Oil Services ETF,304.5400085449219
OII,"Oceaneering International, Inc. Common Stock",28.9950008392334
OILK,ProShares K-1 Free Crude Oil Strategy ETF,44.185001373291016
OIS,"Oil States International, Inc. Common Stock",5.309999942779541
OKE,"ONEOK, Inc. Common Stock",102.21499633789062
OKTA,"Okta, Inc. - Class A Common Stock",76.62000274658203
OLED,Universal Display Corporation - Common Stock,186.01499938964844
OLLI,"Ollie's Bargain Outlet Holdings, Inc. - Common Stock",95.70999908447266
OLN,Olin Corporation Common Stock,43.6150016784668
OLP,"One Liberty Properties, Inc. Common Stock",28.770000457763672
OMAB,Grupo Aeroportuario del Centro Norte S.A.B. de C.V. - American Depositary Shares each representing 8 Series B shares,66.05999755859375
OMC,Omnicom Group Inc. Common Stock,105.07499694824219
OMCL,"Omnicell, Inc. - Common Stock",52.5
OMER,Omeros Corporation - Common Stock,4.532100200653076
OMEX,"Odyssey Marine Exploration, Inc. - Common Stock",0.539900004863739
OMF,"OneMain Holdings, Inc. Common Stock",54.470001220703125
OMFL,Invesco Exchange-Traded Self-Indexed Fund Trust Invesco Russell 1000 Dynamic Multifactor ETF,54.59000015258789
OMFS,Invesco Exchange-Traded Self-Indexed Fund Trust Invesco Russell 2000 Dynamic Multifactor ETF,42.91999816894531
OMI,"Owens & Minor, Inc. Common Stock",13.585000038146973
ON,ON Semiconductor Corporation - Common Stock,72.31999969482422
ONB,Old National Bancorp - Common Stock,22.184999465942383
ONCT,"Oncternal Therapeutics, Inc.  - Common Stock",1.7137999534606934
ONCY,Oncolytics Biotech Inc. - Common Shares,1.1100000143051147
ONEQ,Fidelity Nasdaq Composite Index Tracking Stock,74.87000274658203
ONEV,SPDR Russell 1000 Low Volatility Focus ETF,132.1020050048828
ONEW,OneWater Marine Inc. - Class A Common Stock,25.790000915527344
ONEY,SPDR Russell 1000 Yield Focus ETF,114.18000030517578
ONLN,ProShares Online Retail ETF,45.4536018371582
ONTO,Onto Innovation Inc. Common Stock,178.6999969482422
ONVO,"Organovo Holdings, Inc. - Common Stock",0.4000000059604645
OOMA,"Ooma, Inc. Common Stock",13.164999961853027
OPBK,OP Bancorp - Common Stock,16.25
OPCH,"Option Care Health, Inc. - Common Stock",23.475000381469727
OPER,ETF Series Solutions ETF ClearShares Ultra-Short Maturity ETF,100.18800354003906
OPGN,"OpGen, Inc. - Common Stock",1.649999976158142
OPHC,"OptimumBank Holdings, Inc. - Common Stock",4.849999904632568
OPI,Office Properties Income Trust - Common Shares of Beneficial Interest,1.3849999904632568
OPK,"Opko Health, Inc. - Common Stock",1.465000033378601
OPOF,Old Point Financial Corporation - Common Stock,19.950000762939453
OPP,"RiverNorth/DoubleLine Strategic Opportunity Fund, Inc. Common Stock",8.68970012664795
OPRA,Opera Limited - American Depositary Shares,17.44499969482422
OPRT,Oportun Financial Corporation - common stock,2.912600040435791
OPRX,OptimizeRx Corporation - Common Stock,6.110000133514404
OPTN,"OptiNose, Inc. - Common Stock",0.7063000202178955
OPTT,"Ocean Power Technologies, Inc. - Common Stock",0.14710000157356262
OPY,"Oppenheimer Holdings, Inc. Class A Common Stock (DE)",62.17499923706055
OR,Osisko Gold Royalties Ltd Common Shares,20.270000457763672
ORA,"Ormat Technologies, Inc. Common Stock",82.12000274658203
ORC,"Orchid Island Capital, Inc. Common Stock",7.579999923706055
ORCL,Oracle Corporation Common Stock,181.33999633789062
ORGO,Organogenesis Holdings Inc.  - Class A ,3.2100000381469727
ORGS,Orgenesis Inc. - Common Stock,1.2599999904632568
ORI,Old Republic International Corporation Common Stock,36.709999084472656
ORLY,"O'Reilly Automotive, Inc. - Common Stock",1234.1199951171875
ORMP,Oramed Pharmaceuticals Inc. - Common Stock,2.3450000286102295
ORN,"Orion Group Holdings, Inc. Common",7.815000057220459
ORRF,Orrstown Financial Services Inc - Common Stock,41.025001525878906
OSBC,"Old Second Bancorp, Inc. - Common Stock",18.3799991607666
OSCV,Opus Small Cap Value ETF,40.10499954223633
OSIS,"OSI Systems, Inc. - Common Stock",148.3699951171875
OSK,Oshkosh Corporation (Holding Company)Common Stock,115.5199966430664
OSPN,OneSpan Inc. - Common Stock,17.584999084472656
OSS,"One Stop Systems, Inc. - Common Stock",2.380000114440918
OSUR,"OraSure Technologies, Inc. - Common Stock",4.400000095367432
OSW,OneSpaWorld Holdings Limited - Common Shares,19.059999465942383
OTEX,Open Text Corporation - Common Shares,29.200000762939453
OTLK,"Outlook Therapeutics, Inc. - Common Stock",6.5
OTTR,Otter Tail Corporation - Common Stock,85.52999877929688
OTTW,"Ottawa Bancorp, Inc. - Common Stock",14.75
OUNZ,VanEck Merk Gold Trust,25.68000030517578
OUSA,O'Shares FTSE U.S. Quality Dividend ETF,54.39899826049805
OUSM,O'Shares FTSE Russell Small Cap Quality Dividend ETF,46.65869903564453
OUT,OUTFRONT Media Inc. Common Stock,18.0
OVB,Overlay Shares Core Bond ETF,20.709999084472656
OVBC,Ohio Valley Banc Corp. - Common Stock,24.290000915527344
OVF,Overlay Shares Foreign Equity ETF,25.0
OVID,Ovid Therapeutics Inc. - Common Stock,1.2999999523162842
OVL,Overlay Shares Large Cap Equity ETF,47.43000030517578
OVLY,Oak Valley Bancorp (CA) - Common Stock,30.270000457763672
OVM,Overlay Shares Municipal Bond ETF,21.97559928894043
OVS,Overlay Shares Small Cap Equity ETF,37.935001373291016
OVV,Ovintiv Inc. (DE),41.970001220703125
OXBR,Oxbridge Re Holdings Limited - Ordinary Shares,2.6500000953674316
OXLC,Oxford Lane Capital Corp. - Common Stock,5.340000152587891
OXLCO,"Oxford Lane Capital Corp. - Term Preferred Shares, 7.50% Series 2023",23.059999465942383
OXLCP,Oxford Lane Capital Corp. - 6.25% Series 2027 Term Preferred Shares,24.05069923400879
OXM,"Oxford Industries, Inc. Common Stock",78.05999755859375
OXSQ,Oxford Square Capital Corp. - Closed End Fund,2.924999952316284
OXSQZ,Oxford Square Capital Corp. - 6.25% Notes due 2026,24.600000381469727
OXY,Occidental Petroleum Corporation Common Stock,51.380001068115234
OZK,Bank OZK - Common Stock,49.33000183105469
PAA,"Plains All American Pipeline, L.P. Common Stock",17.43000030517578
PAAS,Pan American Silver Corp. - Common Stock,22.43000030517578
PAC,"Grupo Aeroportuario Del Pacifico, S.A. B. de C.V. Grupo Aeroportuario Del Pacifico, S.A. de C.V. (each representing 10 Series B shares)",175.63999938964844
PACB,"Pacific Biosciences of California, Inc. - Common Stock",2.6500000953674316
PACK,Ranpak Holdings Corp Class A Common Stock,6.764999866485596
PAG,"Penske Automotive Group, Inc. Common Stock",161.55999755859375
PAGP,"Plains Group Holdings, L.P. Class A Shares representing limited partner interests",18.350000381469727
PAGS,PagSeguro Digital Ltd. Class A Common Shares,8.220000267028809
PAHC,Phibro Animal Health Corporation - Class A Common Stock,23.09000015258789
PAI,Western Asset Investment Grade Income Fund Inc.,12.595000267028809
PALL,Aberdeen Standard Physical Palladium Shares ETF,95.21499633789062
PAM,Pampa Energia S.A. Pampa Energia S.A.,69.52999877929688
PANL,Pangaea Logistics Solutions Ltd. - Common Stock,6.639999866485596
PANW,"Palo Alto Networks, Inc. Common Stock",385.17999267578125
PAPR,Innovator S&P 500 Power Buffer ETF - April,36.5
PAR,PAR Technology Corporation Common Stock,66.23999786376953
PARR,"Par Pacific Holdings, Inc.  Common Stock",16.524999618530273
PASG,"Passage Bio, Inc. - Common Stock",0.6480000019073486
PATK,"Patrick Industries, Inc. - Common Stock",130.17999267578125
PAUG,Innovator S&P 500 Power Buffer ETF - August,38.375
PAVE,Global X Funds Global X U.S. Infrastructure Development ETF,45.18009948730469
PAVM,PAVmed Inc. - Common Stock,1.0299999713897705
PAWZ,ProShares Pet Care ETF,56.63999938964844
PAYC,"Paycom Software, Inc. Common Stock",231.15499877929688
PAYS,"Paysign, Inc. - Common Stock",4.059999942779541
PAYX,"Paychex, Inc. - Common Stock",148.58999633789062
PB,"Prosperity Bancshares, Inc. Common Stock",80.91000366210938
PBA,Pembina Pipeline Corp. Ordinary Shares (Canada),40.540000915527344
PBD,Invesco Global Clean Energy ETF,12.420000076293945
PBE,Invesco Dynamic Biotech & Genome ETF,70.65029907226562
PBF,PBF Energy Inc. Class A Common Stock,30.81999969482422
PBFS,"Pioneer Bancorp, Inc. - Common Stock",11.149999618530273
PBH,Prestige Consumer Healthcare Inc. Common Stock,77.56999969482422
PBHC,"Pathfinder Bancorp, Inc. - Common Stock",17.34000015258789
PBI,Pitney Bowes Inc. Common Stock,7.864999771118164
PBJ,Invesco Dynamic Food & Beverage ETF,48.099998474121094
PBP,Invesco S&P 500 BuyWrite ETF,23.123699188232422
PBPB,Potbelly Corporation - Common Stock,8.40999984741211
PBR,Petroleo Brasileiro S.A.- Petrobras Common Stock,13.395000457763672
PBT,Permian Basin Royalty Trust Common Stock,10.925000190734863
PBTP,Invesco PureBeta 0-5 Yr US TIPS ETF,25.42169952392578
PBUS,Invesco PureBeta MSCI USA ETF,59.31990051269531
PBW,Invesco WilderHill Clean Energy ETF,20.170000076293945
PBYI,Puma Biotechnology Inc - Common Stock,3.059999942779541
PCAR,PACCAR Inc. - Common Stock,116.01000213623047
PCB,PCB Bancorp - Common Stock,20.809999465942383
PCEF,Invesco CEF Income Composite ETF,19.509199142456055
PCF,High Income Securities Fund Common Stock,6.744999885559082
PCG,Pacific Gas & Electric Co. Common Stock,20.25
PCH,PotlatchDeltic Corporation - Common Stock,42.130001068115234
PCK,Pimco California Municipal Income Fund II Common Shares of Beneficial Interest,5.840000152587891
PCM,"PCM Fund, Inc. Common Stock",8.144399642944336
PCN,Pimco Corporate & Income Strategy Fund Common Stock,13.859999656677246
PCQ,PIMCO California Municipal Income Fund Common Stock,9.649999618530273
PCRX,"Pacira BioSciences, Inc. - Common Stock",17.670000076293945
PCTY,Paylocity Holding Corporation - Common Stock,213.7899932861328
PCY,Invesco Emerging Markets Sovereign Debt ETF,20.420000076293945
PCYO,Pure Cycle Corporation - Common Stock,12.130000114440918
PD,"PagerDuty, Inc. Common Stock",19.850000381469727
PDBC,Invesco Optimum Yield Diversified Commodity Strategy No K-1 ETF,13.65999984741211
PDCO,"Patterson Companies, Inc. - Common Stock",21.989999771118164
PDD,Pinduoduo Inc. - American Depositary Shares,120.56999969482422
PDEC,Innovator S&P 500 Power Buffer ETF - December,38.619998931884766
PDEX,"Pro-Dex, Inc. - Common Stock",43.04999923706055
PDFS,"PDF Solutions, Inc. - Common Stock",31.3700008392334
PDI,PIMCO Dynamic Income Fund Common Stock,19.562999725341797
PDLB,PDL Community Bancorp - Common Stock,12.84000015258789
PDM,"Piedmont Office Realty Trust, Inc. Class A Common Stock",10.265000343322754
PDN,Invesco FTSE RAFI Developed Markets ex-U.S. Small-Mid ETF,32.76279830932617
PDP,Invesco DWA Momentum ETF,109.30999755859375
PDS,Precision Drilling Corporation Common Stock,63.98500061035156
PDSB,PDS Biotechnology Corporation - Common Stock,3.2300000190734863
PDT,John Hancock Premium Dividend Fund,13.029999732971191
PEB,Pebblebrook Hotel Trust Common Shares of Beneficial Interest,13.130000114440918
PEBK,"Peoples Bancorp of North Carolina, Inc. - Common Stock",29.479999542236328
PEBO,Peoples Bancorp Inc. - Common Stock,35.380001068115234
PED,Pedevco Corp. Common Stock,0.8899999856948853
PEG,Public Service Enterprise Group Incorporated Common Stock,83.83000183105469
PEGA,Pegasystems Inc. - Common Stock,85.69999694824219
PEJ,Invesco Dynamic Leisure and Entertainment ETF,52.50680160522461
PEN,"Penumbra, Inc. Common Stock",233.6699981689453
PENN,"Penn National Gaming, Inc. - Common Stock",19.229999542236328
PEO,"Adams Natural Resources Fund, Inc. Common Stock",24.190000534057617
PEP,"PepsiCo, Inc. - Common Stock",164.7100067138672
PERI,Perion Network Ltd - Ordinary Shares,9.050000190734863
PESI,"Perma-Fix Environmental Services, Inc. - Common Stock",15.5
PETS,"PetMed Express, Inc. - Common Stock",4.21999979019165
PETZ,"TDH Holdings, Inc. - Common Shares",1.2799999713897705
PEX,ProShares Global Listed Private Equity ETF,28.051700592041016
PEXL,Pacer US Export Leaders ETF,50.74039840698242
PEY,Invesco High Yield Equity Dividend Achievers ETF,22.31999969482422
PEZ,Invesco DWA Consumer Cyclicals Momentum ETF,106.30000305175781
PFBC,Preferred Bank - Common Stock,95.5199966430664
PFD,Flaherty & Crumrine Preferred and Income Fund Incorporated,11.425000190734863
PFE,"Pfizer, Inc. Common Stock",27.360000610351562
PFEB,Innovator S&P 500 Power Buffer ETF - February,36.4109001159668
PFF,iShares Preferred and Income Securities ETF,32.79999923706055
PFFA,Virtus InfraCap U.S. Preferred Stock ETF,22.739999771118164
PFFD,Global X U.S. Preferred ETF,20.456199645996094
PFFL,"ETRACS 2xMonthly Pay Leveraged Preferred Stock Index ETN due September 25, 2048",10.461799621582031
PFFR,ETFIS Series Trust I ETF,19.53499984741211
PFG,Principal Financial Group Inc - Common Stock,86.13999938964844
PFGC,Performance Food Group Company Common Stock,87.62999725341797
PFH,Cabco Tr Jcp 7.625 Common Stock,20.219999313354492
PFI,Invesco DWA Financial Momentum ETF,60.532798767089844
PFIE,"Profire Energy, Inc. - Common Stock",2.509999990463257
PFIG,Invesco Fundamental Investment Grade Corporate Bond  ETF,23.68000030517578
PFIS,Peoples Financial Services Corp.  - Common Stock,54.709999084472656
PFL,PIMCO Income Strategy Fund Shares of Beneficial Interest,8.470999717712402
PFLD,AAM Low Duration Preferred and Income Securities ETF,21.15999984741211
PFLT,PennantPark Floating Rate Capital Ltd. - Common Stock,11.194999694824219
PFM,Invesco Dividend Achievers ETF,47.287601470947266
PFMT,Performant Financial Corporation - Common Stock,4.28000020980835
PFN,PIMCO Income Strategy Fund II,7.501999855041504
PFO,Flaherty & Crumrine Preferred and Income Opportunity Fund Incorporated,9.182000160217285
PFS,"Provident Financial Services, Inc Common Stock",21.809999465942383
PFSI,"PennyMac Financial Services, Inc. Common Stock",101.67500305175781
PFXF,VanEck Vectors Preferred Securities ex Financials ETF,17.99959945678711
PG,Procter & Gamble Company (The) Common Stock,161.02000427246094
PGC,Peapack-Gladstone Financial Corporation - Common Stock,37.56999969482422
PGEN,"Precigen, Inc. - Common Stock",0.8950999975204468
PGF,Invesco Financial Preferred ETF,15.385000228881836
PGHY,Invesco Global Short Term High Yield Bond ETF,19.96929931640625
PGJ,Invesco Golden Dragon China ETF,27.149999618530273
PGNY,"Progyny, Inc. - Common Stock",16.3799991607666
PGP,Pimco Global Stocksplus & Income Fund Pimco Global StocksPlus & Income Fund Common Shares of Beneficial Interest,8.024999618530273
PGR,Progressive Corporation (The) Common Stock,258.760009765625
PGRE,"Paramount Group, Inc. Common Stock",5.15500020980835
PGX,Invesco Preferred ETF,12.109999656677246
PGZ,Principal Real Estate Income Fund Common Shares of Beneficial Interest,10.670000076293945
PH,Parker-Hannifin Corporation Common Stock,709.4124755859375
PHAT,"Phathom Pharmaceuticals, Inc. - Common Stock",18.0
PHB,Invesco Fundamental High Yield Corporate Bond ETF,18.274999618530273
PHD,Pioneer Floating Rate Trust Pioneer Floating Rate Trust Shares of Beneficial Interest,9.760000228881836
PHDG,Invesco S&P 500 Downside Hedged ETF,37.88999938964844
PHG,Koninklijke Philips N.V. NY Registry Shares,26.520000457763672
PHGE,BiomX Inc. COmmon Stock,0.7501999735832214
PHI,PLDT Inc. Sponsored ADR,23.579999923706055
PHIO,Phio Pharmaceuticals Corp. - Common Stock,3.259999990463257
PHK,Pimco High Income Fund Pimco High Income Fund,5.041999816894531
PHM,"PulteGroup, Inc. Common Stock",129.19000244140625
PHO,Invesco Water Resources ETF,72.0999984741211
PHR,"Phreesia, Inc. Common Stock",21.170000076293945
PHT,Pioneer High Income Trust Common Shares of Beneficial Interest,7.7895002365112305
PHUN,"Phunware, Inc. - Common Stock",7.429999828338623
PHX,Panhandle Oil and Gas Inc Common Stock,3.484999895095825
PHYL,PGIM Active High Yield Bond ETF,35.15999984741211
PHYS,Sprott Physical Gold Trust ETV,20.624099731445312
PI,"Impinj, Inc. - Common Stock",198.02999877929688
PICB,Invesco International Corporate Bond ETF,22.309999465942383
PICK,iShares MSCI Global Select Metals & Mining Producers Fund,41.47999954223633
PID,Invesco International Dividend Achievers ETF,19.200000762939453
PIE,Invesco DWA Emerging Markets Momentum ETF,20.139999389648438
PII,Polaris Inc. Common Stock,71.47000122070312
PILL,Direxion Daily Pharmaceutical & Medical Bull 3X Shares,9.5600004196167
PIM,Putnam Master Intermediate Income Trust Common Stock,3.265000104904175
PIN,Invesco India ETF,29.010000228881836
PINC,"Premier, Inc. - Class A Common Stock",23.34000015258789
PINE,"Alpine Income Property Trust, Inc. Common Stock",17.959999084472656
PINS,"Pinterest, Inc. Class A Common Stock",33.755001068115234
PIO,Invesco Global Water ETF,41.52000045776367
PIPR,Piper Sandler Companies Common Stock,346.5
PIRS,"Pieris Pharmaceuticals, Inc. - Common Stock",16.860000610351562
PIZ,Invesco DWA Developed Markets Momentum ETF,37.35499954223633
PJAN,Innovator S&P 500 Power Buffer ETF - January,41.79999923706055
PJP,Invesco Dynamic Pharmaceuticals ETF,88.0905990600586
PJT,PJT Partners Inc. Class A Common Stock,163.5
PJUL,Innovator S&P 500 Power Buffer ETF - July,40.987701416015625
PJUN,Innovator S&P 500 Power Buffer ETF - June,37.35940170288086
PK,Park Hotels & Resorts Inc. Common Stock ,14.984999656677246
PKB,Invesco Dynamic Building & Construction ETF,83.95259857177734
PKBK,"Parke Bancorp, Inc. - Common Stock",23.25
PKE,Park Aerospace Corp. Common Stock,14.850000381469727
PKG,Packaging Corporation of America Common Stock,241.73500061035156
PKOH,Park-Ohio Holdings Corp. - Common Stock,33.38999938964844
PKW,Invesco BuyBack Achievers ETF,119.90010070800781
PKX,POSCO Common Stock,57.904998779296875
PLAB,"Photronics, Inc. - Common Stock",25.270000457763672
PLAG,Planet Green Holdings Corp. Common Stock,2.0399999618530273
PLAY,"Dave & Buster's Entertainment, Inc. - Common Stock",42.02000045776367
PLBC,Plumas Bancorp - Common Stock,45.400001525878906
PLCE,"Children's Place, Inc. (The) - Common Stock",13.350000381469727
PLD,"Prologis, Inc. Common Stock",113.70999908447266
PLG,Platinum Group Metals Ltd. Ordinary Shares (Canada),1.6649999618530273
PLL,Piedmont Lithium Limited - American Depositary Shares,12.369999885559082
PLMR,"Palomar Holdings, Inc. - Common stock",96.19999694824219
PLNT,"Planet Fitness, Inc. Common Stock",84.5199966430664
PLOW,"Douglas Dynamics, Inc. Common Stock",25.729999542236328
PLPC,Preformed Line Products Company - Common Stock,134.94000244140625
PLSE,"Pulse Biosciences, Inc - Common Stock",18.049999237060547
PLTM,GraniteShares Platinum Shares ETF,9.5600004196167
PLUG,"Plug Power, Inc. - Common Stock",1.9700000286102295
PLUS,ePlus inc. - Common Stock,98.0
PLX,"Protalix BioTherapeutics, Inc. (DE) Common Stock",1.2259999513626099
PLXS,Plexus Corp. - Common Stock,166.77000427246094
PLYA,Playa Hotels & Resorts N.V. - Ordinary Shares,9.020000457763672
PLYM,"Plymouth Industrial REIT, Inc. Common Stock",21.299999237060547
PM,Philip Morris International Inc Common Stock,125.29900360107422
PMAR,Innovator S&P 500 Power Buffer ETF - March,39.78010177612305
PMD,Psychemedics Corporation - Common Stock,2.3399999141693115
PMF,PIMCO Municipal Income Fund Common Stock,9.720000267028809
PML,Pimco Municipal Income Fund II Common Shares of Beneficial Interest,8.885000228881836
PMM,Putnam Managed Municipal Income Trust Common Stock,6.190000057220459
PMO,Putnam Municipal Opportunities Trust Common Stock,10.270000457763672
PMT,PennyMac Mortgage Investment Trust Common Shares of Beneficial Interest,13.4350004196167
PMX,PIMCO Municipal Income Fund III Common Shares of Beneficial Interest,7.784999847412109
PNBK,Patriot National Bancorp Inc. - Common Stock,1.7999999523162842
PNC,"PNC Financial Services Group, Inc. (The) Common Stock",205.00999450683594
PNF,PIMCO New York Municipal Income Fund Common Stock,7.930099964141846
PNFP,"Pinnacle Financial Partners, Inc. - Common Stock",122.58000183105469
PNI,Pimco New York Municipal Income Fund II Common Shares of Beneficial Interest,7.285999774932861
PNNT,PennantPark Investment Corporation - common stock,6.989999771118164
PNOV,Innovator S&P 500 Power Buffer ETF - November,37.81999969482422
PNQI,Invesco Nasdaq Internet ETF,45.25
PNR,Pentair plc. Ordinary Share,102.88999938964844
PNRG,PrimeEnergy Resources Corporation - Common Stock,184.0
PNTG,"The Pennant Group, Inc. - Common Stock",33.119998931884766
PNW,Pinnacle West Capital Corporation Common Stock,90.02999877929688
POAI,Predictive Oncology Inc. - Common Stock,0.777999997138977
POCT,Innovator S&P 500 Power Buffer ETF - October,39.519901275634766
PODD,Insulet Corporation - Common Stock,239.3000030517578
POLA,"Polar Power, Inc. - Common Stock",0.46000000834465027
POOL,Pool Corporation - Common Stock,370.6300048828125
POR,Portland General Electric Co Common Stock,47.19499969482422
POST,"Post Holdings, Inc. Common Stock",108.87000274658203
POWI,"Power Integrations, Inc. - Common Stock",66.43000030517578
POWL,"Powell Industries, Inc. - Common Stock",347.7699890136719
PPA,Invesco Aerospace & Defense ETF ,120.27999877929688
PPBI,Pacific Premier Bancorp Inc - Common Stock,29.010000228881836
PPC,Pilgrim's Pride Corporation - Common Stock,52.84000015258789
PPEM,PortfolioPlus Emerging Markets ETF,22.6299991607666
PPG,"PPG Industries, Inc. Common Stock",125.77999877929688
PPH,VanEck Vectors Pharmaceutical ETF,89.12999725341797
PPHI,"Positive Physicians Holdings, Inc. - Common Stock",8.0
PPIH,"Perma-Pipe International Holdings, Inc. - Common Stock",14.710000038146973
PPL,PPL Corporation Common Stock,32.560001373291016
PPLT,Aberdeen Standard Physical Platinum Shares ETF,90.5199966430664
PPSI,"Pioneer Power Solutions, Inc. - Common Stock",5.929999828338623
PPT,Putnam Premier Income Trust Common Stock,3.573899984359741
PPTY,PPTY U.S. Diversified Real Estate ETF,33.5
PRA,ProAssurance Corporation Common Stock,16.520000457763672
PRAA,"PRA Group, Inc. - Common Stock",24.719999313354492
PRDO,Perdoceo Education Corporation - Common Stock,24.75
PREF,Principal Spectrum Preferred Securities Active ETF,18.644699096679688
PRF,Invesco FTSE RAFI US 1000 ETF,41.95000076293945
PRFZ,Invesco FTSE RAFI US 1500 Small-Mid ETF,44.29999923706055
PRGO,Perrigo Company plc Ordinary Shares,27.34000015258789
PRGS,Progress Software Corporation - Common Stock,67.80000305175781
PRH,"Prudential Financial, Inc. 5.70% Junior Subordinated Notes due 2053",25.8700008392334
PRI,"Primerica, Inc. Common Stock",291.0150146484375
PRIM,Primoris Services Corporation - Common Stock,77.05999755859375
PRK,Park National Corporation Common Stock,206.27999877929688
PRLB,"Proto Labs, Inc. Common stock",39.439998626708984
PRMW,Primo Water Corporation Common Stock,25.510000228881836
PRN,Invesco DWA Industrials Momentum ETF,169.02000427246094
PRNT,3D Printing (The) ETF,21.485000610351562
PRO,"PROS Holdings, Inc. Common Stock",23.079999923706055
PROF,Profound Medical Corp. - common stock,8.0
PROV,"Provident Financial Holdings, Inc. - Common Stock",15.654999732971191
PRPH,"ProPhase Labs, Inc. - Common Stock",1.940000057220459
PRPL,"Purple Innovation, Inc. - Common Stock",0.8528000116348267
PRPO,"Precipio, Inc. - Common Stock",6.25
PRQR,ProQR Therapeutics N.V. - Ordinary Shares,3.640000104904175
PRS,"Prudential Financial, Inc. 5.625% Junior Subordinated Notes due 2058",24.690000534057617
PRT,PermRock Royalty Trust Trust Units,3.700000047683716
PRTA,Prothena Corporation plc - Ordinary Shares,18.350000381469727
PRTH,"Priority Technology Holdings, Inc. - Common Stock",6.639999866485596
PRTS,"U.S. Auto Parts Network, Inc. - Common Stock",0.9900000095367432
PRU,"Prudential Financial, Inc. Common Stock",127.69999694824219
PSA,Public Storage Common Stock,325.239990234375
PSC,Principal U.S. Small-Cap Multi-Factor Index ETF,55.5
PSCC,Invesco S&P SmallCap Consumer Staples ETF,38.6510009765625
PSCD,Invesco S&P SmallCap Consumer Discretionary ETF,113.08999633789062
PSCE,Invesco S&P SmallCap Energy ETF,53.220001220703125
PSCF,Invesco S&P SmallCap Financials ETF,60.54759979248047
PSCH,Invesco S&P SmallCap Health Care ETF,47.31999969482422
PSCI,Invesco S&P SmallCap Industrials ETF,144.52000427246094
PSCM,Invesco S&P SmallCap Materials ETF,85.04000091552734
PSCT,Invesco S&P SmallCap Information Technology ETF,49.61289978027344
PSCU,Invesco S&P SmallCap Utilities & Communication Services ETF,65.33670043945312
PSEC,Prospect Capital Corporation - Common Stock,5.190000057220459
PSEP,Innovator ETFs Trust Innovator S&P 500 Power Buffer ETF - September,38.959999084472656
PSET,Principal Price Setters Index ETF,72.52999877929688
PSF,"Cohen & Steers Select Preferred and Income Fund, Inc. Common Stock",20.475900650024414
PSHG,Performance Shipping Inc. - Common Shares,1.9800000190734863
PSI,Invesco Dynamic Semiconductors ETF,57.66999816894531
PSK,SPDR Wells Fargo Preferred Stock ETF,34.829898834228516
PSL,Invesco DWA Consumer Staples Momentum ETF,106.13490295410156
PSLV,Sprott Physical Silver Trust ETV,10.585000038146973
PSMT,"PriceSmart, Inc. - Common Stock",91.98999786376953
PSN,Parsons Corporation Common Stock,110.6500015258789
PSNL,"Personalis, Inc. - Common Stock",5.579999923706055
PSO,"Pearson, Plc Common Stock",15.28499984741211
PSP,Invesco Global Listed Private Equity ETF,69.42500305175781
PSQ,ProShares Short QQQ,38.28499984741211
PSR,Invesco Active U.S. Real Estate Fund,94.10009765625
PST,ProShares UltraShort Lehman 7-10 Year Treasury,23.989999771118164
PSTG,"Pure Storage, Inc. Class A Common Stock",54.06999969482422
PSTL,"Postal Realty Trust, Inc. Class A Common Stock",14.520000457763672
PSTV,"PLUS THERAPEUTICS, Inc. - Common Stock",1.4299999475479126
PSX,Phillips 66 Common Stock,127.9000015258789
PT,Pintec Technology Holdings Limited - American Depositary Shares,0.9239000082015991
PTBD,Pacer Trendpilot US Bond ETF,20.225000381469727
PTC,PTC Inc. - Common Stock,198.0399932861328
PTCT,"PTC Therapeutics, Inc. - Common Stock",43.18000030517578
PTEN,"Patterson-UTI Energy, Inc. - Common Stock",8.5
PTEU,Pacer TrendpilotTM European Index ETF,26.049999237060547
PTF,Invesco DWA Technology Momentum ETF,68.31999969482422
PTGX,"Protagonist Therapeutics, Inc. - Common Stock",47.599998474121094
PTH,Invesco DWA Healthcare Momentum ETF,46.77730178833008
PTIN,Pacer Trendpilot International ETF,29.459999084472656
PTLC,Pacer Fund Trust Pacer Trendpilot US Large Cap ETF,54.18000030517578
PTMC,Pacer Trendpilot US Mid Cap ETF,39.12839889526367
PTMN,Portman Ridge Finance Corporation - common stock,18.540000915527344
PTN,"Palatin Technologies, Inc. Common Stock",1.0700000524520874
PTNQ,Pacer Trendpilot 100 ETF,74.84500122070312
PTON,"Peloton Interactive, Inc. - Common Stock",7.929999828338623
PTSI,"P.A.M. Transportation Services, Inc. - Common Stock",19.0
PTY,Pimco Corporate & Income Opportunity Fund,14.605199813842773
PUI,Invesco DWA Utilities Momentum ETF,39.9364013671875
PUK,Prudential Public Limited Company Common Stock,17.149999618530273
PULM,"Pulmatrix, Inc. - Common Stock",2.130000114440918
PULS,PGIM Ultra Short Bond ETF,49.59000015258789
PUMP,ProPetro Holding Corp. Common Stock,8.449999809265137
PUTW,WisdomTree CBOE S&P 500 PutWrite Strategy Fund,33.7333984375
PVAL,Principal Contrarian Value Index ETF,39.16999816894531
PVBC,"Provident Bancorp, Inc. - Common Stock",11.140000343322754
PVH,PVH Corp. Common Stock,102.22000122070312
PVI,Invesco VRDO Tax Free Weekly ETF,24.829999923706055
PVL,Permianville Royalty Trust Trust Units ,1.6100000143051147
PW,Power REIT (MD) Common Stock,1.2000999450683594
PWB,Invesco Dynamic Large Cap Growth ETF,102.70570373535156
PWOD,"Penns Woods Bancorp, Inc. - Common Stock",28.0
PWR,"Quanta Services, Inc. Common Stock",310.9100036621094
PWS,Pacer WealthShield ETF ,30.290000915527344
PWV,Invesco Dynamic Large Cap Value ETF,60.56999969482422
PWZ,Invesco California AMT-Free Municipal Bond Portfolio,24.479999542236328
PXE,Invesco Dynamic Energy Exploration &Production ETF,30.735000610351562
PXF,Invesco FTSE RAFI Developed Markets ex-U.S. ETF,49.810001373291016
PXH,Invesco FTSE RAFI Emerging Markets ETF,21.5
PXI,Invesco DWA Energy Momentum ETF,48.48500061035156
PXJ,Invesco Dynamic Oil & Gas Services ETF,30.3700008392334
PXLW,"Pixelworks, Inc. - Common Stock",0.683899998664856
PXS,Pyxis Tankers Inc. - Common Stock,4.360000133514404
PY,Principal Shareholder Yield Index ETF,51.257999420166016
PYN,PIMCO New York Municipal Income Fund III Common Shares of Beneficial Interest,6.039999961853027
PYPL,"PayPal Holdings, Inc. - Common Stock",81.41000366210938
PYT,PPlus Tr GSC-2 Tr Ctf Fltg Rate,23.132400512695312
PYZ,Invesco DWA Basic Materials Momentum ETF,98.0
PZA,Invesco National AMT-Free Municipal Bond ETFo,23.424999237060547
PZC,PIMCO California Municipal Income Fund III Common Shares of Beneficial Interest,7.110000133514404
PZG,Paramount Gold Nevada Corp. Common Stock,0.35429999232292175
PZT,Invesco New York AMT-Free Municipal Bond ETF,22.690000534057617
PZZA,"Papa John's International, Inc. - Common Stock",58.209999084472656
QABA,First Trust NASDAQ ABA Community Bank Index Fund,61.79499816894531
QAI,IQ Hedge MultiIQ Hedge Multi-Strategy Tracker ETF,32.24409866333008
QARP,Xtrackers Russell 1000 US Quality at a Reasonable Price ETF ETF,53.12990188598633
QAT,iShares MSCI Qatar ETF,18.809999465942383
QBAK,Qualstar Corporation - Common Stock,4.150000095367432
QCLN,First Trust NASDAQ Clean Edge Green Energy Index Fund,33.86000061035156
QCOM,QUALCOMM Incorporated - Common Stock,172.99000549316406
QCRH,"QCR Holdings, Inc. - Common Stock",91.23999786376953
QD,"Qudian Inc. American Depositary Shares, each representing one Class A Ordinary Share",2.359999895095825
QDEF,FlexShares Quality Dividend Defensive Index Fund,72.13999938964844
QDEL,Quidel Corporation - Common Stock,39.959999084472656
QDF,FlexShares Quality Dividend Index Fund,72.41000366210938
QDIV,Global X S&P 500 Quality Dividend ETF,36.459999084472656
QEFA,SPDR MSCI EAFE StrategicFactors ETF,76.1449966430664
QEMM,SPDR MSCI Emerging Markets StrategicFactors ETF,60.709999084472656
QFIN,"360 Finance, Inc. - American Depositary Shares",32.349998474121094
QGEN,Qiagen N.V. Common Shares ,43.86000061035156
QGRO,American Century STOXX U.S. Quality Growth ETF,96.93990325927734
QID,ProShares UltraShort QQQ,33.81999969482422
QINT,American Century Quality Diversified International ETF,49.84000015258789
QLC,FlexShares Trust FlexShares US Quality Large Cap Index Fund,66.97000122070312
QLD,ProShares Ultra QQQ,107.05000305175781
QLTA,iShares Aaa A Rated Corporate Bond ETF,47.32500076293945
QLV,FlexShares US Quality Low Volatility Index Fund,66.87000274658203
QLYS,"Qualys, Inc. - Common Stock",159.22999572753906
QMCO,Quantum Corporation - Common Stock,4.46999979019165
QMOM,Alpha Architect U.S. Quantitative Momentum ETF,68.09259796142578
QNST,"QuinStreet, Inc. - Common Stock",22.850000381469727
QQEW,First Trust NASDAQ-100 Equal Weighted Index Fund,129.00999450683594
QQH,HCM Defender 100 Index ETF,65.49500274658203
QQQ,"Invesco QQQ Trust, Series 1",505.5799865722656
QQQE,Direxion NASDAQ-100 Equal Weighted Index Shares,92.80000305175781
QQQX,Nuveen NASDAQ 100 Dynamic Overwrite Fund - Shares of Beneficial Interest,25.610000610351562
QQXT,First Trust NASDAQ-100 Ex-Technology Sector Index Fund,95.98100280761719
QRFT,QRAFT AI-Enhanced U.S. Large Cap ETF,53.85100173950195
QRHC,Quest Resource Holding Corporation - Common Stock,8.170000076293945
QRTEA,"Qurate Retail, Inc. - Series A Common Stock",0.5600000023841858
QRTEB,"Qurate Retail, Inc. - Series B Common Stock",3.049999952316284
QRVO,"Qorvo, Inc. - Common Stock",72.86000061035156
QSR,Restaurant Brands International Inc. Common Shares,68.27999877929688
QTEC,First Trust NASDAQ-100- Technology Index Fund,195.88999938964844
QTRX,Quanterix Corporation - Common Stock,15.390000343322754
QTUM,Defiance Quantum ETF,63.99589920043945
QTWO,"Q2 Holdings, Inc. Common Stock",90.48999786376953
QUAD,"Quad Graphics, Inc Class A Common Stock",7.664999961853027
QUAL,iShares Edge MSCI USA Quality Factor ETF,182.16000366210938
QUIK,QuickLogic Corporation - Common Stock,8.15999984741211
QURE,uniQure N.V. - Ordinary Shares,7.159999847412109
QUS,SPDR MSCI USA StrategicFactors ETF,160.91000366210938
QVAL,Alpha Architect U.S. Quantitative Value ETF,46.47999954223633
QVCC,"QVC, Inc. 6.250% Senior Secured Notes due 2068",13.399999618530273
QVCD,"QVC, Inc. 6.375% Senior Secured Notes due 2067",13.670000076293945
QWLD,SPDR MSCI World StrategicFactors ETF,128.35299682617188
QYLD,Global X NASDAQ-100 Covered Call ETF,18.469999313354492
R,"Ryder System, Inc. Common Stock",160.8000030517578
RA,Brookfield Real Assets Income Fund Inc. Common Stock,13.317899703979492
RAAX,VanEck Vectors Real Asset Allocation ETF,29.75200080871582
RACE,Ferrari N.V. Common Shares,443.0400085449219
RAFE,PIMCO RAFI ESG U.S. ETF,37.50270080566406
RAIL,"Freightcar America, Inc. - Common Stock",13.100000381469727
RAMP,"LiveRamp Holdings, Inc. Common Stock",26.31999969482422
RAND,Rand Capital Corporation - Common Stock ($0.10 Par Value),16.43000030517578
RAPT,"RAPT Therapeutics, Inc. - Common Stock",2.7200000286102295
RARE,Ultragenyx Pharmaceutical Inc. - Common Stock,50.52000045776367
RAVE,"Rave Restaurant Group, Inc. - Common Stock",3.0
RAVI,FlexShares Ready Access Variable Income Fund,75.27999877929688
RBA,Ritchie Bros. Auctioneers Incorporated Common Stock,89.31500244140625
RBB,RBB Bancorp - Common Stock,24.5
RBBN,Ribbon Communications Inc.  - Common Stock,4.059999942779541
RBC,Regal Beloit Corporation Common Stock,316.7099914550781
RBCAA,"Republic Bancorp, Inc. - Class A Common Stock",77.6500015258789
RBCN,"Rubicon Technology, Inc. - Common Stock",1.2400000095367432
RBKB,"Rhinebeck Bancorp, Inc. - Common Stock",9.305000305175781
RC,Ready Capital Corproation Common Stock,6.985000133514404
RCB,Ready Capital Corporation 6.20% Senior Notes due 2026,24.350000381469727
RCEL,Avita Medical Limited - American Depositary Shares,12.1899995803833
RCG,"RENN Fund, Inc Common Stock",2.2894999980926514
RCI,"Rogers Communication, Inc. Common Stock",36.58000183105469
RCKT,"Rocket Pharmaceuticals, Inc. - Common Stock",17.579999923706055
RCKY,"Rocky Brands, Inc. - Common Stock",20.690000534057617
RCL,Royal Caribbean Cruises Ltd. Common Stock,226.65499877929688
RCM,R1 RCM Inc. - Common Stock,14.270000457763672
RCMT,"RCM Technologies, Inc. - Common Stock",22.81999969482422
RCON,"Recon Technology, Ltd. - Ordinary Shares",2.642699956893921
RCS,"PIMCO Strategic Income Fund, Inc.",7.659999847412109
RCUS,"Arcus Biosciences, Inc. Common Stock",15.720000267028809
RDCM,Radcom Ltd. - Ordinary Shares,10.529999732971191
RDFN,Redfin Corporation - Common Stock,10.739999771118164
RDHL,Redhill Biopharma Ltd. - American Depositary Shares,8.40999984741211
RDI,Reading International Inc - Class A Non-voting Common Stock,1.559999942779541
RDIB,Reading International Inc - Class B Voting Common Stock,7.099999904632568
RDIV,Invesco Exchange-Traded Fund Trust II Invesco S&P Ultra Dividend Revenue ETF,51.029998779296875
RDN,Radian Group Inc. Common Stock,34.59000015258789
RDNT,"RadNet, Inc. - Common Stock",69.8499984741211
RDOG,ALPS ETF Trust ALPS REIT Dividend Dogs ETF,40.40010070800781
RDUS,"Radius Health, Inc. - Common Stock",20.489999771118164
RDVT,"Red Violet, Inc. - Common Stock ",32.939998626708984
RDVY,First Trust Rising Dividend Achievers ETF,63.380001068115234
RDWR,Radware Ltd. - Ordinary Shares,21.889999389648438
RDY,Dr. Reddy's Laboratories Ltd Common Stock,15.204999923706055
REAL,"The RealReal, Inc. - Common Stock",3.7699999809265137
RECS,Columbia Research Enhanced Core ETF,35.41450119018555
REED,"Reeds, Inc. - Common Stock",1.2100000381469727
REET,iShares Trust iShares Global REIT ETF,25.3799991607666
REFR,Research Frontiers Incorporated - Common Stock,2.1700000762939453
REG,Regency Centers Corporation - Common Stock,72.81999969482422
REGL,ProShares S&P MidCap 400 Dividend Aristocrats ETF,84.94999694824219
REGN,"Regeneron Pharmaceuticals, Inc. - Common Stock",816.6500244140625
REI,"Ring Energy, Inc. Common Stock",1.600000023841858
REK,ProShares Short Real Estate,16.959999084472656
REKR,"Rekor Systems, Inc. - Common Stock",1.1299999952316284
RELL,"Richardson Electronics, Ltd. - Common Stock",14.8100004196167
RELV,"Reliv' International, Inc. - Common Stock",3.309999942779541
RELX,RELX PLC PLC American Depositary Shares (Each representing One Ordinary Share),47.709999084472656
REM,iShares Trust iShares Mortgage Real Estate ETF,22.510099411010742
REMX,VanEck Vectors Rare Earth Strategic Metals ETF,48.189998626708984
REPL,"Replimune Group, Inc. - Common Stock",12.699999809265137
RES,"RPC, Inc. Common Stock",6.449999809265137
RETL,Direxion Daily Retail Bull 3X Shares ETF,9.720000267028809
RETO,"ReTo Eco-Solutions, Inc. - Common Shares",1.1100000143051147
REVG,"REV Group, Inc. Common Stock",29.579999923706055
REVS,Columbia Research Enhanced Value ETF,26.353200912475586
REW,ProShares UltraShort Technology,10.260000228881836
REX,REX American Resources Corporation,48.99250030517578
REXR,"Rexford Industrial Realty, Inc. Common Stock",42.70000076293945
REYN,Reynolds Consumer Products Inc. - Common Stock,27.18000030517578
REZ,iShares Trust iShares Residential Real Estate ETF,85.47000122070312
REZI,"Resideo Technologies, Inc. Common Stock ",21.899999618530273
RF,Regions Financial Corporation Common Stock,26.299999237060547
RFCI,RiverFront Dynamic Core Income ETF,22.34000015258789
RFDA,RiverFront Dynamic US Dividend Advantage ETF,55.356300354003906
RFDI,First Trust RiverFront Dynamic Developed International ETF,64.37999725341797
RFEM,First Trust RiverFront Dynamic Emerging Markets ETF,65.66000366210938
RFEU,First Trust RiverFront Dynamic Europe ETF,65.26000213623047
RFFC,RiverFront Dynamic US Flex-Cap ETF,59.239898681640625
RFG,Invesco S&P Midcap 400 Pure Growth ETF,51.029598236083984
RFI,"Cohen & Steers Total Return Realty Fund, Inc. Common Stock",12.620599746704102
RFIL,"RF Industries, Ltd. - Common Stock",4.170000076293945
RFL,"Rafael Holdings, Inc. Class B Common Stock",1.899999976158142
RFM,"RiverNorth Flexible Municipal Income Fund, Inc. Common Stock",15.65999984741211
RFV,Invesco S&P Midcap 400 Pure Value ETF,126.4800033569336
RGA,"Reinsurance Group of America, Incorporated Common Stock",227.64999389648438
RGCO,RGC Resources Inc. - Common Stock,23.489999771118164
RGEN,Repligen Corporation - Common Stock,145.92999267578125
RGLD,"Royal Gold, Inc. - Common Stock",144.83999633789062
RGLS,Regulus Therapeutics Inc. - Common Stock,1.5099999904632568
RGNX,REGENXBIO Inc. - Common Stock,9.430000305175781
RGR,"Sturm, Ruger & Company, Inc. Common Stock",40.68000030517578
RGS,Regis Corporation Common Stock,20.459999084472656
RGT,"Royce Global Value Trust, Inc. Common Stock",11.591500282287598
RH,RH Common Stock,323.6300048828125
RHE,"Regional Health Properties, Inc. Common Stock",1.7649999856948853
RHI,Robert Half International Inc. Common Stock,76.20999908447266
RHP,"Ryman Hospitality Properties, Inc. (REIT)",112.94999694824219
RIBT,RiceBran Technologies - Common Stock,0.004999999888241291
RICK,"RCI Hospitality Holdings, Inc. - Common Stock",50.369998931884766
RIG,Transocean Ltd (Switzerland) Common Stock,4.659999847412109
RIGL,"Rigel Pharmaceuticals, Inc. - Common Stock",15.079999923706055
RIGS,RiverFront Strategic Income Fund,22.95989990234375
RILY,"B. Riley Financial, Inc. - Common Stock",5.480000019073486
RILYG,"B. Riley Financial, Inc. - 7.25% Senior Notes due 2027",11.550000190734863
RILYN,"B. Riley Financial, Inc. - 6.50% Senior Notes Due 2026",12.119999885559082
RILYP,"B. Riley Financial, Inc. - Depositary Shares, each representing a 1/1000th fractional interest in a share of Series A Cumulative Perpetual Preferred Stock",7.980000019073486
RILYZ,"B. Riley Financial, Inc. - 7.50% Senior Notes Due 2027",10.125
RINF,ProShares Inflation Expectations ETF,33.529998779296875
RING,iShares MSCI Global Gold Miners ETF,31.450000762939453
RIO,Rio Tinto Plc Common Stock,65.33499908447266
RIOT,"Riot Blockchain, Inc - Common Stock",12.25
RIV,"RiverNorth Opportunities Fund, Inc. Common Stock",12.5
RJF,"Raymond James Financial, Inc. Common Stock",160.67999267578125
RKDA,"Arcadia Biosciences, Inc. - Common Stock",4.159999847412109
RL,Ralph Lauren Corporation Common Stock,208.3000030517578
RLGT,"Radiant Logistics, Inc. Common Stock",7.489999771118164
RLI,RLI Corp. Common Stock (DE),167.3350067138672
RLJ,RLJ Lodging Trust Common Shares of Beneficial Interest $0.01 par value,9.329999923706055
RLMD,"Relmada Therapeutics, Inc. - Common Stock",3.4000000953674316
RLY,SPDR SSgA Multi Asset Real Return ETF,28.64349937438965
RM,Regional Management Corp. Common Stock,32.58000183105469
RMAX,"RE/MAX Holdings, Inc. Class A Common Stock",12.300000190734863
RMBI,"Richmond Mutual Bancorporation, Inc. - Common Stock",12.949999809265137
RMBL,"RumbleOn, Inc. - Class B Common Stock",5.639999866485596
RMBS,"Rambus, Inc. - Common Stock",57.70000076293945
RMCF,"Rocky Mountain Chocolate Factory, Inc. - Common Stock",2.640000104904175
RMD,ResMed Inc. Common Stock,245.52000427246094
RMI,"RiverNorth Opportunistic Municipal Income Fund, Inc. Common Stock",15.779999732971191
RMM,"RiverNorth Managed Duration Municipal Income Fund, Inc. Common Stock",15.329999923706055
RMNI,"Rimini Street, Inc. - Common Stock",1.9900000095367432
RMR,The RMR Group Inc. - Class A Common Stock,24.479999542236328
RMT,"Royce Micro-Cap Trust, Inc. Common Stock",10.04800033569336
RMTI,"Rockwell Medical, Inc. - Common Stock",4.125
RNEM,First Trust Emerging Markets Equity Select ETF,52.39759826660156
RNG,"Ringcentral, Inc. Class A Common Stock",37.5
RNGR,"Ranger Energy Services, Inc. Class A Common Stock",14.630000114440918
RNP,"Cohen & Steers REIT and Preferred and Income Fund, Inc. Common Shares",22.739999771118164
RNR,RenaissanceRe Holdings Ltd. Common Stock,278.05999755859375
RNSC,First Trust Small Cap US Equity Select ETF,32.230098724365234
RNST,Renasant Corporation - Common Stock,38.18000030517578
ROAD,"Construction Partners, Inc. - Common Stock",90.93000030517578
ROAM,Hartford Multifactor Emerging Markets ETF,24.594999313354492
ROBO,Exchange Traded Concepts Trust ROBO Global Robotics and Automation Index ETF,57.900001525878906
ROBT,First Trust Nasdaq Artificial Intelligence and Robotics ETF,46.11989974975586
ROCK,"Gibraltar Industries, Inc. - Common Stock",73.11000061035156
RODE,Hartford Multifactor Diversified International ETF,28.777799606323242
RODM,Hartford Multifactor Developed Markets (ex-US) ETF,29.579999923706055
ROG,Rogers Corporation Common Stock,112.58000183105469
ROIC,Retail Opportunity Investments Corp. - Common Stock,17.350000381469727
ROK,"Rockwell Automation, Inc. Common Stock",293.54998779296875
ROKT,SPDR S&P Kensho Final Frontiers ETF,53.90010070800781
ROKU,"Roku, Inc. - Class A Common Stock",72.2699966430664
ROL,"Rollins, Inc. Common Stock",48.63800048828125
ROM,ProShares Ultra Technology,71.01000213623047
ROMO,Strategy Shares Newfound/ReSolve Robust Momentum ETF,32.130001068115234
ROOF,IQ US Real Estate Small Cap ETF,20.735000610351562
ROP,"Roper Technologies, Inc. Common Stock",564.6699829101562
ROSC,Hartford Multifactor Small Cap ETF,46.849998474121094
ROST,"Ross Stores, Inc. - Common Stock",138.58999633789062
ROUS,Hartford Multifactor U.S. Equity ETF,53.29100036621094
RPAR,RPAR Risk Parity ETF,19.587799072265625
RPAY,Repay Holdings Corporation - Class A Common Stock,8.800000190734863
RPD,"Rapid7, Inc. - Common Stock",41.599998474121094
RPG,Invesco S&P 500 Pure Growth ETF,41.40999984741211
RPM,RPM International Inc. Common Stock,134.44000244140625
RPV,Invesco S&P 500 Pure Value ETF,93.72000122070312
RQI,Cohen & Steers Quality Income Realty Fund Inc Common Shares,13.104999542236328
RRBI,"Red River Bancshares, Inc. - Common Stock",58.099998474121094
RRC,Range Resources Corporation Common Stock,32.84000015258789
RRGB,"Red Robin Gourmet Burgers, Inc. - Common Stock",6.119999885559082
RRR,"Red Rock Resorts, Inc. - Class A Common Stock",56.61000061035156
RRTS,"Roadrunner Transportation Systems, Inc. Common Stock",1.100000023841858
RS,Reliance Steel & Aluminum Co. Common Stock (DE),326.2699890136719
RSF,RiverNorth Marketplace Lending Corporation Common Stock,15.40999984741211
RSG,"Republic Services, Inc. Common Stock",207.05999755859375
RSP,Invesco S&P 500 Equal Weight ETF,182.91000366210938
RSSS,"Research Solutions, Inc - Common Stock",2.619999885559082
RTH,VanEck Vectors Retail ETF,223.39549255371094
RUN,Sunrun Inc. - Common Stock,11.899999618530273
RUSHA,"Rush Enterprises, Inc. - Class A Common Stock",64.58000183105469
RUSHB,"Rush Enterprises, Inc. - Class B Common Stock",57.83000183105469
RVLV,"Revolve Group, Inc. Class A Common Stock",33.2599983215332
RVNC,"Revance Therapeutics, Inc. - Common Stock",5.809999942779541
RVNU,Xtrackers Municipal Infrastructure Revenue Bond ETF,25.25
RVP,"Retractable Technologies, Inc. Common Stock",0.7347999811172485
RVSB,Riverview Bancorp Inc - Common Stock,4.789999961853027
RVT,"Royce Value Trust, Inc. Common Stock",16.31999969482422
RWJ,Invesco Exchange-Traded Fund Trust II Invesco S&P SmallCap 600 Revenue ETF,48.290000915527344
RWK,Invesco Exchange-Traded Fund Trust II Invesco S&P MidCap 400 Revenue ETF,122.59559631347656
RWL,Invesco Exchange-Traded Fund Trust II Invesco S&P 500 Revenue ETF,101.39240264892578
RWM,ProShares Short Russell2000,17.665000915527344
RWO,SPDR DJ Wilshire Global Real Estate ETF,45.1150016784668
RWR,SPDR DJ Wilshire REIT ETF,103.4800033569336
RWT,"Redwood Trust, Inc. Common Stock",7.130000114440918
RWX,SPDR DJ Wilshire Intl Real Estate,24.670000076293945
RXD,ProShares UltraShort Health Care,10.319999694824219
RXI,iShares Global Consumer Discretionary ETF,177.375
RXL,ProShares Ultra Health Care,102.66000366210938
RY,Royal Bank Of Canada Common Stock,122.7300033569336
RYAAY,"Ryanair Holdings plc - American Depositary Shares, each representing five Ordinary Shares",45.880001068115234
RYAM,Rayonier Advanced Materials Inc. Common Stock,9.824999809265137
RYI,Ryerson Holding Corporation Common Stock,26.1299991607666
RYLD,Global X Russell 2000 Covered Call ETF,16.7450008392334
RYN,Rayonier Inc. REIT Common Stock,31.479999542236328
RYTM,"Rhythm Pharmaceuticals, Inc. - Common Stock",62.650001525878906
RZB,"Reinsurance Group of America, Incorporated 5.75% Fixed-To-Floating Rate Subordinated Debentures due 2056",25.0
RZG,Invesco S&P Smallcap 600 Pure Growth ETF,53.81999969482422
RZV,Invesco S&P Smallcap 600 Pure Value ETF,116.58999633789062
SA,"Seabridge Gold, Inc. Ordinary Shares (Canada)",17.059999465942383
SAA,ProShares Ultra SmallCap600,30.360599517822266
SABR,Sabre Corporation - Common Stock,3.430000066757202
SACC,Sachem Capital Corp. 6.875% Notes due 2024,25.08530044555664
SACH,Sachem Capital Corp. Common Shares,2.25
SAFE,Safehold Inc. Common Stock,20.56999969482422
SAFT,"Safety Insurance Group, Inc. - Common Stock",88.30000305175781
SAGE,"Sage Therapeutics, Inc. - Common Stock",5.949999809265137
SAH,"Sonic Automotive, Inc. Common Stock",64.66999816894531
SAIA,"Saia, Inc. - Common Stock",568.02001953125
SAIC,SCIENCE APPLICATIONS INTERNATIONAL CORPORATION Common Stock,149.16000366210938
SALM,"Salem Media Group, Inc. - Class A Common Stock",0.23000000417232513
SAM,"Boston Beer Company, Inc. (The) Common Stock",299.9649963378906
SAMG,Silvercrest Asset Management Group Inc. - Common Stock,17.079999923706055
SAN,"Banco Santander, S.A. Sponsored ADR (Spain)",4.775000095367432
SAND,Sandstorm Gold Ltd. Ordinary Shares (Canada),6.150000095367432
SANM,Sanmina Corporation - Common Stock,83.87999725341797
SANW,S&W Seed Company - Common Stock,2.75
SAP,SAP  SE ADS,231.25999450683594
SAR,Saratoga Investment Corp New,23.780000686645508
SASR,"Sandy Spring Bancorp, Inc. - Common Stock",38.5099983215332
SATS,EchoStar Corporation - Common stock,27.170000076293945
SAVA,"Cassava Sciences, Inc. - Common Stock",26.56999969482422
SAVE,"Spirit Airlines, Inc. Common Stock",2.7290000915527344
SB,"Safe Bulkers, Inc Common Stock ($0.001 par value)",4.349999904632568
SBAC,SBA Communications Corporation - Class A Common Stock,218.75
SBB,ProShares Short SmallCap600,13.739999771118164
SBCF,Seacoast Banking Corporation of Florida - Common Stock,30.459999084472656
SBFG,"SB Financial Group, Inc. - Common Stock",18.719999313354492
SBGI,"Sinclair Broadcast Group, Inc. - Class A Common Stock",17.40999984741211
SBH,"Sally Beauty Holdings, Inc. (Name to be changed from Sally Holdings, Inc.) Common Stock",13.229999542236328
SBI,Western Asset Intermediate Muni Fund Inc Common Stock,8.020000457763672
SBIO,ALPS Medical Breakthroughs ETF,40.83610153198242
SBLK,Star Bulk Carriers Corp. - Common Shares,19.56999969482422
SBNY,Signature Bank - Common Stock,1.409999966621399
SBR,Sabine Royalty Trust Common Stock,62.130001068115234
SBRA,"Sabra Health Care REIT, Inc. - Common Stock",18.479999542236328
SBS,Companhia de saneamento Basico Do Estado De Sao Paulo - Sabesp American Depositary Shares (Each repstg 250 Common Shares),16.190000534057617
SBSI,"Southside Bancshares, Inc. - Common Stock",37.220001220703125
SBT,"Sterling Bancorp, Inc. - Common Stock",4.840000152587891
SBUX,Starbucks Corporation - Common Stock,96.08000183105469
SCAP,AdvisorShares Cornerstone Small Cap ETF,37.22999954223633
SCC,ProShares UltraShort Consumer Services,10.924200057983398
SCCO,Southern Copper Corporation Common Stock,109.44999694824219
SCD,LMP Capital and Income Fund Inc. Common Stock,17.139999389648438
SCHA,Schwab U.S. Small-Cap ETF,27.480199813842773
SCHB,Schwab U.S. Broad Market ETF,22.969999313354492
SCHC,Schwab International Small-Cap Equity ETF,36.494998931884766
SCHD,Schwab US Dividend Equity ETF,29.059900283813477
SCHE,Schwab Emerging Markets Equity ETF,28.59000015258789
SCHF,Schwab International Equity ETF,19.540000915527344
SCHG,Schwab U.S. Large-Cap Growth ETF,27.18000030517578
SCHH,Schwab U.S. REIT ETF,22.135000228881836
SCHI,Schwab 5-10 Year Corporate Bond ETF,22.235000610351562
SCHJ,Schwab 1-5 Year Corporate Bond ETF,24.40999984741211
SCHK,Schwab 1000 Index ETF,28.594999313354492
SCHL,Scholastic Corporation - Common Stock,25.959999084472656
SCHM,Schwab U.S. Mid Cap ETF,29.049999237060547
SCHO,Schwab Short-Term U.S. Treasury ETF,24.139999389648438
SCHP,Schwab U.S. TIPs ETF,26.200000762939453
SCHQ,Schwab Long-Term U.S. Treasury ETF,32.33000183105469
SCHR,Schwab Intermediate-Term U.S. Treasury ETF,24.3799991607666
SCHV,Schwab U.S. Large-Cap Value ETF,27.399999618530273
SCHW,Charles Schwab Corporation (The) Common Stock,75.74250030517578
SCHX,Schwab U.S. Large-Cap ETF,23.3799991607666
SCHZ,Schwab US Aggregate Bond ETF,22.885299682617188
SCI,Service Corporation International Common Stock,87.01000213623047
SCJ,iShares MSCI Japan Sm Cap,74.25
SCKT,"Socket Mobile, Inc. - Common Stock",1.1699999570846558
SCL,Stepan Company Common Stock,81.08000183105469
SCM,Stellus Capital Investment Corporation Common Stock,13.859999656677246
SCO,ProShares UltraShort Bloomberg Crude Oil,17.229999542236328
SCOR,"comScore, Inc. - Common Stock",5.28000020980835
SCPH,scPharmaceuticals Inc. - Common Stock,4.340000152587891
SCS,Steelcase Inc. Common Stock,13.069999694824219
SCSC,"ScanSource, Inc. - Common Stock",50.40999984741211
SCVL,"Shoe Carnival, Inc. - Common Stock",37.79999923706055
SCWX,SecureWorks Corp. - Class A Common Stock,8.369999885559082
SCYX,"SCYNEXIS, Inc. - Common Stock",1.3200000524520874
SCZ,iShares MSCI EAFE Small-Cap ETF,63.349998474121094
SD,"SandRidge Energy, Inc. Common Stock",11.789999961853027
SDCI,USCF SummerHaven Dynamic Commodity Strategy No K-1 Fund,19.679899215698242
SDD,ProShares UltraShort SmallCap600,13.619999885559082
SDEM,Global X MSCI SuperDividend Emerging Markets ETF,24.698999404907227
SDG,iShares MSCI Global Impact ETF,77.30999755859375
SDGR,"Schrodinger, Inc. - Common Stock",18.969999313354492
SDIV,Global X SuperDividend ETF,21.95330047607422
SDOG,ALPS Sector Dividend Dogs ETF,59.84000015258789
SDOW,UltraPro Short Dow30,11.880000114440918
SDP,ProShares UltraShort Utilities,8.15999984741211
SDRL,Seadrill Limited Common Stock,42.119998931884766
SDS,ProShares UltraShort S&P500,19.625
SDVY,First Trust SMID Cap Rising Dividend Achievers ETF,39.0099983215332
SDY,SPDR S&P Dividend ETF,141.0
SE,"Sea Limited American Depositary Shares, each representing one Class A Ordinary Share",95.34500122070312
SEAC,"SeaChange International, Inc. - Common Stock",6.5
SEB,Seaboard Corporation Common Stock,2700.02001953125
SECT,Northern Lights Fund Trust IV Main Sector Rotation ETF,55.959999084472656
SEDG,"SolarEdge Technologies, Inc. - Common Stock",14.675000190734863
SEE,Sealed Air Corporation Common Stock,37.06999969482422
SEED,Origin Agritech Limited - Common Stock,2.6698999404907227
SEEL,"Seelos Therapeutics, Inc. - Common Stock",0.6800000071525574
SEF,ProShares Short Financials,8.734999656677246
SEIC,SEI Investments Company - Common Stock,80.02999877929688
SEIX,Virtus Seix Senior Loan ETF,23.889999389648438
SELF,"Global Self Storage, Inc. - Common Stock",5.0
SEM,Select Medical Holdings Corporation Common Stock,38.349998474121094
SENEA,Seneca Foods Corp. - Class A Common Stock,67.94000244140625
SENEB,Seneca Foods Corp. - Class B Common Stock,62.764400482177734
SENS,"Senseonics Holdings, Inc. Common Stock",0.3336000144481659
SERV,"ServiceMaster Global Holdings, Inc. Common Stock",10.09000015258789
SES,"Synthesis Energy Systems, Inc. - Common Stock",0.4000000059604645
SF,Stifel Financial Corporation Common Stock,116.91999816894531
SFBC,"Sound Financial Bancorp, Inc. - Common Stock",53.220001220703125
SFBS,"ServisFirst Bancshares, Inc. - Common Stock",96.30500030517578
SFIX,"Stitch Fix, Inc. - Class A Common Stock",3.8499999046325684
SFL,SFL Corporation Ltd,10.444999694824219
SFM,"Sprouts Farmers Market, Inc. - Common Stock",140.86000061035156
SFNC,Simmons First National Corporation - Common Stock,25.530000686645508
SFST,"Southern First Bancshares, Inc. - Common Stock",43.79999923706055
SFY,SoFi Select 500 ETF,110.3499984741211
SFYF,SoFi 50 ETF,40.2599983215332
SFYX,SoFi Next 500 ETF,15.110099792480469
SG,"Sirius International Insurance Group, Ltd. - Common Share",41.650001525878906
SGA,"Saga Communications, Inc. - Class A Common Stock",14.029999732971191
SGBX,"SG Blocks, Inc. - Common Stock",0.8475000262260437
SGC,"Superior Group of Companies, Inc. - Common Stock",16.350000381469727
SGDJ,Sprott Junior Gold Miners ETF,38.31650161743164
SGDM,Sprott Gold Miners ETF,30.266199111938477
SGMA,"SigmaTron International, Inc. - Common Stock",3.049999952316284
SGMO,"Sangamo Therapeutics, Inc. - Common Stock",2.4700000286102295
SGOL,Aberdeen Standard Physical Gold Shares ETF,25.405000686645508
SGRP,"SPAR Group, Inc. - Common Stock",2.430000066757202
SGRY,"Surgery Partners, Inc. - Common Stock",29.31999969482422
SGU,Star Group L.P. Common Stock,11.949999809265137
SH,ProShares Short S&P500,10.599900245666504
SHAG,WisdomTree Yield Enhanced U.S. Short-Term Aggregate Bond Fund,47.27000045776367
SHAK,"Shake Shack, Inc. Class A Common Stock",133.11000061035156
SHBI,Shore Bancshares Inc - Common Stock,16.43000030517578
SHE,SPDR Series Trust SPDR SSGA Gender Diversity Index ETF,117.31999969482422
SHEN,Shenandoah Telecommunications Co - Common Stock,15.579999923706055
SHG,Shinhan Financial Group Co Ltd American Depositary Shares,40.025001525878906
SHIP,Seanergy Maritime Holdings Corp - Common Stock,9.420000076293945
SHM,SPDR Nuveen Bloomberg Barclays Short Term Municipal Bond ETF,47.474998474121094
SHO,"Sunstone Hotel Investors, Inc. Sunstone Hotel Investors, Inc. Common Shares",10.779999732971191
SHOO,"Steven Madden, Ltd. - Common Stock",44.22999954223633
SHOP,Shopify Inc. Class A Subordinate Voting Shares,81.91999816894531
SHV,iShares Short Treasury Bond ETF,110.16999816894531
SHW,Sherwin-Williams Company (The) Common Stock,380.70001220703125
SHY,iShares 1-3 Year Treasury Bond ETF,81.98999786376953
SHYD,VanEck Vectors Short High-Yield Municipal Index ETF,22.5
SHYG,iShares 0-5 Year High Yield Corporate Bond ETF,42.994998931884766
SHYL,Xtrackers Short Duration High Yield Bond ETF,45.080101013183594
SIBN,"SI-BONE, Inc. - Common Stock",16.049999237060547
SID,Companhia Siderurgica Nacional S.A. Common Stock,2.115000009536743
SIEB,Siebert Financial Corp. - Common Stock,2.5799999237060547
SIF,"SIFCO Industries, Inc. Common Stock",3.5799999237060547
SIFY,"Sify Technologies Limited - American Depository Shares, each represented by one Equity Share",3.4000000953674316
SIG,Signet Jewelers Limited Common Shares,97.2699966430664
SIGA,SIGA Technologies Inc. - Common Stock,7.71999979019165
SIGI,"Selective Insurance Group, Inc. - Common Stock",98.91999816894531
SIJ,ProShares UltraShort Industrials,7.409999847412109
SIL,Global X Silver Miners ETF,37.59000015258789
SILC,Silicom Ltd - Ordinary Shares,14.251999855041504
SILJ,ETFMG Prime Junior Silver Miners ETF,13.0600004196167
SILV,SilverCrest Metals Inc. Common Shares,9.329999923706055
SIM,"Grupo Simec, S.A.B. de C.V. American Depositary Shares",26.81999969482422
SIMO,"Silicon Motion Technology Corporation - American Depositary Shares, each representing four ordinary shares",55.33000183105469
SIMS,SPDR S&P Kensho Intelligent Structures ETF ,35.739498138427734
SINT,"SiNtx Technologies, Inc. - Common Stock",2.799999952316284
SIRI,Sirius XM Holdings Inc. - Common Stock,26.200000762939453
SITC,SITE Centers Corp. Common Stock,15.979999542236328
SITE,"SiteOne Landscape Supply, Inc. Common Stock",150.41000366210938
SITM,SiTime Corporation - Common Stock,189.52000427246094
SIVR,Aberdeen Standard Physical Silver Shares ETF,29.790000915527344
SIZE,iShares Edge MSCI USA Size Factor ETF,153.4709930419922
SJB,ProShares Short High Yield,16.350000381469727
SJM,J.M. Smucker Company (The) New Common Stock,115.62999725341797
SJNK,SPDR Bloomberg Barclays Short Term High Yield Bond ETF,25.489999771118164
SJT,San Juan Basin Royalty Trust Common Stock,4.019999980926514
SJW,SJW Group Common Stock (DE),56.57500076293945
SKF,ProShares UltraShort Financials,8.4350004196167
SKM,"SK Telecom Co., Ltd. Common Stock",22.389999389648438
SKOR,FlexShares Credit-Scored US Corporate Bond Index Fund,47.95000076293945
SKT,"Tanger Factory Outlet Centers, Inc. Common Stock",33.790000915527344
SKX,"Skechers U.S.A., Inc. Common Stock",61.654998779296875
SKY,Skyline Champion Corporation Common Stock,92.26000213623047
SKYW,"SkyWest, Inc. - Common Stock",112.41999816894531
SKYY,First Trust Cloud Computing ETF,113.56999969482422
SLAB,"Silicon Laboratories, Inc. - Common Stock",115.69999694824219
SLB,Schlumberger N.V. Common Stock,43.779998779296875
SLDB,Solid Biosciences Inc. - Common Stock,6.139999866485596
SLF,Sun Life Financial Inc. Common Stock,58.900001525878906
SLG,SL Green Realty Corp Common Stock,80.26000213623047
SLGL,Sol-Gel Technologies Ltd. - Common Stock,0.5983999967575073
SLGN,Silgan Holdings Inc. - Common Stock,53.91999816894531
SLM,SLM Corporation - Common Stock,24.479999542236328
SLMBP,"SLM Corporation - Floating Rate Non-Cumulative Preferred Stock, Series B",74.22000122070312
SLNO,"Soleno Therapeutics, Inc. - Common Stock",56.86000061035156
SLP,"Simulations Plus, Inc. - Common Stock",30.81999969482422
SLQD,iShares 0-5 Year Investment Grade Corporate Bond ETF,49.7599983215332
SLRC,Solar Capital Ltd. - Common Stock,15.390000343322754
SLRX,"Salarius Pharmaceuticals, Inc. - Common Stock",1.5199999809265137
SLS,"SELLAS Life Sciences Group, Inc.  - Common Stock",1.159999966621399
SLV,iShares Silver Trust,28.440099716186523
SLVO,Credit Suisse AG - Credit Suisse Silver Shares Covered Call Exchange Traded Notes,79.91220092773438
SLVP,iShares MSCI Global Silver Miners Fund,13.489999771118164
SLX,VanEck Vectors Steel ETF ,73.56109619140625
SLYG,SPDR S&P 600 Small Cap Growth ETF (based on S&P SmallCap 600 Growth Index --symbol CGK),98.14289855957031
SLYV,SPDR S&P 600 Small Cap Value ETF (based on S&P SmallCap Value Index--symbol--CVK,93.12999725341797
SM,SM Energy Company Common Stock,44.025001525878906
SMAR,Smartsheet Inc. Class A Common Stock,56.04499816894531
SMB,VanEck Vectors AMT-Free Short Municipal Index ETF,17.100000381469727
SMBC,"Southern Missouri Bancorp, Inc. - Common Stock",67.2699966430664
SMBK,"SmartFinancial, Inc. - Common Stock",36.86000061035156
SMCI,"Super Micro Computer, Inc. - Common Stock",22.700000762939453
SMCP,AlphaMark Actively Managed Small Cap ETF,35.36000061035156
SMDD,UltraPro Short MidCap400,7.8566999435424805
SMDV,ProShares Russell 2000 Dividend Growers ETF,74.47799682617188
SMFG,Sumitomo Mitsui Financial Group Inc Unsponsored American Depositary Shares (Japan),13.774999618530273
SMG,Scotts Miracle-Gro Company (The) Common Stock,74.29000091552734
SMH,VanEck Vectors Semiconductor ETF,254.80999755859375
SMHB,ETRACS Monthly Pay 2x Leveraged Small Cap High Dividend ETN Series B,5.78000020980835
SMHI,SEACOR Marine Holdings Inc. Common Stock ,7.184999942779541
SMIN,Ishares MSCI India Small Cap ETF,83.5
SMIT,"Schmitt Industries, Inc. - Common Stock",0.017000000923871994
SMLF,iShares Edge MSCI Multifactor USA Small-Cap ETF,70.77999877929688
SMLL,Direxion Daily Small Cap Bull 2X Shares,21.75
SMLV,SPDR SSGA US Small Cap Low Volatility Index ETF,139.13999938964844
SMMD,iShares Trust iShares Russell 2500 ETF,71.8499984741211
SMMT,Summit Therapeutics plc - American Depositary Shares,20.889999389648438
SMMU,Short Term Municipal Bond Active Exchange-Traded Fund,49.75
SMMV,iShares Trust ETF,43.33000183105469
SMN,ProShares UltraShort Basic Materials,6.623300075531006
SMOG,VanEck Vectors Low Carbon Energy ETF,100.81999969482422
SMP,"Standard Motor Products, Inc. Common Stock",35.35200119018555
SMPL,The Simply Good Foods Company - Common Stock,36.04999923706055
SMRT,"Stein Mart, Inc. - Common Stock",1.6299999952316284
SMSI,"Smith Micro Software, Inc. - Common Stock",0.7975999712944031
SMTC,Semtech Corporation - Common Stock,47.7400016784668
SNA,Snap-On Incorporated Common Stock,354.2799987792969
SNAP,Snap Inc. Class A Common Stock,11.8100004196167
SNBR,Sleep Number Corporation - Common Stock,14.949999809265137
SNCR,"Synchronoss Technologies, Inc. - Common Stock",11.079999923706055
SND,"Smart Sand, Inc. - Common Stock",2.3399999141693115
SNDL,Sundial Growers Inc. - Common Shares,2.059999942779541
SNDR,"Schneider National, Inc. Common Stock",30.440000534057617
SNDX,"Syndax Pharmaceuticals, Inc. - Common Stock",21.350000381469727
SNES,"SenesTech, Inc. - Common Stock",2.8499999046325684
SNFCA,Security National Financial Corporation - Class A Common Stock,10.329999923706055
SNGX,"Soligenix, Inc. - Common Stock",3.5
SNN,"Smith & Nephew SNATS, Inc. Common Stock",24.475000381469727
SNOA,"Sonoma Pharmaceuticals, Inc. - Common Stock",2.8835999965667725
SNPE,Xtrackers S&P 500 ESG ETF,53.939998626708984
SNPS,"Synopsys, Inc. - Common Stock",553.1500244140625
SNSR,Global X Internet of Things ETF,36.0
SNV,Synovus Financial Corp. Common Stock,58.4900016784668
SNX,Synnex Corporation Common Stock,123.87999725341797
SNY,Sanofi - American Depositary Shares,51.2599983215332
SO,Southern Company (The) Common Stock,87.4000015258789
SOCL,Global X Social Media ETF,42.8650016784668
SOHO,Sotherly Hotels Inc. - Common Stock,1.25
SOHOB,Sotherly Hotels Inc. - 8.0% Series B Cumulative Redeemable Perpetual Preferred Stock,17.989999771118164
SOHON,Sotherly Hotels Inc. - 8.25% Series D Cumulative Redeemable Perpetual Preferred Stock,18.25
SOHU,Sohu.com Limited  - American Depositary Shares,14.300000190734863
SOJC,"Southern Company (The) Series 2017B 5.25% Junior Subordinated Notes due December 1, 2077",24.030000686645508
SOJD,"Southern Company (The) Series 2020A 4.95% Junior Subordinated Notes due January 30, 2080",22.40999984741211
SOL,Renesola Ltd. American Depsitary Shares (Each representing 10 shares),2.240000009536743
SON,Sonoco Products Company Common Stock,51.36000061035156
SONG,Akazoo S.A. - Ordinary Shares,0.04989999905228615
SONM,"Sonim Technologies, Inc. - Common Stock",3.4600000381469727
SONO,"Sonos, Inc. - Common Stock",13.630000114440918
SOR,"Source Capital, Inc. Common Stock",44.959999084472656
SOXL,Direxion Daily Semiconductor Bull 3x Shares,34.27000045776367
SOXS,Direxion Daily Semiconductor Bear 3x Shares,20.040000915527344
SOXX,iShares PHLX SOX Semiconductor Sector Index Fund,228.33999633789062
SOYB,Teucrium Soybean Fund ETV,21.610000610351562
SPAB,SPDR Portfolio Aggregate Bond ETF,25.18000030517578
SPAQ,Spartan Energy Acquisition Corp Class A Common Stock,100.04010009765625
SPB,"Spectrum Brands Holdings, Inc. Common Stock",89.66500091552734
SPBO,SPDR Portfolio Corporate Bond ETF,28.94499969482422
SPCB,"SuperCom, Ltd. - Ordinary Shares",3.390000104904175
SPCE,"Virgin Galactic Holdings, Inc. Common Stock",7.125
SPDN,Direxion Daily S&P 500 Bear 1X Shares,10.960000038146973
SPDV,AAM S&P 500 High Dividend Value ETF,34.060001373291016
SPDW,SPDR Portfolio Developed World ex-US ETF,35.73500061035156
SPE,"Special Opportunities Fund, Inc Common Stock",15.010000228881836
SPEM,SPDR Index Shares Fund SPDR Portfolio Emerging Markets ETF,40.619998931884766
SPEU,SPDR Portfolio Europe ETF,41.4900016784668
SPFF,Global X SuperIncome Preferred ETF,9.670000076293945
SPFI,"South Plains Financial, Inc. - Common Stock",39.90999984741211
SPG,"Simon Property Group, Inc. Common Stock",173.60000610351562
SPGI,S&P Global Inc. Common Stock,489.81500244140625
SPGM,SPDR Portfolio MSCI Global Stock Market ETF,65.02999877929688
SPGP,Invesco S&P 500 GARP ETF,110.94000244140625
SPH,"Suburban Propane Partners, L.P. Common Stock",18.736000061035156
SPHB,Invesco S&P 500 High Beta ETF,90.91999816894531
SPHD,Invesco S&P 500 High Dividend Low Volatility ETF,50.119998931884766
SPHQ,Invesco S&P 500 Quality ETF,67.91000366210938
SPHY,SPDR Portfolio High Yield Bond ETF,23.709999084472656
SPI,"SPI Energy Co., Ltd. - Ordinary Shares",0.32100000977516174
SPIB,SPDR Portfolio Intermediate Term Corporate Bond ETF,32.88999938964844
SPIP,SPDR Portfolio TIPS ETF,25.65999984741211
SPLB,SPDR Portfolio Long Term Corporate Bond ETF,22.764999389648438
SPLG,SPDR Portfolio S&P 500 ETF,69.51000213623047
SPLP,Steel Partners Holdings LP LTD PARTNERSHIP UNIT,40.0
SPLV,Invesco S&P 500 Low Volatility ETF,72.62969970703125
SPMB,SPDR Portfolio Mortgage Backed Bond ETF,21.671199798583984
SPMD,SPDR Portfolio S&P 400 Mid Cap ETF  ,57.6150016784668
SPMO,Invesco S&P 500 Momentum ETF,95.37999725341797
SPMV,Invesco S&P 500 Minimum Variance ETF,47.0
SPNS,Sapiens International Corporation N.V. - Common Shares,38.97999954223633
SPOK,"Spok Holdings, Inc. - Common Stock",16.770000457763672
SPOT,Spotify Technology S.A. Ordinary Shares,390.8450012207031
SPPP,Sprott Physical Platinum and Palladium Trust,10.164999961853027
SPR,"Spirit Aerosystems Holdings, Inc. Common Stock",31.100000381469727
SPRO,"Spero Therapeutics, Inc. - Common Stock",1.309999942779541
SPSB,SPDR Portfolio Short Term Corporate Bond ETF,29.899999618530273
SPSC,"SPS Commerce, Inc. - Common Stock",183.6199951171875
SPSK,Tidal ETF Trust SP Funds Dow Jones Global Sukuk ETF,18.010000228881836
SPSM,SPDR Portfolio S&P 600 Small Cap ETF,48.400001525878906
SPT,"Sprout Social, Inc - Class A Common Stock",29.309999465942383
SPTI,SPDR Portfolio Intermediate Term Treasury ETF,28.020000457763672
SPTL,SPDR Portfolio Long Term Treasury ETF,26.864999771118164
SPTM,SPDR Portfolio S&P 1500 Composite Stock Market ETF,72.37999725341797
SPTN,SpartanNash Company - Common Stock,22.59000015258789
SPTS,SPDR Portfolio Short Term Treasury ETF,28.985000610351562
SPUS,SP Funds S&P 500 Sharia Industry Exclusions ETF,42.599998474121094
SPUU,Direxion Daily S&P 500 Bull 2X Shares,151.27999877929688
SPVM,Invesco S&P 500 Value with Momentum ETF,61.38999938964844
SPVU,Invesco S&P 500 Enhanced Value ETF,52.7400016784668
SPWH,"Sportsman's Warehouse Holdings, Inc. - Common Stock",2.690000057220459
SPXC,SPX Corporation Common Stock,163.97000122070312
SPXE,ProShares S&P 500 Ex-Energy ETF,63.58000183105469
SPXL,Direxion Daily S&P 500 Bull 3X Shares,176.0399932861328
SPXN,ProShares S&P 500 Ex-Financials ETF,63.33000183105469
SPXS,Direxion Daily S&P 500 Bear 3X,6.135000228881836
SPXT,ProShares S&P 500 Ex-Technology ETF,93.00129699707031
SPXU,ProShares UltraPro Short S&P500,22.350000381469727
SPXV,ProShares S&P 500 Ex-Health Care ETF,63.71989822387695
SPXX,Nuveen S&P 500 Dynamic Overwrite Fund,17.06999969482422
SPY,SPDR S&P 500,591.0499877929688
SPYB,SPDR S&P 500 Buyback ETF,26.860000610351562
SPYD,SPDR Series Trust SPDR Portfolio S&P 500 High Dividend ETF,45.86000061035156
SPYG,SPDR Series Trust SPDR Portfolio S&P 500 Growth ETF,85.98999786376953
SPYV,SPDR Series Trust SPDR Portfolio S&P 500 Value ETF,53.95000076293945
SPYX,SPDR S&P 500 Fossil Fuel Reserves Free ETF,48.5098991394043
SQ,"Square, Inc. Class A Common Stock",77.62000274658203
SQLV,Legg Mason Small-Cap Quality Value ETF,42.36989974975586
SQM,Sociedad Quimica y Minera S.A. Common Stock,37.56999969482422
SQNS,Sequans Communications S.A. American Depositary Shares,2.9149999618530273
SQQQ,ProShares UltraPro Short QQQ,6.650000095367432
SR,Spire Inc. Common Stock,65.08000183105469
SRAX,"SRAX, Inc. - Class A Common Stock",0.30000001192092896
SRCE,1st Source Corporation - Common Stock,67.29000091552734
SRDX,"Surmodics, Inc. - Common Stock",38.4900016784668
SRE,Sempra Energy Common Stock,88.29000091552734
SREA,Sempra Energy 5.750% Junior Subordinated Notes due 2079,25.024999618530273
SRET,Global X SuperDividend REIT ETF,20.989999771118164
SRG,Seritage Growth Properties Class A Common Stock,4.409999847412109
SRI,"Stoneridge, Inc. Common Stock",7.730000019073486
SRL,Scully Royalty Ltd.,7.940000057220459
SRLN,SPDR Blackstone GSO Senior Loan ETF,41.77000045776367
SRNE,"Sorrento Therapeutics, Inc. - Common Stock",0.003000000026077032
SRPT,"Sarepta Therapeutics, Inc. - Common Stock",127.97000122070312
SRRK,Scholar Rock Holding Corporation - Common Stock,29.6299991607666
SRS,ProShares UltraShort Real Estate,12.1899995803833
SRTS,"Sensus Healthcare, Inc. - Common Stock",6.690000057220459
SRTY,ProShares UltraPro Short Russell2000,15.779999732971191
SRV,Cushing MLP & Infrastructure Total Return Fund,41.775001525878906
SRVR,Pacer Benchmark Data & Infrastructure Real Estate SCTR ETF,30.600000381469727
SSB,South State Corporation - Common Stock,111.47000122070312
SSBI,Summit State Bank - Common Stock,6.626500129699707
SSD,"Simpson Manufacturing Company, Inc. Common Stock",184.09500122070312
SSG,ProShares UltraShort Semiconductors,5.179999828338623
SSKN,"Strata Skin Sciences, Inc. - Common Stock",3.240000009536743
SSL,Sasol Ltd. American Depositary Shares,5.965000152587891
SSNC,"SS&C Technologies Holdings, Inc. - Common Stock",74.16999816894531
SSO,ProShares Ultra S&P500,94.83999633789062
SSP,E.W. Scripps Company (The) - Class A Common Stock,2.3499999046325684
SSPY,Syntax Stratified LargeCap ETF,80.18000030517578
SSRM,SSR Mining Inc. - Common Stock,6.139999866485596
SSSS,Sutter Rock Capital Corp. - Common Stock,5.130000114440918
SSTI,"ShotSpotter, Inc. - Common Stock",11.489999771118164
SSTK,"Shutterstock, Inc. Common Stock",34.56999969482422
SSUS,Day Hagan/Ned Davis Research Smart Sector ETF,42.904998779296875
SSY,"SunLink Health Systems, Inc. Common Stock",0.8600000143051147
SSYS,"Stratasys, Ltd. - Common Stock",8.029999732971191
ST,Sensata Technologies Holding plc Ordinary Shares,33.439998626708984
STAA,STAAR Surgical Company - Common Stock,30.860000610351562
STAF,"Staffing 360 Solutions, Inc. - Common Stock",2.569999933242798
STAG,"Stag Industrial, Inc. Common Stock",37.97999954223633
STBA,"S&T Bancorp, Inc. - Common Stock",43.84000015258789
STC,Stewart Information Services Corporation Common Stock,71.94999694824219
STCN,"Steel Connect, Inc. - Common Stock",10.300100326538086
STE,STERIS plc (Ireland) Ordinary Shares,227.38999938964844
STG,"Sunlands Technology Group American Depositary Shares, representing Class A ordinary shares",6.699999809265137
STIM,"Neuronetics, Inc. - Common Stock",1.190000057220459
STIP,iShares 0-5 Year TIPS Bond ETF,100.69000244140625
STK,Columbia Seligman Premium Technology Growth Fund Inc,33.34000015258789
STKL,"SunOpta, Inc. - Common Stock",7.260000228881836
STKS,"The ONE Group Hospitality, Inc. - Common Stock",3.680000066757202
STLD,"Steel Dynamics, Inc. - Common Stock",154.32000732421875
STM,STMicroelectronics N.V. Common Stock,26.489999771118164
STN,Stantec Inc Common Stock,84.30999755859375
STNE,StoneCo Ltd. - Class A Common Share,11.510000228881836
STNG,Scorpio Tankers Inc. Common Shares,56.5099983215332
STOK,"Stoke Therapeutics, Inc. - Common Stock",13.25
STOT,SPDR DoubleLine Short Duration Total Return Tactical ETF,46.79999923706055
STPZ,PIMCO 1-5 Year U.S. TIPS Index Exchange-Traded Fund,52.40250015258789
STRA,"Strategic Education, Inc. - Common Stock",96.41999816894531
STRL,Sterling Construction Company Inc - Common Stock,175.4199981689453
STRM,"Streamline Health Solutions, Inc. - Common Stock",2.7100000381469727
STRO,"Sutro Biopharma, Inc. - Common Stock",4.139999866485596
STRS,Stratus Properties Inc. - Common Stock,27.709999084472656
STRT,STRATTEC SECURITY CORPORATION - Common Stock,37.97999954223633
STT,State Street Corporation Common Stock,96.80000305175781
STWD,"STARWOOD PROPERTY TRUST, INC. Starwood Property Trust Inc.",19.389999389648438
STX,Seagate Technology PLC - Ordinary Shares (Ireland),102.9800033569336
STXS,"Stereotaxis, Inc. Common Stock",1.9500000476837158
STZ,"Constellation Brands, Inc. Common Stock",229.67999267578125
SU,Suncor Energy  Inc. Common Stock,39.220001220703125
SUB,iShares Short-Term National Muni Bond ETF,105.08499908447266
SUI,"Sun Communities, Inc. Common Stock",131.8300018310547
SUM,"Summit Materials, Inc. Class A Common Stock",50.97999954223633
SUN,Sunoco LP Common Units representing limited partner interests,54.132999420166016
SUNS,Solar Senior Capital Ltd. - Common Stock,15.1899995803833
SUP,"Superior Industries International, Inc. Common Stock (DE)",2.7799999713897705
SUPN,"Supernus Pharmaceuticals, Inc. - Common Stock",37.75
SUPV,Grupo Supervielle S.A. American Depositary Shares each Representing five Class B shares,9.670000076293945
SUSA,iShares MSCI USA ESG Select ETF,122.5
SUSB,iShares ESG 1-5 Year USD Corporate Bond ETF,24.75
SUSC,iShares ESG USD Corporate Bond ETF,22.950000762939453
SUSL,iShares ESG MSCI USA Leaders ETF,104.91000366210938
SUZ,Suzano S.A. American Depositary Shares (each representing One Ordinary Share),10.414999961853027
SVC,Service Properties Trust - Shares of Beneficial Interest,3.309999942779541
SVM,Silvercorp Metals Inc. Common Shares,4.454999923706055
SVRA,"Savara, Inc. - Common Stock",3.819999933242798
SVT,"Servotronics, Inc. Common Stock",12.826700210571289
SVVC,"Firsthand Technology Value Fund, Inc. - Common Stock",0.07000000029802322
SVXY,ProShares Short VIX Short Term Futures ETF,51.11000061035156
SWAN,Amplify ETF Trust Amplify BlackSwan Growth & Treasury Core ETF,30.03030014038086
SWI,SolarWinds Corporation Common Stock,14.010000228881836
SWK,"Stanley Black & Decker, Inc. Common Stock",92.01010131835938
SWKH,SWK Holdings Corporation - Common Stock,16.8799991607666
SWKS,"Skyworks Solutions, Inc. - Common Stock",90.47000122070312
SWP,"Stanley Black & Decker, Inc. Corporate Units",25.6299991607666
SWTX,"SpringWorks Therapeutics, Inc. - common stock",33.0
SWX,"Southwest Gas Holdings, Inc. Common Stock (DE)",73.62000274658203
SWZ,"Swiss Helvetia Fund, Inc. (The) Common Stock",8.0600004196167
SXC,"SunCoke Energy, Inc. Common Stock",12.192000389099121
SXI,Standex International Corporation Common Stock,205.80499267578125
SXT,Sensient Technologies Corporation Common Stock,81.47000122070312
SXTC,"China SXT Pharmaceuticals, Inc. - Common Stock",0.46299999952316284
SY,So-Young International Inc. - American Depository Shares,0.8503000140190125
SYBT,"Stock Yards Bancorp, Inc. - Common Stock",74.8499984741211
SYBX,"Synlogic, Inc. - Common Stock",1.4299999475479126
SYF,Synchrony Financial Common Stock,67.48999786376953
SYK,Stryker Corporation Common Stock,369.1400146484375
SYLD,Cambria Shareholder Yield ETF,74.1500015258789
SYNA,Synaptics Incorporated - Common Stock,72.18000030517578
SYPR,"Sypris Solutions, Inc. - Common Stock",1.399999976158142
SYRS,"Syros Pharmaceuticals, Inc. - common stock",2.450000047683716
SYY,Sysco Corporation Common Stock,77.01000213623047
SZK,ProShares UltraShort Consumer Goods,12.699999809265137
SZNE,Pacer CFRA-Stovall Equal Weight Seasonal Rotation ETF,38.50899887084961
T,AT&T Inc.,22.31999969482422
TAC,TransAlta Corporation Ordinary Shares,10.425000190734863
TACT,TransAct Technologies Incorporated - Common Stock,4.320000171661377
TAGS,Teucrium Agricultural Fund ETV,26.077999114990234
TAIL,Cambria Tail Risk ETF,11.3100004196167
TAIT,Taitron Components Incorporated - Class A Common Stock,2.867799997329712
TAK,Takeda Pharmaceutical Company Limited American Depositary Shares (each representing 1/2 of a share of Common Stock),13.800000190734863
TAL,TAL Education Group American Depositary Shares,11.524999618530273
TALO,"Talos Energy, Inc. Common Stock",11.680000305175781
TAN,Invesco Solar ETF,37.290000915527344
TANH,Tantech Holdings Ltd. - Common Stock,0.14419999718666077
TAOP,Taoping Inc. - Ordinary Shares,0.39980000257492065
TAP,Molson Coors Beverage Company Class B Common Stock,56.529998779296875
TARA,"ArTara Therapeutics, Inc.  - Common Stock",2.450000047683716
TATT,TAT Technologies Ltd. - Ordinary Shares,19.0
TAXF,American Century Diversified Municipal Bond ETF,49.97999954223633
TAYD,"Taylor Devices, Inc. - Common Stock",52.7400016784668
TBB,AT&T Inc. 5.350% Global Notes due 2066,24.049999237060547
TBBK,"The Bancorp, Inc. - Common Stock",56.810001373291016
TBC,AT&T Inc. 5.625% Global Notes due 2067,24.809999465942383
TBF,ProShares Short 20+ Year Treasury,24.030000686645508
TBI,"TrueBlue, Inc. Common Stock",8.15999984741211
TBIO,"Translate Bio, Inc. - Common Stock",1.25
TBLT,"ToughBuilt Industries, Inc. - Common Stock",2.6600000858306885
TBLU,Tortoise Global Water ESG Fund,50.669898986816406
TBNK,Territorial Bancorp Inc. - Common Stock,11.3100004196167
TBPH,"Theravance Biopharma, Inc. - Ordinary Shares",8.710000038146973
TBT,ProShares UltraShort Lehman 20  Year Treasury,34.970001220703125
TBX,ProShares Short 7 10 Year Treasury,29.813600540161133
TC,TuanChe Limited - American Depositary Shares,0.8314999938011169
TCBI,"Texas Capital Bancshares, Inc. - Common Stock",85.4800033569336
TCBK,TriCo Bancshares - Common Stock,49.439998626708984
TCCO,Technical Communications Corporation - Common Stock,0.07999999821186066
TCI,"Transcontinental Realty Investors, Inc. Common Stock",28.15999984741211
TCMD,"Tactile Systems Technology, Inc. - Common Stock",14.619999885559082
TCOM,Trip.com Group Limited - American Depositary Shares,67.05999755859375
TCON,"TRACON Pharmaceuticals, Inc. - Common Stock",0.032999999821186066
TCPC,BlackRock TCP Capital Corp. - Common Stock,8.550000190734863
TCS,Container Store (The) Common Stock,4.460000038146973
TCX,Tucows Inc. - Common Stock,17.719999313354492
TD,Toronto Dominion Bank (The) Common Stock,56.540000915527344
TDC,Teradata Corporation Common Stock,29.31999969482422
TDF,"Templeton Dragon Fund, Inc. Common Stock",8.9399995803833
TDG,Transdigm Group Incorporated Transdigm Group Inc. Common Stock,1382.5999755859375
TDI,"Telephone and Data Systems, Inc. Sr Nt",29.957599639892578
TDIV,First Trust NASDAQ Technology Dividend Index Fund,80.91999816894531
TDOC,"Teladoc Health, Inc. Common Stock",9.430000305175781
TDS,"Telephone and Data Systems, Inc. Common Shares",32.529998779296875
TDTF,FlexShares iBoxx 5 Year Target Duration TIPS Index Fund,23.520000457763672
TDTT,FlexShares iBoxx 3 Year Target Duration TIPS Index Fund,23.75
TDV,ProShares S&P Technology Dividend Aristocrats ETF,78.52999877929688
TDW,Tidewater Inc. Common Stock,65.16400146484375
TDY,Teledyne Technologies Incorporated Common Stock,480.8399963378906
TEAF,Tortoise Essential Assets Income Term Fund Common Shares of Beneficial Interest,12.609999656677246
TEAM,Atlassian Corporation Plc - Class A Ordinary Shares,225.57000732421875
TECB,iShares U.S. Tech Breakthrough Multisector ETF,53.72990036010742
TECH,Bio-Techne Corp - Common Stock,75.83000183105469
TECK,Teck Resources Ltd Ordinary Shares,49.09000015258789
TECL,Direxion Technology Bull 3X Shares,94.0999984741211
TECS,Direxion Technology Bear 3X Shares,47.85929870605469
TECTP,"Tectonic Financial, Inc. - 9.00% Fixed-to-Floating Rate Series B Non-Cumulative Perpetual Preferred Stock",10.220000267028809
TEF,Telefonica SA Common Stock,4.505000114440918
TEI,"Templeton Emerging Markets Income Fund, Inc. Common Stock",5.440899848937988
TEL,TE Connectivity Ltd. New Switzerland Registered Shares,154.75999450683594
TELA,"TELA Bio, Inc. - Common stock",3.0199999809265137
TEN,Tenneco Inc. Class A Voting Common Stock,21.68000030517578
TENB,"Tenable Holdings, Inc. - Common Stock",42.0
TENX,"Tenax Therapeutics, Inc. - Common Stock",4.610000133514404
TEO,Telecom Argentina SA,11.295000076293945
TER,"Teradyne, Inc. - Common Stock",109.0
TEVA,Teva Pharmaceutical Industries Limited American Depositary Shares,17.418800354003906
TEX,Terex Corporation Common Stock,58.630001068115234
TFC,Truist Financial Corporation Common Stock,47.0093994140625
TFFP,"TFF Pharmaceuticals, Inc. - Common Stock",1.6200000047683716
TFI,SPDR Nuveen Bloomberg Barclays Municipal Bond ETF,45.3650016784668
TFII,TFI International Inc. Common Shares,149.32000732421875
TFLO,iShares Treasury Floating Rate Bond ETF,50.459999084472656
TFSL,TFS Financial Corporation - Common Stock,14.130000114440918
TFX,Teleflex Incorporated Common Stock,201.72999572753906
TG,Tredegar Corporation Common Stock,9.130000114440918
TGB,"Taseko Mines, Ltd. Common Stock",2.190000057220459
TGEN,Tecogen Inc. - Common Stock,0.8799999952316284
TGI,"Triumph Group, Inc. Common Stock",15.720000267028809
TGLS,Tecnoglass Inc. - Ordinary Shares,70.24500274658203
TGNA,TEGNA Inc,17.93000030517578
TGS,Transportadora de Gas del Sur SA TGS Common Stock,23.0
TGT,Target Corporation Common Stock,147.27999877929688
TGTX,"TG Therapeutics, Inc. - Common Stock",27.170000076293945
TH,Target Hospitality Corp. - Common Stock,8.5600004196167
THC,Tenet Healthcare Corporation Common Stock,160.36000061035156
THD,iShares Inc iShares MSCI Thailand ETF,65.1449966430664
THFF,First Financial Corporation Indiana - Common Stock,50.22999954223633
THG,Hanover Insurance Group Inc,157.05999755859375
THM,"International Tower Hill Mines, Ltd. Ordinary Shares (Canada)",0.5370000004768372
THMO,"ThermoGenesis Holdings, Inc. - Common Stock",0.0006000000284984708
THO,"Thor Industries, Inc. Common Stock",110.12999725341797
THQ,Tekla Healthcare Opportunies Fund Shares of Beneficial Interest,20.940000534057617
THR,"Thermon Group Holdings, Inc. Common Stock",29.440000534057617
THRM,Gentherm Inc - Common Stock,45.209999084472656
THS,"Treehouse Foods, Inc. Common Stock",38.16999816894531
THTX,Theratechnologies Inc. - Common Shares,1.2799999713897705
THW,Tekla World Healthcare Fund Shares of Beneficial Interest,12.244999885559082
TIGO,Millicom International Cellular S.A. - Common Stock,26.8700008392334
TIGR,UP Fintech Holding Limited - American Depositary Shares representing fifteen Class A Ordinary Shares,6.619999885559082
TILE,"Interface, Inc. - Common Stock",24.729999542236328
TILT,FlexShares Mornigstar US Market Factors Tilt Index Fund ETF,221.25
TIP,iShares TIPS Bond ETF,107.87999725341797
TIPT,Tiptree Inc. - Common Stock,22.0
TIPX,SPDR Bloomberg Barclays 1-10 Year TIPS,18.645000457763672
TIPZ,PIMCO Broad U.S. TIPS Index Exchange-Traded Fund,52.650001525878906
TISI,"Team, Inc. Common Stock",17.899999618530273
TITN,Titan Machinery Inc. - Common Stock,15.654999732971191
TJX,"TJX Companies, Inc. (The) Common Stock",115.6500015258789
TK,Teekay Corporation Common Stock,8.199999809265137
TKC,Turkcell Iletisim Hizmetleri AS Common Stock,6.135000228881836
TKR,Timken Company (The) Common Stock,79.19000244140625
TLF,"Tandy Leather Factory, Inc. - Common Stock",4.249899864196777
TLH,iShares 10-20 Year Treasury Bond ETF,101.56999969482422
TLK,"PT Telekomunikasi Indonesia, Tbk",17.15999984741211
TLRY,"Tilray, Inc. - Class 2 Common Stock",1.5399999618530273
TLSA,Tiziana Life Sciences plc - American Depository Share,0.8805000185966492
TLT,iShares 20+ Year Treasury Bond ETF,90.19999694824219
TLTD,FlexShares Morningstar Developed Markets ex-US Factor Tilt Index Fund,71.22000122070312
TLTE,FlexShares Morningstar Emerging Markets Factor Tilt Index Fund,55.61000061035156
TLYS,"Tilly's, Inc. Common Stock",4.545000076293945
TM,Toyota Motor Corporation Common Stock,175.13999938964844
TMDV,ProShares Russell US Dividend Growers ETF,50.37009811401367
TMDX,"TransMedics Group, Inc. - Common Stock",86.3499984741211
TME,"Tencent Music Entertainment Group American Depositary Shares, each representing two Class A Ordinary Shares",11.619999885559082
TMF,Direxion Daily 20-Yr Treasury Bull 3x Shrs,44.869998931884766
TMFC,Motley Fool 100 Index ETF ETF,58.599998474121094
TMHC,Taylor Morrison Home Corporation Common Stock,70.63999938964844
TMO,Thermo Fisher Scientific Inc Common Stock,559.7000122070312
TMP,Tompkins Financial Corporation Common Stock,78.12000274658203
TMQ,Trilogy Metals Inc. Common Stock,1.034999966621399
TMUS,"T-Mobile US, Inc. - Common Stock",232.19000244140625
TMV,Direxion Daily 20-Year Treasury Bear 3X,36.619998931884766
TNA,Direxion Small Cap Bull 3X Shares,53.369998931884766
TNC,Tennant Company Common Stock,93.09500122070312
TNDM,"Tandem Diabetes Care, Inc. - Common Stock",34.2400016784668
TNET,"TriNet Group, Inc. Common Stock",93.08399963378906
TNK,Teekay Tankers Ltd.,46.709999084472656
TNXP,Tonix Pharmaceuticals Holding Corp. - Common Stock,0.14000000059604645
TOK,iShares MSCI Kokusai ETF,117.8290023803711
TOKE,Cambria Cannabis ETF,5.329999923706055
TOL,"Toll Brothers, Inc. Common Stock",151.3699951171875
TOLZ,ProShares DJ Brookfield Global Infrastructure ETF,50.020999908447266
TOPS,TOP Ships Inc. - Common Stock,7.989999771118164
TOTL,SPDR DoubleLine Total Return Tactical ETF,39.79499816894531
TOUR,Tuniu Corporation - American Depositary Shares,1.090000033378601
TOWN,Towne Bank - Common Stock,36.290000915527344
TPB,"Turning Point Brands, Inc. Common Stock",51.119998931884766
TPC,Tutor Perini Corporation Common Stock,30.280000686645508
TPH,"TRI Pointe Group, Inc. Common Stock",41.834999084472656
TPHD,Timothy Plan High Dividend Stock ETF,38.380699157714844
TPHS,Trinity Place Holdings Inc. Common Stock,0.025499999523162842
TPIC,"TPI Composites, Inc. - Common Stock",2.9600000381469727
TPIF,Timothy Plan International ETF,27.440000534057617
TPL,Texas Pacific Land Trust Common Stock,1328.530029296875
TPLC,Timothy Plan US Large Cap Core ETF,45.040000915527344
TPOR,Direxion Daily Transportation Bull 3X Shares,39.56999969482422
TPR,"Tapestry, Inc. Common Stock",49.810001373291016
TPSC,Timothy Plan US Small Cap Core ETF,41.689998626708984
TPVG,TriplePoint Venture Growth BDC Corp. Common Stock,6.820000171661377
TPX,"Tempur Sealy International, Inc. Common Stock",49.869998931884766
TPYP,Tortoise North American Pipeline ETF,34.0
TPZ,"Tortoise Power and Energy Infrastructure Fund, Inc Common Stock",19.469999313354492
TQQQ,ProShares UltraPro QQQ,78.86000061035156
TR,"Tootsie Roll Industries, Inc. Common Stock",30.424999237060547
TRC,Tejon Ranch Co Common Stock,17.5
TREE,"LendingTree, Inc. - Common Stock",48.790000915527344
TREX,"Trex Company, Inc. Common Stock",72.38999938964844
TRGP,"Targa Resources, Inc. Common Stock",186.1300048828125
TRI,Thomson Reuters Corp Ordinary Shares,166.3000030517578
TRIB,Trinity Biotech plc - American Depositary Shares each representing 4 A Ordinary Shares,1.6699999570846558
TRIP,"TripAdvisor, Inc. - Common Stock",17.40999984741211
TRMB,Trimble Inc. - Common Stock,72.63999938964844
TRMD,TORM plc - Class A Common Stock,24.75
TRMK,Trustmark Corporation - Common Stock,39.41999816894531
TRN,"Trinity Industries, Inc. Common Stock",37.02000045776367
TRND,Pacer Trendpilot Fund of Funds ETF,33.750099182128906
TRNO,Terreno Realty Corporation Common Stock,59.72999954223633
TRNS,"Transcat, Inc. - Common Stock",107.0
TROW,"T. Rowe Price Group, Inc. - Common Stock",121.30999755859375
TROX,Tronox Holdings plc Ordinary Shares (UK),12.645000457763672
TRP,TC Energy Corporation Common Stock,48.34000015258789
TRS,TriMas Corporation - Common Stock,27.34000015258789
TRST,TrustCo Bank Corp NY - Common Stock,37.54999923706055
TRT,Trio-Tech International Common Stock,6.675000190734863
TRTX,"TPG RE Finance Trust, Inc. Common Stock",8.819999694824219
TRTY,Cambria Trinity ETF,26.030099868774414
TRU,TransUnion Common Stock,104.7300033569336
TRUE,"TrueCar, Inc. - Common Stock",4.309999942779541
TRUP,"Trupanion, Inc. - Common Stock",50.209999084472656
TRV,"The Travelers Companies, Inc. Common Stock",254.02999877929688
TRVG,trivago N.V. - American Depositary Shares,1.7300000190734863
TRVI,"Trevi Therapeutics, Inc. - Common Stock",3.0999999046325684
TRVN,"Trevena, Inc. - Common Stock",1.600000023841858
TRX,Tanzanian Gold Corporation Common Stock,0.3750999867916107
TS,Tenaris S.A. American Depositary Shares,36.54499816894531
TSBK,"Timberland Bancorp, Inc. - Common Stock",33.97999954223633
TSCO,Tractor Supply Company - Common Stock,288.95001220703125
TSE,Trinseo S.A. Ordinary Shares,4.65500020980835
TSEM,Tower Semiconductor Ltd. - Ordinary Shares,43.41999816894531
TSI,"TCW Strategic Income Fund, Inc. Common Stock",5.079999923706055
TSLA,"Tesla, Inc.  - Common Stock",288.5299987792969
TSLX,"TPG Specialty Lending, Inc. Common Stock",20.264999389648438
TSM,Taiwan Semiconductor Manufacturing Company Ltd.,193.343994140625
TSN,"Tyson Foods, Inc. Common Stock",59.15999984741211
TSQ,"Townsquare Media, Inc. Class A Common Stock",10.329999923706055
TT,Trane Technologies plc,391.8599853515625
TTAC,TrimTabs All Cap U.S. Free-Cash-Flow ETF,67.62000274658203
TTAI,TRIMTABS ETF TRUST ETF,30.030000686645508
TTC,Toro Company (The) Common Stock,84.83999633789062
TTD,"The Trade Desk, Inc. - Class A Common Stock",124.80999755859375
TTEC,"TTEC Holdings, Inc. - Common Stock",5.429999828338623
TTEK,"Tetra Tech, Inc. - Common Stock",46.810001373291016
TTGT,"TechTarget, Inc. - Common Stock",29.989999771118164
TTI,"Tetra Technologies, Inc. Common Stock",3.700000047683716
TTMI,"TTM Technologies, Inc. - Common Stock",25.030000686645508
TTNP,"Titan Pharmaceuticals, Inc. - Common Stock",4.099999904632568
TTOO,"T2 Biosystems, Inc. - Common Stock",0.6800000071525574
TTP,"Tortoise Pipeline & Energy Fund, Inc. Common Stock",47.22999954223633
TTT,ProShares UltraPro Short 20 Year Treasury,76.01499938964844
TTWO,"Take-Two Interactive Software, Inc. - Common Stock",166.6199951171875
TU,Telus Corporation Ordinary Shares,15.109999656677246
TUR,iShares MSCI Turkey ETF,33.52000045776367
TURN,180 Degree Capital Corp. - Common Stock,3.306299924850464
TUSK,"Mammoth Energy Services, Inc. - Common Stock",3.859999895095825
TV,Grupo Televisa S.A. Common Stock,2.4749999046325684
TVC,Tennessee Valley Authority Common Stock,22.84000015258789
TVE,Tennessee Valley Authority,22.350000381469727
TW,Tradeweb Markets Inc. - Class A Common Stock,128.2899932861328
TWI,"Titan International, Inc. (DE) Common Stock",7.309999942779541
TWIN,"Twin Disc, Incorporated - Common Stock",12.25
TWLO,Twilio Inc. Class A Common Stock,90.30999755859375
TWM,ProShares UltraShort Russell2000,7.880000114440918
TWN,"Taiwan Fund, Inc. (The) Common Stock",44.92770004272461
TWO,Two Harbors Investment Corp,11.625
TWST,Twist Bioscience Corporation - Common Stock,45.41999816894531
TX,"Ternium S.A. Ternium S.A. American Depositary Shares (each representing ten shares, USD1.00 par value)",36.41999816894531
TXG,"10x Genomics, Inc. - Common Stock",16.600000381469727
TXMD,"TherapeuticsMD, Inc. - Common Stock",1.554800033569336
TXN,Texas Instruments Incorporated - Common Stock,214.97000122070312
TXRH,"Texas Roadhouse, Inc. - Common Stock",197.97000122070312
TXT,Textron Inc. Common Stock,87.91000366210938
TY,Tri Continental Corporation Common Stock,33.775001525878906
TYD,Direxion Daily 10-Yr Treasury Bull 3x Shrs,24.309999465942383
TYG,Tortoise Energy Infrastructure Corporation Common Stock,40.91999816894531
TYL,"Tyler Technologies, Inc. Common Stock",603.2100219726562
TYO,Direxion Daily 10-Yr Treasury Bear 3x Shrs,14.529999732971191
TZA,Direxion Small Cap Bear 3X Shares,10.680999755859375
TZOO,Travelzoo - Common Stock,17.3799991607666
UA,"Under Armour, Inc. Class C Common Stock",8.050600051879883
UAA,"Under Armour, Inc. Class A Common Stock",8.7524995803833
UAE,iShares MSCI UAE ETF,15.3100004196167
UAL,"United Airlines Holdings, Inc. - Common Stock",87.58000183105469
UAMY,United States Antimony Corporation Common Stock,0.6021000146865845
UAN,"CVR Partners, LP Common Units representing Limited Partner Interests",68.71499633789062
UAPR,Innovator S&P 500 Ultra Buffer ETF - April,30.700000762939453
UAUG,Innovator S&P 500 Ultra Buffer ETF - August ,35.45000076293945
UAVS,"AgEagle Aerial Systems, Inc. Common Stock",2.3499999046325684
UBCP,"United Bancorp, Inc. - Common Stock",13.185099601745605
UBER,"Uber Technologies, Inc. Common Stock",74.33000183105469
UBFO,United Security Bancshares - Common Stock,9.0
UBOH,"United Bancshares, Inc. - Common Stock",20.59000015258789
UBOT,"Direxion Daily Robotics, Artificial Intelligence & Automation Index Bull 3X Shares",25.236900329589844
UBR,ProShares Ultra MSCI Brazil Capped,20.829999923706055
UBS,UBS Group AG Registered Ordinary Shares,33.01499938964844
UBSI,"United Bankshares, Inc. - Common Stock",42.59000015258789
UBT,ProShares Ultra 20+ Year Treasury,18.18000030517578
UBX,"Unity Biotechnology, Inc. - Common Stock",1.149999976158142
UCC,ProShares Ultra Consumer Services,45.559898376464844
UCIB,"ETRACS UBS Bloomberg Constant Maturity Commodity Index (CMCI) Total Return ETN Series B due April 5, 2038",25.450000762939453
UCO,ProShares Ultra Bloomberg Crude Oil,27.454700469970703
UCON,First Trust TCW Unconstrained Plus Bond ETF,24.68000030517578
UCTT,"Ultra Clean Holdings, Inc. - Common Stock",37.54999923706055
UDEC,Innovator S&P 500 Ultra Buffer ETF - December,35.29999923706055
UDN,Invesco DB USD Index Bearish ETF,18.174999237060547
UDOW,ProShares UltraPro Dow30,104.16000366210938
UDR,"UDR, Inc. Common Stock",43.279998779296875
UE,Urban Edge Properties Common Shares of Beneficial Interest,22.979999542236328
UEC,Uranium Energy Corp. Common Stock,7.510000228881836
UEIC,Universal Electronics Inc. - Common Stock,8.430000305175781
UEVM,VictoryShares USAA MSCI Emerging Markets Value Momentum ETF,48.09000015258789
UFCS,"United Fire Group, Inc - Common Stock",24.739999771118164
UFEB,Innovator S&P 500 Ultra Buffer ETF - February,32.94160079956055
UFI,"Unifi, Inc. New Common Stock",6.320000171661377
UFO,Procure Space ETF,20.650100708007812
UFPI,"Universal Forest Products, Inc. - Common Stock",136.4499969482422
UFPT,"UFP Technologies, Inc. - Common Stock",343.6700134277344
UG,"United-Guardian, Inc. - Common Stock",12.5600004196167
UGA,United States Gasoline Fund LP,63.150001525878906
UGE,ProShares Ultra Consumer Goods,18.540000915527344
UGI,UGI Corporation Common Stock,23.920000076293945
UGL,ProShares Ultra Gold,97.2699966430664
UGP,Ultrapar Participacoes S.A. (New) American Depositary Shares (Each representing one Common Share),3.809999942779541
UHAL,Amerco - Common Stock,76.37999725341797
UHS,"Universal Health Services, Inc. Common Stock",203.36500549316406
UHT,Universal Health Realty Income Trust Common Stock,42.09000015258789
UI,Ubiquiti Inc. Common Stock,252.09100341796875
UIS,Unisys Corporation New Common Stock,7.980000019073486
UITB,VictoryShares USAA Core Intermediate-Term Bond ETF,46.400001525878906
UIVM,VictoryShares USAA MSCI International Value Momentum ETF,48.439998626708984
UJAN,Innovator S&P 500 Ultra Buffer ETF - January,38.529998779296875
UJB,ProShares Ultra High Yield ETF,73.44000244140625
UJUL,Innovator S&P 500 Ultra Buffer ETF - July,34.45880126953125
UJUN,Innovator S&P 500 Ultra Buffer ETF - June,33.65999984741211
UL,Unilever PLC Common Stock,59.27000045776367
ULBI,Ultralife Corporation - Common Stock,9.479999542236328
ULE,ProShares Ultra Euro,11.182000160217285
ULH,"Universal Logistics Holdings, Inc. - Common Stock",52.279998779296875
ULST,SPDR SSgA Ultra Short Term Bond ETF,40.439998626708984
ULTA,"Ulta Beauty, Inc. - Common Stock",387.5299987792969
ULVM,VictoryShares USAA MSCI USA Value Momentum ETF,81.36000061035156
UMAR,Innovator S&P 500 Ultra Buffer ETF - March,35.380001068115234
UMBF,UMB Financial Corporation - Common Stock,125.68000030517578
UMC,United Microelectronics Corporation (NEW) Common Stock,7.014999866485596
UMDD,UltraPro MidCap400,31.824100494384766
UMH,"UMH Properties, Inc. Common Stock",18.790000915527344
UNAM,Unico American Corporation - Common Stock,0.054999999701976776
UNB,"Union Bankshares, Inc. - Common Stock",29.459999084472656
UNF,Unifirst Corporation Common Stock,198.72999572753906
UNFI,"United Natural Foods, Inc. Common Stock",21.90999984741211
UNG,United States Natural Gas Fund LP,12.880000114440918
UNH,UnitedHealth Group Incorporated Common Stock (DE),596.719970703125
UNIT,Uniti Group Inc. - Common Stock,5.880000114440918
UNL,United States 12 Month Natural Gas Fund,6.989999771118164
UNM,Unum Group Common Stock,70.2300033569336
UNMA,Unum Group 6.250% Junior Subordinated Notes due 2058,25.009000778198242
UNOV,Innovator S&P 500 Ultra Buffer ETF - November,34.630001068115234
UNP,Union Pacific Corporation Common Stock,248.42999267578125
UNTY,"Unity Bancorp, Inc. - Common Stock",45.97999954223633
UOCT,Innovator S&P 500 Ultra Buffer ETF - October,35.290000915527344
UONE,"Urban One, Inc.  - Class A Common Stock",1.4500000476837158
UONEK,"Urban One, Inc.  - Class D Common Stock",1.1399999856948853
UPLD,"Upland Software, Inc. - Common Stock",2.2200000286102295
UPRO,ProShares UltraPro S&P 500,92.5
UPS,"United Parcel Service, Inc. Common Stock",133.976806640625
UPV,ProShares Ultra FTSE Europe,59.630001068115234
UPW,ProShares Ultra Utilities,75.72840118408203
UPWK,Upwork Inc. - Common Stock,14.579999923706055
URA,Global X Uranium ETF,30.3700008392334
URBN,"Urban Outfitters, Inc. - Common Stock",36.2599983215332
URE,ProShares Ultra Real Estate,68.8333969116211
URG,Ur Energy Inc Common Shares (Canada),1.2200000286102295
URGN,UroGen Pharma Ltd. - Ordinary Shares,12.239999771118164
URI,"United Rentals, Inc. Common Stock",879.8200073242188
URNM,NorthShore Global Uranium Mining ETF,45.880001068115234
URTH,Ishares MSCI World Index Fund,158.27999877929688
URTY,ProShares UltraPro Russell2000,62.81999969482422
USA,Liberty All-Star Equity Fund Common Stock,7.295000076293945
USAC,"USA Compression Partners, LP Common Units Representing Limited Partner Interests",23.079999923706055
USAI,Pacer American Energy Independence ETF,38.66899871826172
USAP,"Universal Stainless & Alloy Products, Inc. - Common Stock",44.060001373291016
USAS,"Americas Gold and Silver Corporation Common Shares, no par value",0.4212000072002411
USAU,U.S. Gold Corp. - Common Stock,6.110000133514404
USB,U.S. Bancorp Common Stock,51.244998931884766
USCI,United States Commodity Index Fund ETV,63.029998779296875
USD,ProShares Ultra Semiconductors,143.3249969482422
USDP,USD Partners LP Common Units representing limited partner interest,0.024000000208616257
USDU,WisdomTree Bloomberg U.S. Dollar Bullish Fund,27.690000534057617
USEG,U.S. Energy Corp. - Common Stock,1.4500000476837158
USEP,Innovator ETFs Trust Innovator S&P 500 Ultra Buffer ETF - September,35.13999938964844
USFD,US Foods Holding Corp. Common Stock,65.79000091552734
USFR,WisdomTree Floating Rate Treasury Fund,50.29499816894531
USHY,iShares Broad USD High Yield Corporate Bond ETF,37.18000030517578
USIG,iShares Broad USD Investment Grade Corporate Bond ETF,50.77000045776367
USIO,"Usio, Inc. - Common Stock",1.399999976158142
USL,United States 12 Month Oil,37.810001373291016
USLM,"United States Lime & Minerals, Inc. - Common Stock",137.25
USM,United States Cellular Corporation Common Stock,65.16000366210938
USMC,Principal U.S. Mega-Cap Multi-Factor Index ETF,58.645301818847656
USMF,WisdomTree U.S. Multifactor Fund,50.78889846801758
USMV,iShares Edge MSCI Min Vol USA ETF,92.43000030517578
USNA,"USANA Health Sciences, Inc. Common Stock",40.32500076293945
USO,United States Oil Fund,74.56999969482422
USOI,Credit Suisse AG - Credit Suisse X-Links Crude Oil Shares Covered Call ETN,66.55000305175781
USPH,"U.S. Physical Therapy, Inc. Common Stock",97.04000091552734
USRT,iShares Core U.S. REIT ETF,59.7400016784668
USSG,Xtrackers MSCI USA ESG Leaders Equity ETF,55.09000015258789
UST,ProShares Ultra 7-10 Year Treasury,41.82500076293945
USTB,VictoryShares USAA Core Short-Term Bond ETF,50.380001068115234
USVM,VictoryShares USAA MSCI USA Small Cap Value Momentum ETF,89.78500366210938
UTES,Virtus Reaves Utilities ETF,63.230098724365234
UTF,"Cohen & Steers Infrastructure Fund, Inc Common Stock",25.010000228881836
UTG,Reaves Utility Income Fund Common Shares of Beneficial Interest,32.404998779296875
UTHR,United Therapeutics Corporation - Common Stock,397.489990234375
UTI,Universal Technical Institute Inc Common Stock,19.020000457763672
UTL,UNITIL Corporation Common Stock,60.540000915527344
UTMD,"Utah Medical Products, Inc. - Common Stock",67.16999816894531
UTSI,UTStarcom Holdings Corp - Ordinary Shares,2.930000066757202
UTSL,Direxion Daily Utilities Bull 3X Shares,34.632301330566406
UUP,Invesco DB USD Index Bullish Fund ETF,29.549999237060547
UUU,"Universal Security Instruments, Inc. Common Stock",2.109999895095825
UUUU,Energy Fuels Inc Ordinary Shares (Canada),6.039999961853027
UVE,UNIVERSAL INSURANCE HOLDINGS INC Common Stock,21.274999618530273
UVSP,Univest Financial Corporation - Common Stock,32.209999084472656
UVV,Universal Corporation Common Stock,53.68000030517578
UVXY,ProShares Trust Ultra VIX Short Term Futures ETF,22.138999938964844
UWM,ProShares Ultra Russell2000,48.90999984741211
UXI,ProShares Ultra Industrials,41.939998626708984
UXIN,Uxin Limited - American Depositary Shares,4.0
UYG,ProShares Ultra Financials,90.58000183105469
UYM,ProShares Ultra Basic Materials,29.353200912475586
V,Visa Inc.,307.3575134277344
VAC,Marriott Vacations Worldwide Corporation Common Stock,84.73999786376953
VAL,Valaris plc Class A Ordinary Shares,52.279998779296875
VALE,VALE S.A.  American Depositary Shares Each Representing one common share,10.795000076293945
VALQ,American Century STOXX U.S. Quality Value ETF,62.77000045776367
VALU,"Value Line, Inc. - Common Stock",51.900001525878906
VAMO,Cambria ETF Trust Cambria Value and Momentum ETF,31.549999237060547
VAW,Vanguard Materials ETF,212.22000122070312
VB,Vanguard Small-Cap ETF,250.839599609375
VBF,Invesco Bond Fund Common Stock,16.035999298095703
VBFC,Village Bank and Trust Financial Corp. - Common Stock,76.94000244140625
VBK,Vanguard Small-Cap Growth ETF,284.0450134277344
VBND,ETF Series Solutions Trust Vident Core U.S. Bond Strategy Fund,43.45000076293945
VBR,Vanguard Small-Cap Value ETF,211.53500366210938
VBTX,"Veritex Holdings, Inc. - Common Stock",30.34000015258789
VC,Visteon Corporation - Common Stock,92.91999816894531
VCEL,Vericel Corporation - Common Stock,48.040000915527344
VCIT,Vanguard Intermediate-Term Corporate Bond ETF,80.80000305175781
VCLT,Vanguard Long-Term Corporate Bond ETF,76.55000305175781
VCNX,"Vaccinex, Inc. - Common Stock",3.2799999713897705
VCR,Vanguard Consumer Discretion ETF,355.19000244140625
VCSH,Vanguard Short-Term Corporate Bond ETF,78.12000274658203
VCTR,"Victory Capital Holdings, Inc. - Common Stock",64.7699966430664
VCV,Invesco California Value Municipal Income Trust Common Stock,10.097999572753906
VCYT,"Veracyte, Inc. - Common Stock",36.59000015258789
VDC,Vanguard Consumer Staples ETF,212.5
VDE,Vanguard Energy ETF,131.00999450683594
VEA,Vanguard FTSE Developed Markets ETF,50.150001525878906
VECO,Veeco Instruments Inc. - Common Stock,30.100000381469727
VEEV,Veeva Systems Inc. Class A Common Stock,216.50999450683594
VEGA,AdvisorShares STAR Global Buy-Write ETF,43.95000076293945
VEGI,iShares MSCI Agriculture Producers Fund,37.441001892089844
VEGN,US Vegan Climate Index,53.79499816894531
VEL,"Velocity Financial, Inc. Common Stock",19.59000015258789
VEON,VEON Ltd. - American Depositary Shares,32.86000061035156
VERB,"Verb Technology Company, Inc. - Common Stock",9.800000190734863
VERI,"Veritone, Inc. - Common Stock",3.3550000190734863
VERO,Venus Concept Inc.  - Common Stock,0.4138000011444092
VERU,Veru Inc. - Common Stock,0.7433000206947327
VET,Vermilion Energy Inc. Common (Canada),9.954999923706055
VEU,Vanguard FTSE All World Ex US ETF,60.369998931884766
VFC,V.F. Corporation Common Stock,20.815000534057617
VFF,"Village Farms International, Inc. - Common Shares",0.800000011920929
VFH,Vanguard Financials ETF,121.58000183105469
VFL,Delaware Investments National Municipal Income Fund Common Stock,10.449999809265137
VFMF,Vanguard U.S. Multifactor ETF,138.2899932861328
VFMO,Vanguard U.S. Momentum Factor ETF,171.31500244140625
VFMV,Vanguard U.S. Minimum Volatility ETF,124.22000122070312
VFQY,Vanguard U.S. Quality Factor ETF,146.83999633789062
VFVA,Vanguard U.S. Value Factor ETF,127.73999786376953
VGI,Virtus Global Multi-Sector Income Fund Common Shares of Beneficial Interest,7.949999809265137
VGIT,Vanguard Intermediate-Term Treasury ETF,58.25
VGK,Vanguard FTSEEuropean ETF,66.44000244140625
VGLT,Vanguard Long-Treasury ETF,56.849998474121094
VGM,Invesco Trust for Investment Grade Municipals Common Stock (DE),10.170000076293945
VGSH,Vanguard Short-Term Treasury ETF,58.16999816894531
VGT,Vanguard Information Tech ETF,612.6900024414062
VGZ,Vista Gold Corp Common Stock,0.6159999966621399
VHC,VirnetX Holding Corp Common Stock,6.110000133514404
VHI,"Valhi, Inc. Common Stock",40.5
VHT,Vanguard Health Care ETF,273.67999267578125
VIAV,Viavi Solutions Inc. - Common Stock,10.229999542236328
VICI,VICI Properties Inc. Common Stock,31.100000381469727
VICR,Vicor Corporation - Common Stock,57.70000076293945
VIDI,ETF Series Solutions Trust Vident International Equity Fund,26.190000534057617
VIG,Vanguard Div Appreciation ETF,201.38999938964844
VIGI,Vanguard International Dividend Appreciation ETF,83.77999877929688
VIOG,Vanguard S&P Small-Cap 600 Growth ETF,126.20999908447266
VIOO,Vanguard S&P Small-Cap 600 ETF,115.13999938964844
VIOT,"Viomi Technology Co., Ltd - American Depositary Shares",1.3600000143051147
VIOV,Vanguard S&P Small-Cap 600 Value ETF,99.37999725341797
VIPS,"Vipshop Holdings Limited American Depositary Shares, each representing two ordinary shares",14.680000305175781
VIR,"Vir Biotechnology, Inc. - Common Stock",10.170000076293945
VIRC,Virco Manufacturing Corporation - Common Stock,16.450000762939453
VIRT,"Virtu Financial, Inc. - Class A Common Stock",33.40999984741211
VIS,Vanguard Industrials ETF,273.8800048828125
VISL,"Vislink Technologies, Inc. - Common Stock",6.120100021362305
VIST,"Vista Oil & Gas, S.A.B. de C.V. American Depositary Shares, each representing one series A share, with no par value",50.0099983215332
VIV,"Telefonica Brasil, S.A. ADS",9.3149995803833
VIVE,"Viveve Medical, Inc. - Common Stock",0.00039999998989515007
VIXM,ProShares Trust VIX Mid-Term Futures ETF,14.362899780273438
VIXY,ProShares Trust VIX Short-Term Futures ETF,11.479999542236328
VKI,Invesco Advantage Municipal Income Trust II Common Shares of Beneficial Interest (DE),8.970000267028809
VKQ,Invesco Municipal Trust Common Stock,10.020000457763672
VKTX,"Viking Therapeutics, Inc. - Common Stock",65.87000274658203
VLGEA,"Village Super Market, Inc. - Class A Common Stock",33.27000045776367
VLO,Valero Energy Corporation Common Stock,138.67999267578125
VLRS,"Controladora Vuela Compania de Aviacion, S.A.B. de C.V. American Depositary Shares, each representing ten (10) Ordinary Participation Certificates",7.355000019073486
VLT,Invesco High Income Trust II,11.319999694824219
VLU,SPDR S&P 1500 Value Tilt ETF,191.30999755859375
VLUE,iShares Edge MSCI USA Value Factor ETF,112.36000061035156
VLY,Valley National Bancorp - Common Stock,10.520000457763672
VLYPO,Valley National Bancorp - 5.5% Fixed to Floating Rate Series B Non-Cumulative Perpetual Preferred Stock,24.989999771118164
VLYPP,Valley National Bancorp - 6.25% Fixed-to-Floating Rate Series A Non-Cumulative Perpetual Preferred Stock,24.549999237060547
VMBS,Vanguard Mortgage-Backed Securities ETF,45.5
VMC,Vulcan Materials Company (Holding Company) Common Stock,290.3599853515625
VMD,"Viemed Healthcare, Inc. - Common Shares",9.140000343322754
VMI,"Valmont Industries, Inc. Common Stock",349.0400085449219
VMO,Invesco Municipal Opportunity Trust Common Stock,9.848999977111816
VMOT,Alpha Architect Value Momentum Trend ETF,26.81999969482422
VNCE,Vince Holding Corp. Common Stock,1.850000023841858
VNDA,Vanda Pharmaceuticals Inc. - Common Stock,4.889999866485596
VNET,"21Vianet Group, Inc. - American Depositary Shares",3.2899999618530273
VNLA,Janus Henderson Short Duration Income ETF,48.88999938964844
VNM,VanEck Vectors Vietnam ETF,11.979999542236328
VNO,Vornado Realty Trust Common Stock,43.560001373291016
VNOM,Viper Energy Partners LP - Common Unit,55.41999816894531
VNQ,Vanguard Real Estate ETF,93.40499877929688
VNQI,Vanguard Global ex-U.S. Real Estate ETF,43.33000183105469
VNRX,VolitionRX Limited Common Stock,0.6473000049591064
VO,Vanguard Mid-Cap ETF,273.70001220703125
VOC,VOC Energy Trust Units of Beneficial Interest,4.909999847412109
VOD,Vodafone Group Plc - American Depositary Shares each representing ten Ordinary Shares,9.3100004196167
VOE,Vanguard Mid-Cap Value ETF,171.25999450683594
VONE,Vanguard Russell 1000 ETF,268.9200134277344
VONG,Vanguard Russell 1000 Growth ETF,100.47000122070312
VONV,Vanguard Russell 1000 Value ETF,85.52999877929688
VOO,Vanguard S&P 500 ETF,543.3599853515625
VOOG,Vanguard S&P 500 Growth ETF,358.0299987792969
VOOV,Vanguard S&P 500 Value ETF,194.43499755859375
VOT,Vanguard Mid-Cap Growth ETF,257.2799987792969
VOX,Vanguard Communication Services  ETF,153.27499389648438
VOXX,VOXX International Corporation - Class A Common Stock,7.409999847412109
VOYA,"Voya Financial, Inc. Common Stock",82.95500183105469
VPC,Virtus Private Credit Strategy ETF,22.100000381469727
VPG,"Vishay Precision Group, Inc. Common Stock",23.202499389648438
VPL,Vanguard FTSE Pacific ETF,74.94999694824219
VPU,Vanguard Utilities ETF,167.74000549316406
VPV,Invesco Pennsylvania Value Municipal Income Trust Common Stock (DE),10.9399995803833
VRA,"Vera Bradley, Inc. - Common Stock",5.269999980926514
VRAI,Virtus Real Asset Income ETF,24.429899215698242
VRCA,Verrica Pharmaceuticals Inc. - Common Stock,0.7462999820709229
VREX,Varex Imaging Corporation - Common Stock,14.449999809265137
VRIG,Invesco Variable Rate Investment Grade ETF,25.125999450683594
VRNA,Verona Pharma plc - American Depositary Shares,37.59000015258789
VRNS,"Varonis Systems, Inc. - Common Stock",53.34000015258789
VRNT,Verint Systems Inc. - Common Stock,23.690000534057617
VRP,Invesco Variable Rate Preferred ETF,24.43000030517578
VRRM,Verra Mobility Corporation - Class A Common Stock,23.950000762939453
VRSK,"Verisk Analytics, Inc. - Common Stock",279.1300048828125
VRSN,"VeriSign, Inc. - Common Stock",186.5800018310547
VRT,"Vertiv Holdings, LLC Class A Common Stock",120.40499877929688
VRTS,"Virtus Investment Partners, Inc. - Common Stock",238.99000549316406
VRTX,Vertex Pharmaceuticals Incorporated - Common Stock,493.6400146484375
VSAT,"ViaSat, Inc. - Common Stock",10.279999732971191
VSDA,VictoryShares Dividend Accelerator ETF,53.528499603271484
VSEC,VSE Corporation - Common Stock,116.47000122070312
VSGX,Vanguard ESG International Stock ETF,59.369998931884766
VSH,"Vishay Intertechnology, Inc. Common Stock",18.19499969482422
VSMV,VictoryShares US Multi-Factor Minimum Volatility ETF,49.090999603271484
VSS,Vanguard FTSE All-Wld ex-US SmCp Idx ETF,120.0999984741211
VST,Vistra Energy Corp. Common Stock,126.23999786376953
VSTM,"Verastem, Inc. - Common Stock",3.869999885559082
VSTO,Vista Outdoor Inc. Common Stock,44.220001220703125
VT,Vanguard Total World Stock Index ETF,120.44000244140625
VTC,Vanguard Total Corporate Bond ETF,76.48500061035156
VTEB,Vanguard Tax-Exempt Bond ETF,49.790000915527344
VTGN,"VistaGen Therapeutics, Inc. - Common Stock",3.0999999046325684
VTHR,Vanguard Russell 3000 ETF,262.8599853515625
VTI,Vanguard Total Stock Market ETF,293.239990234375
VTIP,Vanguard Short-Term Inflation-Protected Securities Index Fund,48.81999969482422
VTN,Invesco Trust for Investment Grade New York Municipals Common Stock,11.079999923706055
VTR,"Ventas, Inc. Common Stock",63.19499969482422
VTSI,"VirTra, Inc. - Common Stock",6.699999809265137
VTV,Vanguard Value ETF,178.22000122070312
VTVT,vTv Therapeutics Inc. - Class A Common Stock,13.824999809265137
VTWG,Vanguard Russell 2000 Growth ETF,223.0800018310547
VTWO,Vanguard Russell 2000 ETF,96.0
VTWV,Vanguard Russell 2000 Value ETF,157.58999633789062
VUG,Vanguard Growth ETF,399.8800048828125
VUSE,ETF Series Solutions Trust Vident Core US Equity ETF,60.35499954223633
VUZI,Vuzix Corporation - Common Stock,1.159999966621399
VV,Vanguard Large-Cap ETF,271.69500732421875
VVI,Viad Corp Common Stock,42.91999816894531
VVPR,VivoPower International PLC - Ordinary Shares,0.7544000148773193
VVR,Invesco Senior Income Trust Common Stock (DE),3.8929998874664307
VVV,Valvoline Inc. Common Stock,42.900001525878906
VWO,Vanguard FTSE Emerging Markets ETF,46.96500015258789
VWOB,Vanguard Emerging Markets Government Bond ETF,64.12999725341797
VXF,Vanguard Extended Market ETF,196.08999633789062
VXRT,"Vaxart, Inc. - Common Stock",0.7062000036239624
VXUS,Vanguard Total International Stock ETF,62.029998779296875
VXX,iPath Series B S&P 500 VIX Short-Term Futures ETN,46.58000183105469
VXZ,iPath Series B S&P 500 VIX Mid-Term Futures ETN,50.02000045776367
VYGR,"Voyager Therapeutics, Inc. - Common Stock",7.28000020980835
VYM,Vanguard High Dividend Yield ETF,132.3800048828125
VYMI,Vanguard International High Dividend Yield ETF,71.0
VZ,Verizon Communications Inc. Common Stock,41.16279983520508
W,Wayfair Inc. Class A Common Stock,40.42499923706055
WAB,Westinghouse Air Brake Technologies Corporation Common Stock,200.4499969482422
WABC,Westamerica Bancorporation - Common Stock,58.22999954223633
WAFD,"Washington Federal, Inc. - Common Stock",38.060001373291016
WAFU,Wah Fu Education Group Limited - Ordinary Shares,1.6100000143051147
WAL,Western Alliance Bancorporation Common Stock (DE),96.13999938964844
WANT,Direxion Daily Consumer Discretionary Bull 3X Shares,45.65140151977539
WASH,"Washington Trust Bancorp, Inc. - Common Stock",39.91999816894531
WAT,Waters Corporation Common Stock,386.6000061035156
WATT,Energous Corporation - Common Stock,0.5548999905586243
WB,Weibo Corporation - American Depositary Shares,9.020000457763672
WBA,"Walgreens Boots Alliance, Inc. - Common Stock",9.229999542236328
WBIG,WBI BullBear Yield 3000 ETF,24.81999969482422
WBIY,WBI Power Factor High Dividend ETF,31.670000076293945
WBND,Western Asset Total Return ETF,19.809999465942383
WBS,Webster Financial Corporation Common Stock,60.099998474121094
WCC,"WESCO International, Inc. Common Stock",212.3699951171875
WCLD,WisdomTree Cloud Computing Fund,35.7599983215332
WCN,"Waste Connections, Inc. Common Shares",179.36500549316406
WD,"Walker & Dunlop, Inc Common Stock",112.81500244140625
WDAY,"Workday, Inc. - Class A Common Stock",251.8000030517578
WDC,Western Digital Corporation - Common Stock,69.91000366210938
WDFC,WD-40 Company - Common Stock,276.8699951171875
WDIV,SPDR S&P Global Dividend,65.10009765625
WEA,Western Asset Bond Fund Share of Beneficial Interest,11.140000343322754
WEAT,Teucrium Wheat Fund ETV,5.135000228881836
WEBL,Direxion Daily Dow Jones Internet Bull 3X Shares,23.809999465942383
WEBS,Direxion Daily Dow Jones Internet Bear 3X Shares,41.90999984741211
WEC,"WEC Energy Group, Inc. Common Stock",95.98999786376953
WELL,Welltower Inc. Common Stock,133.6699981689453
WEN,Wendy's Company (The) - Common Stock,20.389999389648438
WERN,"Werner Enterprises, Inc. - Common Stock",41.22999954223633
WES,"Western Midstream Partners, LP Common Units Representing Limited Partner Interests",38.5099983215332
WEX,WEX Inc. common stock,187.58999633789062
WEYS,"Weyco Group, Inc. - Common Stock",41.040000915527344
WF,Woori Financial Group Inc. American Depositary Shares (each representing three (3) shares of Common Stock),34.349998474121094
WFC,Wells Fargo & Company Common Stock,72.52999877929688
WGO,"Winnebago Industries, Inc. Common Stock",61.630001068115234
WH,"Wyndham Hotels & Resorts, Inc. Common Stock ",95.50769805908203
WHD,"Cactus, Inc. Class A Common Stock",69.36000061035156
WHF,"WhiteHorse Finance, Inc. - Common Stock",11.699999809265137
WHG,Westwood Holdings Group Inc Common Stock,15.380000114440918
WHLM,"Wilhelmina International, Inc. - Common Stock",3.2572999000549316
WHLR,"Wheeler Real Estate Investment Trust, Inc. - Common Stock",8.079999923706055
WHLRD,"Wheeler Real Estate Investment Trust, Inc. - Series D Cumulative Preferred Stock",26.84000015258789
WHLRP,"Wheeler Real Estate Investment Trust, Inc. - Series B Preferred Stock",3.5459001064300537
WHR,Whirlpool Corporation Common Stock,108.04000091552734
WIA,Western Asset Inflation-Linked Income Fund,8.289999961853027
WILC,"G. Willi-Food International,  Ltd. - Ordinary Shares",11.84000015258789
WINA,Winmark Corporation - Common Stock,405.7900085449219
WINC,Western Asset Short Duration Income ETF,23.969999313354492
WING,Wingstop Inc. - Common Stock,315.510009765625
WIP,SPDR FTSE International Government Inflation-Protected Bond ETF,37.720001220703125
WISA,"Summit Wireless Technologies, Inc. - Common Stock",1.7400000095367432
WIT,Wipro Limited Common Stock,6.815000057220459
WIW,Western Asset Inflation-Linked Opportunities & Income Fund,8.734999656677246
WIX,Wix.com Ltd. - Ordinary Shares,166.8800048828125
WK,Workiva Inc. Class A Common Stock,87.69499969482422
WKEY,WISeKey International Holding AG - American Depositary Shares,1.8799999952316284
WKHS,"Workhorse Group, Inc. - Common Stock",0.7764999866485596
WLDN,"Willdan Group, Inc. - Common Stock",43.66999816894531
WLDR,Affinity World Leaders Equity ETF ,33.630001068115234
WLFC,Willis Lease Finance Corporation - Common Stock,217.7899932861328
WLK,Westlake Chemical Corporation Common Stock,137.1300048828125
WLKP,Westlake Chemical Partners LP Common Units representing limited partner interests,22.36910057067871
WM,"Waste Management, Inc. Common Stock",218.51499938964844
WMB,"Williams Companies, Inc. (The) Common Stock",55.31999969482422
WMK,"Weis Markets, Inc. Common Stock",72.56999969482422
WMS,"Advanced Drainage Systems, Inc. Common Stock",163.52999877929688
WMT,Walmart Inc. Common Stock,83.44000244140625
WNC,Wabash National Corporation Common Stock,19.165000915527344
WNEB,"Western New England Bancorp, Inc. - Common Stock",8.970000267028809
WNS,WNS (Holdings) Limited Sponsored ADR (Jersey),50.98509979248047
WOMN,Impact Shares Trust I ETF Impact Shares YWCA Womenas Empowerment ETF,39.27000045776367
WOOD,iShares S&P Global Timber & Forestry Index Fund,81.70999908447266
WOR,"Worthington Industries, Inc. Common Stock",43.43000030517578
WORX,SCWorx Corp. - Common Stock,1.1698999404907227
WOW,"WideOpenWest, Inc. Common Stock",5.630000114440918
WPC,W. P. Carey Inc. REIT,55.40999984741211
WPM,Wheaton Precious Metals Corp Common Shares (Canada),62.75
WPP,WPP plc American Depositary Shares,55.380001068115234
WPRT,Westport Fuel Systems Inc - Common Shares,3.984999895095825
WRB,W.R. Berkley Corporation Common Stock,60.63999938964844
WRLD,World Acceptance Corporation - Common Stock,126.45999908447266
WRN,Western Copper and Gold Corporation Common Stock,1.1649999618530273
WSBC,"WesBanco, Inc. - Common Stock",36.0099983215332
WSBF,"Waterstone Financial, Inc. - Common Stock",16.530000686645508
WSC,WillScot Corporation - Common Stock,39.79999923706055
WSFS,WSFS Financial Corporation - Common Stock,58.68000030517578
WSM,"Williams-Sonoma, Inc. Common Stock (DE)",129.38999938964844
WSO,"Watsco, Inc. Common Stock",516.9299926757812
WSR,Whitestone REIT Common Shares,14.305000305175781
WST,"West Pharmaceutical Services, Inc. Common Stock",329.6400146484375
WSTL,"Westell Technologies, Inc. - Class A Common Stock",1.6399999856948853
WTBA,West Bancorporation - Common Stock,24.350000381469727
WTER,The Alkaline Water Company Inc. - Common Stock,0.061000000685453415
WTFC,Wintrust Financial Corporation - Common Stock,131.42999267578125
WTFCM,"Wintrust Financial Corporation - Fixed-to-Floating Rate Non-Cumulative Perpetual Preferred Stock, Series D",25.06999969482422
WTI,"W&T Offshore, Inc. Common Stock",2.4149999618530273
WTIU,UBS ETRACS - ProShares Daily 3x Long Crude ETN,15.300000190734863
WTM,"White Mountains Insurance Group, Ltd. Common Stock",1868.5400390625
WTMF,WisdomTree Managed Futures Strategy Fund,35.25
WTRE,Watford Holdings Ltd. - Common Shares,18.549999237060547
WTRG,"Essential Utilities, Inc. Common Stock",40.349998474121094
WTS,"Watts Water Technologies, Inc. Class A Common Stock",212.27000427246094
WTTR,"Select Energy Services, Inc. Class A Common Stock",13.975000381469727
WU,Western Union Company (The) Common Stock,10.835000038146973
WVE,Wave Life Sciences Ltd. - Ordinary Shares,14.199999809265137
WVFC,WVS Financial Corp. - Common Stock,12.75
WVVI,"Willamette Valley Vineyards, Inc. - Common Stock",3.3749001026153564
WVVIP,"Willamette Valley Vineyards, Inc. - Series A Redeemable Preferred Stock",3.5
WW,"WW International, Inc.  - Common Stock",1.034999966621399
WWD,"Woodward, Inc. - Common Stock",172.52000427246094
WWJD,Inspire International ESG ETF,30.635000228881836
WWR,"Westwater Resources, Inc. - Common Stock",0.5601000189781189
WWW,"Wolverine World Wide, Inc. Common Stock",16.059999465942383
WY,Weyerhaeuser Company Common Stock,31.40999984741211
WYNN,"Wynn Resorts, Limited - Common Stock",85.31999969482422
WYY,WidePoint Corporation Common Stock,3.710900068283081
X,United States Steel Corporation Common Stock,42.30630111694336
XAIR,"Beyond Air, Inc. - Common Stock",0.47999998927116394
XAR,SPDR S&P Aerospace & Defense ETF,163.3800048828125
XBI,SPDR Series Trust  SPDR S&P Biotech ETF,102.44999694824219
XBIO,"Xenetic Biosciences, Inc. - Common Stock",3.6600000858306885
XBIT,XBiotech Inc. - Common Stock,8.25
XCEM,Columbia EM Core ex-China ETF,32.0099983215332
XCUR,"Exicure, Inc. - Common Stock",2.5799999237060547
XEL,Xcel Energy Inc. - Common Stock,66.48999786376953
XELA,"Exela Technologies, Inc. - Common Stock",1.9800000190734863
XELB,"Xcel Brands, Inc - Common Stock",0.791700005531311
XENE,Xenon Pharmaceuticals Inc. - Common Shares,44.939998626708984
XERS,"Xeris Pharmaceuticals, Inc. - Common Stock",3.3399999141693115
XES,SPDR Series Trust SPDR S&P Oil & Gas Equipment & Services ETF,86.30999755859375
XFLT,XAI Octagon Floating Rate & Alternative Income Term Trust Common Shares of Beneficial Interest,6.90500020980835
XFOR,"X4 Pharmaceuticals, Inc. - Common Stock",0.5788999795913696
XGN,Exagen Inc. - Common Stock,2.5230000019073486
XHB,SPDR Series Trust SPDR Homebuilders ETF,117.46170043945312
XHE,SPDR S&P Health Care Equipment,93.77999877929688
XHR,"Xenia Hotels & Resorts, Inc. Common Stock",15.399999618530273
XHS,SPDR S&P Health Care Services ETF,97.41000366210938
XIN,Xinyuan Real Estate Co Ltd American Depositary Shares,3.8499999046325684
XITK,SPDR FactSet Innovative Technology ETF,164.49000549316406
XLB,Materials Select Sector SPDR,94.97000122070312
XLC,The Communication Services Select Sector SPDR Fund,95.4000015258789
XLE,SPDR Select Sector Fund - Energy Select Sector,93.56999969482422
XLF,SPDR Select Sector Fund - Financial,49.58000183105469
XLG,Invesco S&P 500 Top 50 ETF,49.08000183105469
XLI,SPDR Select Sector Fund - Industrial,141.42999267578125
XLK,SPDR Select Sector Fund - Technology,233.27000427246094
XLP,SPDR Select Sector Fund - Consumer Staples,79.58000183105469
XLRE,Real Estate Select Sector SPDR Fund (The),42.65039825439453
XLSR,SPDR SSGA U.S. Sector Rotation ETF,53.650001525878906
XLU,SPDR Select Sector Fund - Utilities,77.56999969482422
XLV,SPDR Select Sector Fund - Health Care,148.08999633789062
XLY,SPDR Select Sector Fund - Consumer Discretionary,209.4600067138672
XME,SPDR S&P Metals & Mining ETF,69.93499755859375
XMHQ,Invesco S&P MidCap Quality ETF,105.3499984741211
XMLV,Invesco S&P MidCap Low Volatility ETF,63.65999984741211
XMMO,Invesco S&P MidCap Momentum ETF,129.67999267578125
XMPT,VanEck Vectors CEF Municipal Income ETF,22.049999237060547
XMVM,Invesco S&P MidCap Value with Momentum ETF,60.26499938964844
XNCR,"Xencor, Inc. - Common Stock",22.68000030517578
XNET,Xunlei Limited - American Depositary Shares,2.0
XNTK,SPDR NYSE Technology ETF,204.88499450683594
XOM,Exxon Mobil Corporation Common Stock,120.94999694824219
XOMA,XOMA Corporation - Common Stock,32.459999084472656
XONE,The ExOne Company - Common Stock,49.54499816894531
XOP,SPDR S&P Oil & Gas Explor & Product,139.97000122070312
XP,XP Inc. - Class A Common Stock,17.93000030517578
XPEL,"XPEL, Inc. - Common Stock",41.7599983215332
XPER,Xperi Corporation  - Common Stock,9.930000305175781
XPH,SPDR S&P Pharmaceuticals ETF,47.119998931884766
XPL,Solitario Zinc Corp. Common Stock,0.6255000233650208
XPO,"XPO Logistics, Inc.",151.7100067138672
XPP,ProShares Ultra FTSE China 50,20.200000762939453
XRAY,DENTSPLY SIRONA Inc. - Common Stock,23.979999542236328
XRLV,Invesco S&P 500 ex-Rate Sensitive Low Volatility ETF,54.810001373291016
XRT,SPDR S&P Retail ETF,78.87000274658203
XRX,Xerox Holdings Corporation Common Stock,9.0
XSD,SPDR S&P Semiconductor ETF,246.9149932861328
XSHD,Invesco S&P SmallCap High Dividend Low Volatility ETF,15.427800178527832
XSHQ,Invesco S&P SmallCap Quality ETF,46.900001525878906
XSLV,Invesco S&P SmallCap Low Volatility ETF,50.829898834228516
XSMO,Invesco S&P SmallCap Momentum ETF,72.12000274658203
XSOE,WisdomTree Emerging Markets Ex-State Owned Enterprises Fund,32.349998474121094
XSVM,Invesco S&P SmallCap Value with Momentum ETF,59.255001068115234
XSW,SPDR S&P Software & Services ETF,180.08999633789062
XT,iShares Exponential Technologies ETF,60.779998779296875
XTL,SPDR S&P Telecom ETF,106.41000366210938
XTLB,XTL Biopharmaceuticals Ltd. - American Depositary Shares,1.809999942779541
XTN,SPDR S&P Transportation ETF,91.83000183105469
XTNT,"Xtant Medical Holdings, Inc. Common Stock",0.5310999751091003
XXII,"22nd Century Group, Inc. Common Stock",0.10300000011920929
XYF,"X Financial American Depositary Shares, each representing two Class A Ordinary Shares",6.590000152587891
XYL,Xylem Inc. Common Stock New,123.73999786376953
YANG,Direxion Daily FTSE China Bear 3x Shares,72.4000015258789
YCBD,"cbdMD, Inc. Common Stock",0.44510000944137573
YCL,ProShares Ultra Yen,21.260000228881836
YCS,ProShares UltraShort Yen New,90.62000274658203
YELP,Yelp Inc. Common Stock,36.630001068115234
YETI,"YETI Holdings, Inc. Common Stock",36.13999938964844
YEXT,"Yext, Inc. Common Stock",7.59499979019165
YI,"111, Inc. - American Depositary Shares",0.6732000112533569
YINN,Direxion Daily FTSE China Bull 3x Shares,33.209999084472656
YJ,Yunji Inc. - American Depository Shares,1.590000033378601
YLD,Principal Active Income ETF,19.31999969482422
YLDE,ClearBridge Dividend Strategy ESG ETF,52.0900993347168
YMAB,"Y-mAbs Therapeutics, Inc. - Common Stock",15.6899995803833
YOLO,AdvisorShares Pure Cannabis ETF,2.799999952316284
YORW,The York Water Company - Common Stock,38.150001525878906
YPF,YPF Sociedad Anonima Common Stock,28.245500564575195
YRD,"Yiren Digital Ltd. American Depositary Shares, each representing two ordinary shares",5.940000057220459
YTEN,"Yield10 Bioscience, Inc.  - Common Stock",0.5403000116348267
YTRA,"Yatra Online, Inc. - Ordinary Shares",1.350000023841858
YUM,"Yum! Brands, Inc.",134.32000732421875
YUMC,"Yum China Holdings, Inc. Common Stock",49.79999923706055
YXI,ProShares Short FTSE China 50,13.628100395202637
YY,JOYY Inc. - American Depositary Shares,34.0
YYY,Amplify High Income ETF,12.039999961853027
Z,"Zillow Group, Inc. - Class C Capital Stock",58.68000030517578
ZBH,"Zimmer Biomet Holdings, Inc. Common Stock",110.19499969482422
ZBRA,Zebra Technologies Corporation - Class A Common Stock,394.0199890136719
ZCMD,Zhongchao Inc. - Class A Ordinary Shares,1.2300000190734863
ZDGE,"Zedge, Inc. Class B Common Stock ",2.700000047683716
ZEUS,"Olympic Steel, Inc. - Common Stock",41.7400016784668
ZG,"Zillow Group, Inc. - Class A Common Stock",56.08000183105469
ZIG,The Acquirers Fund,42.060001373291016
ZION,Zions Bancorporation N.A. - Common Stock,60.349998474121094
ZIONL,"Zions Bancorporation N.A. - 6.95% Fixed-to-Floating Rate Subordinated Notes due September 15, 2028",26.200000762939453
ZIONO,Zions Bancorporation N.A. - Depositary Shares each representing a 1/40th ownership interest in a share of Series G Fixed/Floating-Rate Non-Cumulative Perpetual Preferred Stock,26.795000076293945
ZIONP,Zions Bancorporation N.A. - Depositary Shares each representing a 1/40th ownership interest in a share of Series A Floating-Rate Non-Cumulative Perpetual Preferred Stock,22.777599334716797
ZKIN,"ZK International Group Co., Ltd - Ordinary Share",0.5473999977111816
ZLAB,Zai Lab Limited - American Depositary Shares,30.299999237060547
ZM,"Zoom Video Communications, Inc. - Class A Common Stock",79.69000244140625
ZOM,Zomedica Pharmaceuticals Corp. Common Shares,0.1216999962925911
ZROZ,PIMCO 25  Year Zero Coupon U.S. Treasury Index Exchange-Traded Fund,72.86000061035156
ZS,"Zscaler, Inc. - Common Stock",193.02999877929688
ZSL,ProShares UltraShort Silver,9.270000457763672
ZTO,"ZTO Express (Cayman) Inc. American Depositary Shares, each representing one Class A ordinary share.",22.690000534057617
ZTR,Virtus Total Return Fund Inc.,5.860000133514404
ZTS,Zoetis Inc. Class A Common Stock,170.3699951171875
ZUMZ,Zumiez Inc. - Common Stock,22.09000015258789
ZUO,"Zuora, Inc. Class A Common Stock",9.920000076293945
ZYME,Zymeworks Inc. Common Shares,15.609999656677246
ZYXI,"Zynex, Inc. - Common Stock",9.210000038146973
